[
    {
        "paragraph": "无人机快递配送任务\n执行时间\n：2023年11月15日 09:00 – 11:30\n执行地点\n：上海市浦东新区快递配送中心（坐标：31.2304°N, 121.4737°E）\n执行者\n：\nUAV-01\n：负责配送至上海市浦东新区世纪公园附近的快递\nUAV-02\n：负责配送至上海市浦东新区张江高科技园区附近的快递\nUAV-03\n：负责配送至上海市浦东新区陆家嘴金融中心附近的快递\n任务优先级\n：高（确保快递在高峰时段快速、准确送达）\n重要性\n：高（满足客户对快递时效性的需求）\n操作步骤\n：\nUAV-01\n于2023年11月15日09:00从快递配送中心起飞，执行以下任务：\n- 起飞后5分钟内，到达世纪公园附近的指定投放点（坐标：31.2275°N, 121.4950°E）\n- 9:10投放快递至指定收件人，快递编号：123456\n- 投放后立即返回快递配送中心，预计9:20返回\n\nUAV-02\n于2023年11月15日09:05从快递配送中心起飞，执行以下任务：\n- 起飞后7分钟内，到达张江高科技园区附近的指定投放点（坐标：31.2298°N, 121.5080°E）\n- 9:12投放快递至指定收件人，快递编号：",
        "key_message": "无人机名字或代号：UAV-01、UAV-02、UAV-03  \n时间：2023年11月15日 09:00 – 11:30、2023年11月15日 09:00、2023年11月15日 09:05、9:10、9:20、9:12  \n地点：上海市浦东新区快递配送中心（坐标：31.2304°N, 121.4737°E）、世纪公园附近的指定投放点（坐标：31.2275°N, 121.4950°E）、张江高科技园区附近的指定投放点（坐标：31.2298°N, 121.5080°E）  \n任务优先级重要性：高  \n任务描述信息：  \n- UAV-01从快递配送中心起飞，到达世纪公园附近的指定投放点，投放快递至指定收件人（快递编号：123456），然后返回快递配送中心。  \n- UAV-02从快递配送中心起飞，到达张江高科技园区附近的指定投放点，投放快递至指定收件人。"
    },
    {
        "paragraph": "1.5080°E）\n- 9:12投放快递至指定收件人，快递编号：654321\n- 投放后立即返回快递配送中心，预计9:22返回\n\nUAV-03\n于2023年11月15日09:10从快递配送中心起飞，执行以下任务：\n- 起飞后10分钟内，到达陆家嘴金融中心附近的指定投放点（坐标：31.2260°N, 121.5070°E）\n- 9:15投放快递至指定收件人，快递编号：789012\n- 投放后立即返回快递配送中心，预计9:25返回\n\n————————————————————————————————————————————————————————————————————————————————-",
        "key_message": "无人机名字或代号：UAV-03  \n时间：2023年11月15日09:10、9:12、9:15、9:22、9:25  \n地点：快递配送中心、陆家嘴金融中心附近的指定投放点（坐标：31.2260°N, 121.5070°E）、指定收件人位置  \n任务优先级重要性：未提及  \n任务描述信息：从快递配送中心起飞，到达陆家嘴金融中心附近的指定投放点，投放快递至指定收件人，然后返回快递配送中心；投放快递至指定收件人，快递编号：654321；投放快递至指定收件人，快递编号：789012；投放后立即返回快递配送中心。"
    },
    {
        "paragraph": "无人机紧急快递配送任务\n执行时间\n：2023年11月15日 12:00 – 14:00\n执行地点\n：上海市浦东新区快递配送中心（坐标：31.2304°N, 121.4737°E）\n执行者\n：\nUAV-04\n：负责配送至上海市浦东新区国际医学中心附近的紧急快递\nUAV-05\n：负责配送至上海市浦东新区东方医院附近的紧急快递\n任务优先级\n：最高（确保紧急快递在紧急情况下快速送达）\n重要性\n：最高（满足紧急医疗需求）\n操作步骤\n：\nUAV-04\n于2023年11月15日12:00从快递配送中心起飞，执行以下任务：\n- 起飞后3分钟内，到达国际医学中心附近的指定投放点（坐标：31.2290°N, 121.4965°E）\n- 12:05投放紧急快递至指定收件人，快递编号：321654\n- 投放后立即返回快递配送中心，预计12:15返回\n\nUAV-05\n于2023年11月15日12:05从快递配送中心起飞，执行以下任务：\n- 起飞后5分钟内，到达东方医院附近的指定投放点（坐标：31.2240°N, 121.5035°E）\n- 12:10投放紧急快递至指定收件人，快递编号：987654\n- 投放后立即返回快递配送中心，预计",
        "key_message": "无人机名字或代号：UAV-04、UAV-05  \n时间：2023年11月15日 12:00 – 14:00、2023年11月15日 12:00、2023年11月15日 12:05  \n地点：上海市浦东新区快递配送中心（坐标：31.2304°N, 121.4737°E）、国际医学中心附近的指定投放点（坐标：31.2290°N, 121.4965°E）、东方医院附近的指定投放点（坐标：31.2240°N, 121.5035°E）  \n任务优先级重要性：最高（确保紧急快递在紧急情况下快速送达）、最高（满足紧急医疗需求）  \n任务描述信息：  \n- UAV-04于2023年11月15日12:00从快递配送中心起飞，到达国际医学中心附近的指定投放点，12:05投放紧急快递至指定收件人（快递编号：321654），投放后立即返回快递配送中心，预计12:15返回。  \n- UAV-05于2023年11月15日12:05从快递配送中心起飞，到达东方医院附近的指定投放点，12:10投放紧急快递至指定收件人（快递编号：987654），投放后立即返回快递配送中心。"
    },
    {
        "paragraph": "人，快递编号：987654\n- 投放后立即返回快递配送中心，预计12:20返回\n\n————————————————————————————————————————————————————————————————————————————————-",
        "key_message": "无人机名字或代号：未提及  \n时间：12:20  \n地点：快递配送中心  \n任务优先级重要性：未提及  \n任务描述信息：投放后立即返回"
    },
    {
        "paragraph": "无人机夜间快递配送任务\n执行时间\n：2023年11月15日 18:00 – 20:00\n执行地点\n：上海市浦东新区快递配送中心（坐标：31.2304°N, 121.4737°E）\n执行者\n：\nUAV-06\n：负责配送至上海市浦东新区金桥国际社区附近的快递\nUAV-07\n：负责配送至上海市浦东新区洋泾社区附近的快递\n任务优先级\n：中（确保夜间快递送达，但非紧急情况）\n重要性\n：中（满足夜间快递需求）\n操作步骤\n：\nUAV-06\n于2023年11月15日18:00从快递配送中心起飞，执行以下任务：\n- 起飞后5分钟内，到达金桥国际社区附近的指定投放点（坐标：31.2235°N, 121.5050°E）\n- 18:05投放快递至指定收件人，快递编号：456789\n- 投放后立即返回快递配送中心，预计18:15返回\n\nUAV-07\n于2023年11月15日18:10从快递配送中心起飞，执行以下任务：\n- 起飞后7分钟内，到达洋泾社区附近的指定投放点（坐标：31.2250°N, 121.4970°E）\n- 18:17投放快递至指定收件人，快递编号：123456\n- 投放后立即返回快递配送中心，预计18:27返回",
        "key_message": "无人机名字或代号：UAV-06、UAV-07  \n时间：2023年11月15日 18:00 – 20:00、2023年11月15日 18:00、2023年11月15日 18:05、2023年11月15日 18:10、2023年11月15日 18:15、2023年11月15日 18:17、2023年11月15日 18:27  \n地点：上海市浦东新区快递配送中心（坐标：31.2304°N, 121.4737°E）、金桥国际社区附近的指定投放点（坐标：31.2235°N, 121.5050°E）、洋泾社区附近的指定投放点（坐标：31.2250°N, 121.4970°E）  \n任务优先级重要性：中  \n任务描述信息：  \n- UAV-06于2023年11月15日18:00从快递配送中心起飞，到达金桥国际社区附近的指定投放点，18:05投放快递至指定收件人（快递编号：456789），投放后立即返回快递配送中心，预计18:15返回。  \n- UAV-07于2023年11月15日18:10从快递配送中心起飞，到达洋泾社区附近的指定投放点，18:17投放快递至指定收件人（快递编号：123456），投放后立即返回快递配送中心，预计18:27返回。"
    }
]