[
    {
        "content2_para": "**快递-UAV1: 负责快递包裹的装载与配送**\n实体关系：快递包裹\n时间：2024年11月15日 08:00 – 12:00\n地点：北京市朝阳区某快递分拨中心（39.9161°N, 116.3974°E）至北京市海淀区某居民区（39.9842°N, 116.3227°E）\n任务优先级重要性：高\n具体任务：装载编号“京速递-12345”快递包裹，按预定航线起飞并配送。",
        "matches": [
            {
                "content1_para": "无人机快递配送任务\n\n执行时间：\n2024年11月15日 08:00 – 12:00\n\n执行地点：\n北京市朝阳区某快递分拨中心（坐标：39.9161°N, 116.3974°E）至北京市海淀区某居民区（坐标：39.9842°N, 116.3227°E）\n\n执行者：\n快递-UAV1\n：负责快递包裹的装载与配送\n快递-UAV2\n：负责辅助导航与实时监控\n快递-UAV3\n：负责数据记录与异常情况处理\n\n任务优先级：\n高（确保快递准时送达，提高配送效率）\n\n操作步骤：\n————————————————————————————————————————————————————————————————————————————————-\n\n1.1 快递包裹装载\n快递-UAV1\n于2024年11月15日08:00在快递分拨中心启动，将编号为“京速递-12345”的快递包裹装载至无人机货舱。\n\n1.2 起飞与航路规划\n快递-UAV1\n于2024年11月15日08:10按预定航线起飞，快递-UAV2同步起飞进行辅助导航。\n快递-UAV2\n于2024年11月15日08:15通过GPS定位系统规划最优航线，确保飞行高度在100米以下，",
                "content1_msg": "无人机名字或代号：快递-UAV1、快递-UAV2、快递-UAV3  \n时间：2024年11月15日 08:00 – 12:00、2024年11月15日08:00、2024年11月15日08:10、2024年11月15日08:15  \n地点：北京市朝阳区某快递分拨中心（坐标：39.9161°N, 116.3974°E）、北京市海淀区某居民区（坐标：39.9842°N, 116.3227°E）  \n任务优先级重要性：高  \n任务描述信息：快递-UAV1负责快递包裹的装载与配送；快递-UAV2负责辅助导航与实时监控；快递-UAV3负责数据记录与异常情况处理；快递-UAV1于2024年11月15日08:00在快递分拨中心启动，将编号为“京速递-12345”的快递包裹装载至无人机货舱；快递-UAV1于2024年11月15日08:10按预定航线起飞，快递-UAV2同步起飞进行辅助导航；快递-UAV2于2024年11月15日08:15通过GPS定位系统规划最优航线，确保飞行高度在100米以下。",
                "similarity": 0.8588449852813667
            },
            {
                "content1_para": "快递配送任务异常处理\n\n执行时间：\n2024年11月15日 12:00 – 13:00\n\n执行地点：\n北京市海淀区某居民区（坐标：39.9842°N, 116.3227°E）\n\n执行者：\n快递-UAV3\n：负责数据记录与异常情况处理\n\n任务优先级：\n中（确保在异常情况下快速响应）\n\n操作步骤：\n————————————————————————————————————————————————————————————————————————————————-\n\n2.1 异常检测\n快递-UAV3\n于2024年11月15日12:00接收快递-UAV1的数据回传，监控飞行路径与速度。\n\n2.2 异常确认\n快递-UAV3\n于2024年11月15日12:05发现快递-UAV1飞行路径异常，速度低于正常值。\n\n2.3 异常处理\n快递-UAV3\n于2024年11月15日12:10向指挥中心报告异常情况，并指令快递-UAV1进行自我检查。\n快递-UAV1\n于2024年11月15日12:15进行自我检查，确认电池电量充足，GPS定位正常。\n\n2.4 异常解除与返航\n快递-UAV3\n于2024年11月15日12:20确认异常已解除，",
                "content1_msg": "无人机名字或代号：快递-UAV3、快递-UAV1  \n时间：2024年11月15日 12:00 – 13:00、2024年11月15日12:00、2024年11月15日12:05、2024年11月15日12:10、2024年11月15日12:15、2024年11月15日12:20  \n地点：北京市海淀区某居民区（坐标：39.9842°N, 116.3227°E）  \n任务优先级重要性：中  \n任务描述信息：接收快递-UAV1的数据回传，监控飞行路径与速度；发现快递-UAV1飞行路径异常，速度低于正常值；向指挥中心报告异常情况，并指令快递-UAV1进行自我检查；确认异常已解除。",
                "similarity": 0.7393141143909867
            }
        ]
    },
    {
        "content2_para": "**快递-UAV2: 负责辅助导航与实时监控**\n实体关系：导航与监控\n时间：2024年11月15日 08:00 – 12:00\n地点：空中预定航线\n任务优先级重要性：高\n具体任务：同步起飞辅助快递-UAV1导航，实时监控飞行路径，确保避开高层建筑。",
        "matches": [
            {
                "content1_para": "无人机快递配送任务\n\n执行时间：\n2024年11月15日 08:00 – 12:00\n\n执行地点：\n北京市朝阳区某快递分拨中心（坐标：39.9161°N, 116.3974°E）至北京市海淀区某居民区（坐标：39.9842°N, 116.3227°E）\n\n执行者：\n快递-UAV1\n：负责快递包裹的装载与配送\n快递-UAV2\n：负责辅助导航与实时监控\n快递-UAV3\n：负责数据记录与异常情况处理\n\n任务优先级：\n高（确保快递准时送达，提高配送效率）\n\n操作步骤：\n————————————————————————————————————————————————————————————————————————————————-\n\n1.1 快递包裹装载\n快递-UAV1\n于2024年11月15日08:00在快递分拨中心启动，将编号为“京速递-12345”的快递包裹装载至无人机货舱。\n\n1.2 起飞与航路规划\n快递-UAV1\n于2024年11月15日08:10按预定航线起飞，快递-UAV2同步起飞进行辅助导航。\n快递-UAV2\n于2024年11月15日08:15通过GPS定位系统规划最优航线，确保飞行高度在100米以下，",
                "content1_msg": "无人机名字或代号：快递-UAV1、快递-UAV2、快递-UAV3  \n时间：2024年11月15日 08:00 – 12:00、2024年11月15日08:00、2024年11月15日08:10、2024年11月15日08:15  \n地点：北京市朝阳区某快递分拨中心（坐标：39.9161°N, 116.3974°E）、北京市海淀区某居民区（坐标：39.9842°N, 116.3227°E）  \n任务优先级重要性：高  \n任务描述信息：快递-UAV1负责快递包裹的装载与配送；快递-UAV2负责辅助导航与实时监控；快递-UAV3负责数据记录与异常情况处理；快递-UAV1于2024年11月15日08:00在快递分拨中心启动，将编号为“京速递-12345”的快递包裹装载至无人机货舱；快递-UAV1于2024年11月15日08:10按预定航线起飞，快递-UAV2同步起飞进行辅助导航；快递-UAV2于2024年11月15日08:15通过GPS定位系统规划最优航线，确保飞行高度在100米以下。",
                "similarity": 0.7689722775364184
            },
            {
                "content1_para": "快递配送任务异常处理\n\n执行时间：\n2024年11月15日 12:00 – 13:00\n\n执行地点：\n北京市海淀区某居民区（坐标：39.9842°N, 116.3227°E）\n\n执行者：\n快递-UAV3\n：负责数据记录与异常情况处理\n\n任务优先级：\n中（确保在异常情况下快速响应）\n\n操作步骤：\n————————————————————————————————————————————————————————————————————————————————-\n\n2.1 异常检测\n快递-UAV3\n于2024年11月15日12:00接收快递-UAV1的数据回传，监控飞行路径与速度。\n\n2.2 异常确认\n快递-UAV3\n于2024年11月15日12:05发现快递-UAV1飞行路径异常，速度低于正常值。\n\n2.3 异常处理\n快递-UAV3\n于2024年11月15日12:10向指挥中心报告异常情况，并指令快递-UAV1进行自我检查。\n快递-UAV1\n于2024年11月15日12:15进行自我检查，确认电池电量充足，GPS定位正常。\n\n2.4 异常解除与返航\n快递-UAV3\n于2024年11月15日12:20确认异常已解除，",
                "content1_msg": "无人机名字或代号：快递-UAV3、快递-UAV1  \n时间：2024年11月15日 12:00 – 13:00、2024年11月15日12:00、2024年11月15日12:05、2024年11月15日12:10、2024年11月15日12:15、2024年11月15日12:20  \n地点：北京市海淀区某居民区（坐标：39.9842°N, 116.3227°E）  \n任务优先级重要性：中  \n任务描述信息：接收快递-UAV1的数据回传，监控飞行路径与速度；发现快递-UAV1飞行路径异常，速度低于正常值；向指挥中心报告异常情况，并指令快递-UAV1进行自我检查；确认异常已解除。",
                "similarity": 0.7072878295806978
            }
        ]
    },
    {
        "content2_para": "**快递-UAV3: 负责数据记录与异常情况处理**\n实体关系：数据记录与异常处理\n时间：2024年11月15日 08:00 – 12:00\n地点：空中预定航线\n任务优先级重要性：高\n具体任务：记录飞行数据，监控快递-UAV1的飞行路径与速度。",
        "matches": [
            {
                "content1_para": "快递配送任务异常处理\n\n执行时间：\n2024年11月15日 12:00 – 13:00\n\n执行地点：\n北京市海淀区某居民区（坐标：39.9842°N, 116.3227°E）\n\n执行者：\n快递-UAV3\n：负责数据记录与异常情况处理\n\n任务优先级：\n中（确保在异常情况下快速响应）\n\n操作步骤：\n————————————————————————————————————————————————————————————————————————————————-\n\n2.1 异常检测\n快递-UAV3\n于2024年11月15日12:00接收快递-UAV1的数据回传，监控飞行路径与速度。\n\n2.2 异常确认\n快递-UAV3\n于2024年11月15日12:05发现快递-UAV1飞行路径异常，速度低于正常值。\n\n2.3 异常处理\n快递-UAV3\n于2024年11月15日12:10向指挥中心报告异常情况，并指令快递-UAV1进行自我检查。\n快递-UAV1\n于2024年11月15日12:15进行自我检查，确认电池电量充足，GPS定位正常。\n\n2.4 异常解除与返航\n快递-UAV3\n于2024年11月15日12:20确认异常已解除，",
                "content1_msg": "无人机名字或代号：快递-UAV3、快递-UAV1  \n时间：2024年11月15日 12:00 – 13:00、2024年11月15日12:00、2024年11月15日12:05、2024年11月15日12:10、2024年11月15日12:15、2024年11月15日12:20  \n地点：北京市海淀区某居民区（坐标：39.9842°N, 116.3227°E）  \n任务优先级重要性：中  \n任务描述信息：接收快递-UAV1的数据回传，监控飞行路径与速度；发现快递-UAV1飞行路径异常，速度低于正常值；向指挥中心报告异常情况，并指令快递-UAV1进行自我检查；确认异常已解除。",
                "similarity": 0.7657933149475478
            },
            {
                "content1_para": "无人机快递配送任务\n\n执行时间：\n2024年11月15日 08:00 – 12:00\n\n执行地点：\n北京市朝阳区某快递分拨中心（坐标：39.9161°N, 116.3974°E）至北京市海淀区某居民区（坐标：39.9842°N, 116.3227°E）\n\n执行者：\n快递-UAV1\n：负责快递包裹的装载与配送\n快递-UAV2\n：负责辅助导航与实时监控\n快递-UAV3\n：负责数据记录与异常情况处理\n\n任务优先级：\n高（确保快递准时送达，提高配送效率）\n\n操作步骤：\n————————————————————————————————————————————————————————————————————————————————-\n\n1.1 快递包裹装载\n快递-UAV1\n于2024年11月15日08:00在快递分拨中心启动，将编号为“京速递-12345”的快递包裹装载至无人机货舱。\n\n1.2 起飞与航路规划\n快递-UAV1\n于2024年11月15日08:10按预定航线起飞，快递-UAV2同步起飞进行辅助导航。\n快递-UAV2\n于2024年11月15日08:15通过GPS定位系统规划最优航线，确保飞行高度在100米以下，",
                "content1_msg": "无人机名字或代号：快递-UAV1、快递-UAV2、快递-UAV3  \n时间：2024年11月15日 08:00 – 12:00、2024年11月15日08:00、2024年11月15日08:10、2024年11月15日08:15  \n地点：北京市朝阳区某快递分拨中心（坐标：39.9161°N, 116.3974°E）、北京市海淀区某居民区（坐标：39.9842°N, 116.3227°E）  \n任务优先级重要性：高  \n任务描述信息：快递-UAV1负责快递包裹的装载与配送；快递-UAV2负责辅助导航与实时监控；快递-UAV3负责数据记录与异常情况处理；快递-UAV1于2024年11月15日08:00在快递分拨中心启动，将编号为“京速递-12345”的快递包裹装载至无人机货舱；快递-UAV1于2024年11月15日08:10按预定航线起飞，快递-UAV2同步起飞进行辅助导航；快递-UAV2于2024年11月15日08:15通过GPS定位系统规划最优航线，确保飞行高度在100米以下。",
                "similarity": 0.7485669072704876
            }
        ]
    },
    {
        "content2_para": "**快递-UAV3: 负责数据记录与异常情况处理**\n实体关系：异常情况处理\n时间：2024年11月15日 12:00 – 13:00\n地点：北京市海淀区某居民区（39.9842°N, 116.3227°E）\n任务优先级重要性：中\n具体任务：接收快递-UAV1的数据回传，监控飞行路径，处理飞行路径异常情况。",
        "matches": [
            {
                "content1_para": "快递配送任务异常处理\n\n执行时间：\n2024年11月15日 12:00 – 13:00\n\n执行地点：\n北京市海淀区某居民区（坐标：39.9842°N, 116.3227°E）\n\n执行者：\n快递-UAV3\n：负责数据记录与异常情况处理\n\n任务优先级：\n中（确保在异常情况下快速响应）\n\n操作步骤：\n————————————————————————————————————————————————————————————————————————————————-\n\n2.1 异常检测\n快递-UAV3\n于2024年11月15日12:00接收快递-UAV1的数据回传，监控飞行路径与速度。\n\n2.2 异常确认\n快递-UAV3\n于2024年11月15日12:05发现快递-UAV1飞行路径异常，速度低于正常值。\n\n2.3 异常处理\n快递-UAV3\n于2024年11月15日12:10向指挥中心报告异常情况，并指令快递-UAV1进行自我检查。\n快递-UAV1\n于2024年11月15日12:15进行自我检查，确认电池电量充足，GPS定位正常。\n\n2.4 异常解除与返航\n快递-UAV3\n于2024年11月15日12:20确认异常已解除，",
                "content1_msg": "无人机名字或代号：快递-UAV3、快递-UAV1  \n时间：2024年11月15日 12:00 – 13:00、2024年11月15日12:00、2024年11月15日12:05、2024年11月15日12:10、2024年11月15日12:15、2024年11月15日12:20  \n地点：北京市海淀区某居民区（坐标：39.9842°N, 116.3227°E）  \n任务优先级重要性：中  \n任务描述信息：接收快递-UAV1的数据回传，监控飞行路径与速度；发现快递-UAV1飞行路径异常，速度低于正常值；向指挥中心报告异常情况，并指令快递-UAV1进行自我检查；确认异常已解除。",
                "similarity": 0.8256263934937043
            },
            {
                "content1_para": "无人机快递配送任务\n\n执行时间：\n2024年11月15日 08:00 – 12:00\n\n执行地点：\n北京市朝阳区某快递分拨中心（坐标：39.9161°N, 116.3974°E）至北京市海淀区某居民区（坐标：39.9842°N, 116.3227°E）\n\n执行者：\n快递-UAV1\n：负责快递包裹的装载与配送\n快递-UAV2\n：负责辅助导航与实时监控\n快递-UAV3\n：负责数据记录与异常情况处理\n\n任务优先级：\n高（确保快递准时送达，提高配送效率）\n\n操作步骤：\n————————————————————————————————————————————————————————————————————————————————-\n\n1.1 快递包裹装载\n快递-UAV1\n于2024年11月15日08:00在快递分拨中心启动，将编号为“京速递-12345”的快递包裹装载至无人机货舱。\n\n1.2 起飞与航路规划\n快递-UAV1\n于2024年11月15日08:10按预定航线起飞，快递-UAV2同步起飞进行辅助导航。\n快递-UAV2\n于2024年11月15日08:15通过GPS定位系统规划最优航线，确保飞行高度在100米以下，",
                "content1_msg": "无人机名字或代号：快递-UAV1、快递-UAV2、快递-UAV3  \n时间：2024年11月15日 08:00 – 12:00、2024年11月15日08:00、2024年11月15日08:10、2024年11月15日08:15  \n地点：北京市朝阳区某快递分拨中心（坐标：39.9161°N, 116.3974°E）、北京市海淀区某居民区（坐标：39.9842°N, 116.3227°E）  \n任务优先级重要性：高  \n任务描述信息：快递-UAV1负责快递包裹的装载与配送；快递-UAV2负责辅助导航与实时监控；快递-UAV3负责数据记录与异常情况处理；快递-UAV1于2024年11月15日08:00在快递分拨中心启动，将编号为“京速递-12345”的快递包裹装载至无人机货舱；快递-UAV1于2024年11月15日08:10按预定航线起飞，快递-UAV2同步起飞进行辅助导航；快递-UAV2于2024年11月15日08:15通过GPS定位系统规划最优航线，确保飞行高度在100米以下。",
                "similarity": 0.7812400160498988
            }
        ]
    },
    {
        "content2_para": "- 12:00 - 12:05：监控飞行路径与速度，发现异常。\n- 12:10 - 12:15：向指挥中心报告，指令快递-UAV1进行自我检查。\n- 12:20 - 12:25：确认异常已解除，指令快递-UAV1继续返航。",
        "matches": [
            {
                "content1_para": "递-UAV3\n于2024年11月15日12:20确认异常已解除，指令快递-UAV1继续返航。\n快递-UAV1\n于2024年11月15日12:25开始返航，快递-UAV3继续监控飞行路径。\n\n————————————————————————————————————————————————————————————————————————————————-",
                "content1_msg": "无人机名字或代号：递-UAV3、快递-UAV1、快递-UAV3  \n时间：2024年11月15日12:20、2024年11月15日12:25  \n地点：未提及  \n任务优先级重要性：未提及  \n任务描述信息：确认异常已解除、继续返航、监控飞行路径",
                "similarity": 0.7243876275106244
            },
            {
                "content1_para": "快递配送任务异常处理\n\n执行时间：\n2024年11月15日 12:00 – 13:00\n\n执行地点：\n北京市海淀区某居民区（坐标：39.9842°N, 116.3227°E）\n\n执行者：\n快递-UAV3\n：负责数据记录与异常情况处理\n\n任务优先级：\n中（确保在异常情况下快速响应）\n\n操作步骤：\n————————————————————————————————————————————————————————————————————————————————-\n\n2.1 异常检测\n快递-UAV3\n于2024年11月15日12:00接收快递-UAV1的数据回传，监控飞行路径与速度。\n\n2.2 异常确认\n快递-UAV3\n于2024年11月15日12:05发现快递-UAV1飞行路径异常，速度低于正常值。\n\n2.3 异常处理\n快递-UAV3\n于2024年11月15日12:10向指挥中心报告异常情况，并指令快递-UAV1进行自我检查。\n快递-UAV1\n于2024年11月15日12:15进行自我检查，确认电池电量充足，GPS定位正常。\n\n2.4 异常解除与返航\n快递-UAV3\n于2024年11月15日12:20确认异常已解除，",
                "content1_msg": "无人机名字或代号：快递-UAV3、快递-UAV1  \n时间：2024年11月15日 12:00 – 13:00、2024年11月15日12:00、2024年11月15日12:05、2024年11月15日12:10、2024年11月15日12:15、2024年11月15日12:20  \n地点：北京市海淀区某居民区（坐标：39.9842°N, 116.3227°E）  \n任务优先级重要性：中  \n任务描述信息：接收快递-UAV1的数据回传，监控飞行路径与速度；发现快递-UAV1飞行路径异常，速度低于正常值；向指挥中心报告异常情况，并指令快递-UAV1进行自我检查；确认异常已解除。",
                "similarity": 0.6812031356042115
            }
        ]
    }
]