[
    {
        "paragraph": "无人机快递配送任务\n\n执行时间：\n2024年11月15日 08:00 – 12:00\n\n执行地点：\n北京市朝阳区某快递分拨中心（坐标：39.9161°N, 116.3974°E）至北京市海淀区某居民区（坐标：39.9842°N, 116.3227°E）\n\n执行者：\n快递-UAV1\n：负责快递包裹的装载与配送\n快递-UAV2\n：负责辅助导航与实时监控\n快递-UAV3\n：负责数据记录与异常情况处理\n\n任务优先级：\n高（确保快递准时送达，提高配送效率）\n\n操作步骤：\n————————————————————————————————————————————————————————————————————————————————-\n\n1.1 快递包裹装载\n快递-UAV1\n于2024年11月15日08:00在快递分拨中心启动，将编号为“京速递-12345”的快递包裹装载至无人机货舱。\n\n1.2 起飞与航路规划\n快递-UAV1\n于2024年11月15日08:10按预定航线起飞，快递-UAV2同步起飞进行辅助导航。\n快递-UAV2\n于2024年11月15日08:15通过GPS定位系统规划最优航线，确保飞行高度在100米以下，",
        "key_message": "无人机名字或代号：快递-UAV1、快递-UAV2、快递-UAV3  \n时间：2024年11月15日 08:00 – 12:00、2024年11月15日08:00、2024年11月15日08:10、2024年11月15日08:15  \n地点：北京市朝阳区某快递分拨中心（坐标：39.9161°N, 116.3974°E）、北京市海淀区某居民区（坐标：39.9842°N, 116.3227°E）  \n任务优先级重要性：高  \n任务描述信息：快递-UAV1负责快递包裹的装载与配送；快递-UAV2负责辅助导航与实时监控；快递-UAV3负责数据记录与异常情况处理；快递-UAV1于2024年11月15日08:00在快递分拨中心启动，将编号为“京速递-12345”的快递包裹装载至无人机货舱；快递-UAV1于2024年11月15日08:10按预定航线起飞，快递-UAV2同步起飞进行辅助导航；快递-UAV2于2024年11月15日08:15通过GPS定位系统规划最优航线，确保飞行高度在100米以下。"
    },
    {
        "paragraph": "15通过GPS定位系统规划最优航线，确保飞行高度在100米以下，避开高层建筑。\n\n1.3 快递配送\n快递-UAV1\n于2024年11月15日08:30抵达目的地附近，快递-UAV2调整至指定位置进行实时监控。\n快递-UAV1\n于2024年11月15日08:35将快递包裹投递至指定地点。\n\n1.4 快递确认与返航\n快递-UAV1\n于2024年11月15日08:40通过内置摄像头确认快递投递完成，快递-UAV2记录投递时间与位置。\n快递-UAV1\n于2024年11月15日08:45开始返航，快递-UAV2继续监控飞行路径。\n快递-UAV3\n于2024年11月15日08:50接收并记录快递-UAV1的数据回传，包括飞行时间、路径、速度等信息。\n\n————————————————————————————————————————————————————————————————————————————————-",
        "key_message": "无人机名字或代号：快递-UAV1、快递-UAV2、快递-UAV3  \n时间：2024年11月15日08:30、2024年11月15日08:35、2024年11月15日08:40、2024年11月15日08:45、2024年11月15日08:50  \n地点：未提及  \n任务优先级重要性：未提及  \n任务描述信息：抵达目的地附近、调整至指定位置进行实时监控、将快递包裹投递至指定地点、通过内置摄像头确认快递投递完成、开始返航、接收并记录快递-UAV1的数据回传，包括飞行时间、路径、速度等信息。"
    },
    {
        "paragraph": "快递配送任务异常处理\n\n执行时间：\n2024年11月15日 12:00 – 13:00\n\n执行地点：\n北京市海淀区某居民区（坐标：39.9842°N, 116.3227°E）\n\n执行者：\n快递-UAV3\n：负责数据记录与异常情况处理\n\n任务优先级：\n中（确保在异常情况下快速响应）\n\n操作步骤：\n————————————————————————————————————————————————————————————————————————————————-\n\n2.1 异常检测\n快递-UAV3\n于2024年11月15日12:00接收快递-UAV1的数据回传，监控飞行路径与速度。\n\n2.2 异常确认\n快递-UAV3\n于2024年11月15日12:05发现快递-UAV1飞行路径异常，速度低于正常值。\n\n2.3 异常处理\n快递-UAV3\n于2024年11月15日12:10向指挥中心报告异常情况，并指令快递-UAV1进行自我检查。\n快递-UAV1\n于2024年11月15日12:15进行自我检查，确认电池电量充足，GPS定位正常。\n\n2.4 异常解除与返航\n快递-UAV3\n于2024年11月15日12:20确认异常已解除，",
        "key_message": "无人机名字或代号：快递-UAV3、快递-UAV1  \n时间：2024年11月15日 12:00 – 13:00、2024年11月15日12:00、2024年11月15日12:05、2024年11月15日12:10、2024年11月15日12:15、2024年11月15日12:20  \n地点：北京市海淀区某居民区（坐标：39.9842°N, 116.3227°E）  \n任务优先级重要性：中  \n任务描述信息：接收快递-UAV1的数据回传，监控飞行路径与速度；发现快递-UAV1飞行路径异常，速度低于正常值；向指挥中心报告异常情况，并指令快递-UAV1进行自我检查；确认异常已解除。"
    },
    {
        "paragraph": "递-UAV3\n于2024年11月15日12:20确认异常已解除，指令快递-UAV1继续返航。\n快递-UAV1\n于2024年11月15日12:25开始返航，快递-UAV3继续监控飞行路径。\n\n————————————————————————————————————————————————————————————————————————————————-",
        "key_message": "无人机名字或代号：递-UAV3、快递-UAV1、快递-UAV3  \n时间：2024年11月15日12:20、2024年11月15日12:25  \n地点：未提及  \n任务优先级重要性：未提及  \n任务描述信息：确认异常已解除、继续返航、监控飞行路径"
    }
]