[
    {
        "content2_para": "UAV-01:\n实体关系：快递配送\n时间：2025年4月2日 10:00 – 10:15\n地点：北京市朝阳区CBD区域快递配送站\n任务优先级重要性：高\n具体任务：起飞并检查系统，准备空中编队。",
        "matches": [
            {
                "content1_para": "无人机集群快递配送任务\n执行时间\n：2025年4月2日 10:00 – 12:00\n执行地点\n：北京市朝阳区CBD区域快递配送站（坐标：39.9187°N, 116.3974°E）\n执行者\n：\nUAV-01至UAV-05\n：负责北京市朝阳区CBD区域快递配送任务\n任务优先级\n：高（快递时效性要求严格，确保客户满意度）\n重要性\n：高（快递服务是商业活动的重要组成部分，影响企业形象）\n操作步骤\n：\n无人机起飞与准备（2025年4月2日 10:00 – 10:15）\nUAV-01至UAV-05\n依次起飞，在指定区域上空进行空中编队，检查飞行状态，确保所有无人机飞行系统正常。\n\n无人机航线规划与任务分配（2025年4月2日 10:15 – 10:30）\nUAV-01\n负责配送从快递站至朝阳区三环以内区域的快递，包括东方广场、国贸大厦等标志性建筑。\nUAV-02\n负责配送从快递站至朝阳区三环以外的区域，包括望京、亚运村等区域。\nUAV-03\n负责配送从快递站至朝阳区东部区域，包括CBD核心区、财富中心等。\nUAV-04\n负责配送从快递站至朝阳区南部区域，包括CBD商务区、朝阳公园等。\nUAV-05\n负责配送从快递站至朝",
                "content1_msg": "无人机名字或代号：UAV-01、UAV-02、UAV-03、UAV-04、UAV-05  \n时间：2025年4月2日 10:00 – 12:00、2025年4月2日 10:00 – 10:15、2025年4月2日 10:15 – 10:30  \n地点：北京市朝阳区CBD区域快递配送站（坐标：39.9187°N, 116.3974°E）、朝阳区三环以内区域（东方广场、国贸大厦等）、朝阳区三环以外区域（望京、亚运村等）、朝阳区东部区域（CBD核心区、财富中心等）、朝阳区南部区域（CBD商务区、朝阳公园等）  \n任务优先级重要性：高  \n任务描述信息：无人机起飞与准备，依次起飞，在指定区域上空进行空中编队，检查飞行状态，确保所有无人机飞行系统正常；无人机航线规划与任务分配，负责配送从快递站至不同区域的快递任务。",
                "similarity": 0.8383636088889074
            },
            {
                "content1_para": "无人机集群紧急快递配送任务\n执行时间\n：2025年4月3日 14:00 – 16:00\n执行地点\n：北京市海淀区中关村紧急快递配送站（坐标：39.9900°N, 116.3235°E）\n执行者\n：\nUAV-06至UAV-10\n：负责北京市海淀区中关村紧急快递配送任务\n任务优先级\n：最高（紧急快递需要立即配送，影响客户紧急需求）\n重要性\n：高（紧急快递关系到客户的生命安全或重要业务）\n操作步骤\n：\n无人机起飞与准备（2025年4月3日 14:00 – 14:15）\nUAV-06至UAV-10\n依次起飞，在指定区域上空进行空中编队，检查飞行状态，确保所有无人机飞行系统正常。\n\n无人机航线规划与任务分配（2025年4月3日 14:15 – 14:30）\nUAV-06\n负责配送从快递站至中关村核心区，包括清华园、北京大学等。\nUAV-07\n负责配送从快递站至中关村东部区域，包括中关村软件园、中关村科技大厦等。\nUAV-08\n负责配送从快递站至中关村西部区域，包括中关村西区、中关村生命科学园等。\nUAV-09\n负责配送从快递站至中关村南部区域，包括中关村商务区、中关村医院等。\nUAV-10\n负责配送从快递站至中关村北部",
                "content1_msg": "无人机名字或代号：UAV-06、UAV-07、UAV-08、UAV-09、UAV-10  \n时间：2025年4月3日 14:00 – 16:00、2025年4月3日 14:00 – 14:15、2025年4月3日 14:15 – 14:30  \n地点：北京市海淀区中关村紧急快递配送站（坐标：39.9900°N, 116.3235°E）、中关村核心区、清华园、北京大学、中关村东部区域、中关村软件园、中关村科技大厦、中关村西部区域、中关村西区、中关村生命科学园、中关村南部区域、中关村商务区、中关村医院、中关村北部  \n任务优先级重要性：最高（紧急快递需要立即配送，影响客户紧急需求）、高（紧急快递关系到客户的生命安全或重要业务）  \n任务描述信息：无人机起飞与准备，依次起飞，在指定区域上空进行空中编队，检查飞行状态，确保所有无人机飞行系统正常；无人机航线规划与任务分配，负责配送从快递站至不同区域。",
                "similarity": 0.7441685881365183
            }
        ]
    },
    {
        "content2_para": "UAV-02:\n实体关系：快递配送\n时间：2025年4月2日 10:15 – 10:30\n地点：北京市朝阳区CBD区域快递配送站\n任务优先级重要性：高\n具体任务：规划航线，分配配送任务至UAV-01。",
        "matches": [
            {
                "content1_para": "无人机集群快递配送任务\n执行时间\n：2025年4月2日 10:00 – 12:00\n执行地点\n：北京市朝阳区CBD区域快递配送站（坐标：39.9187°N, 116.3974°E）\n执行者\n：\nUAV-01至UAV-05\n：负责北京市朝阳区CBD区域快递配送任务\n任务优先级\n：高（快递时效性要求严格，确保客户满意度）\n重要性\n：高（快递服务是商业活动的重要组成部分，影响企业形象）\n操作步骤\n：\n无人机起飞与准备（2025年4月2日 10:00 – 10:15）\nUAV-01至UAV-05\n依次起飞，在指定区域上空进行空中编队，检查飞行状态，确保所有无人机飞行系统正常。\n\n无人机航线规划与任务分配（2025年4月2日 10:15 – 10:30）\nUAV-01\n负责配送从快递站至朝阳区三环以内区域的快递，包括东方广场、国贸大厦等标志性建筑。\nUAV-02\n负责配送从快递站至朝阳区三环以外的区域，包括望京、亚运村等区域。\nUAV-03\n负责配送从快递站至朝阳区东部区域，包括CBD核心区、财富中心等。\nUAV-04\n负责配送从快递站至朝阳区南部区域，包括CBD商务区、朝阳公园等。\nUAV-05\n负责配送从快递站至朝",
                "content1_msg": "无人机名字或代号：UAV-01、UAV-02、UAV-03、UAV-04、UAV-05  \n时间：2025年4月2日 10:00 – 12:00、2025年4月2日 10:00 – 10:15、2025年4月2日 10:15 – 10:30  \n地点：北京市朝阳区CBD区域快递配送站（坐标：39.9187°N, 116.3974°E）、朝阳区三环以内区域（东方广场、国贸大厦等）、朝阳区三环以外区域（望京、亚运村等）、朝阳区东部区域（CBD核心区、财富中心等）、朝阳区南部区域（CBD商务区、朝阳公园等）  \n任务优先级重要性：高  \n任务描述信息：无人机起飞与准备，依次起飞，在指定区域上空进行空中编队，检查飞行状态，确保所有无人机飞行系统正常；无人机航线规划与任务分配，负责配送从快递站至不同区域的快递任务。",
                "similarity": 0.8245008652031918
            },
            {
                "content1_para": "无人机集群紧急快递配送任务\n执行时间\n：2025年4月3日 14:00 – 16:00\n执行地点\n：北京市海淀区中关村紧急快递配送站（坐标：39.9900°N, 116.3235°E）\n执行者\n：\nUAV-06至UAV-10\n：负责北京市海淀区中关村紧急快递配送任务\n任务优先级\n：最高（紧急快递需要立即配送，影响客户紧急需求）\n重要性\n：高（紧急快递关系到客户的生命安全或重要业务）\n操作步骤\n：\n无人机起飞与准备（2025年4月3日 14:00 – 14:15）\nUAV-06至UAV-10\n依次起飞，在指定区域上空进行空中编队，检查飞行状态，确保所有无人机飞行系统正常。\n\n无人机航线规划与任务分配（2025年4月3日 14:15 – 14:30）\nUAV-06\n负责配送从快递站至中关村核心区，包括清华园、北京大学等。\nUAV-07\n负责配送从快递站至中关村东部区域，包括中关村软件园、中关村科技大厦等。\nUAV-08\n负责配送从快递站至中关村西部区域，包括中关村西区、中关村生命科学园等。\nUAV-09\n负责配送从快递站至中关村南部区域，包括中关村商务区、中关村医院等。\nUAV-10\n负责配送从快递站至中关村北部",
                "content1_msg": "无人机名字或代号：UAV-06、UAV-07、UAV-08、UAV-09、UAV-10  \n时间：2025年4月3日 14:00 – 16:00、2025年4月3日 14:00 – 14:15、2025年4月3日 14:15 – 14:30  \n地点：北京市海淀区中关村紧急快递配送站（坐标：39.9900°N, 116.3235°E）、中关村核心区、清华园、北京大学、中关村东部区域、中关村软件园、中关村科技大厦、中关村西部区域、中关村西区、中关村生命科学园、中关村南部区域、中关村商务区、中关村医院、中关村北部  \n任务优先级重要性：最高（紧急快递需要立即配送，影响客户紧急需求）、高（紧急快递关系到客户的生命安全或重要业务）  \n任务描述信息：无人机起飞与准备，依次起飞，在指定区域上空进行空中编队，检查飞行状态，确保所有无人机飞行系统正常；无人机航线规划与任务分配，负责配送从快递站至不同区域。",
                "similarity": 0.7308547698194282
            }
        ]
    },
    {
        "content2_para": "UAV-03:\n实体关系：快递配送\n时间：2025年4月2日 10:30 – 11:45\n地点：朝阳区三环以内区域\n任务优先级重要性：高\n具体任务：从快递站起飞，前往东方广场，按航线投递快递。",
        "matches": [
            {
                "content1_para": "括CBD商务区、朝阳公园等。\nUAV-05\n负责配送从快递站至朝阳区西部区域，包括五道口、清华科技园等。\n\n无人机配送执行（2025年4月2日 10:30 – 11:45）\nUAV-01\n从快递站起飞，前往东方广场，按既定航线飞行，途中避开交通拥堵区域，将快递投递至指定收件人手中。\nUAV-02\n从快递站起飞，前往望京，按既定航线飞行，途中避开交通拥堵区域，将快递投递至指定收件人手中。\nUAV-03\n从快递站起飞，前往财富中心，按既定航线飞行，途中避开交通拥堵区域，将快递投递至指定收件人手中。\nUAV-04\n从快递站起飞，前往朝阳公园，按既定航线飞行，途中避开交通拥堵区域，将快递投递至指定收件人手中。\nUAV-05\n从快递站起飞，前往清华科技园，按既定航线飞行，途中避开交通拥堵区域，将快递投递至指定收件人手中。\n\n无人机返航与设备维护（2025年4月2日 11:45 – 12:00）\nUAV-01至UAV-05\n依次返航至快递站，进行电量检查，确保所有无人机电量充足。维护团队对无人机进行快速检查，记录飞行参数与任务日志。\n\n———————————————————————————————————————————",
                "content1_msg": "无人机名字或代号：UAV-05、UAV-01、UAV-02、UAV-03、UAV-04  \n时间：2025年4月2日 10:30 – 11:45、2025年4月2日 11:45 – 12:00  \n地点：快递站、东方广场、望京、财富中心、朝阳公园、清华科技园、CBD商务区、五道口  \n任务优先级重要性：未提及  \n任务描述信息：从快递站起飞，按既定航线飞行，途中避开交通拥堵区域，将快递投递至指定收件人手中；依次返航至快递站，进行电量检查，确保所有无人机电量充足。维护团队对无人机进行快速检查，记录飞行参数与任务日志。",
                "similarity": 0.7725784949876981
            },
            {
                "content1_para": "无人机集群快递配送任务\n执行时间\n：2025年4月2日 10:00 – 12:00\n执行地点\n：北京市朝阳区CBD区域快递配送站（坐标：39.9187°N, 116.3974°E）\n执行者\n：\nUAV-01至UAV-05\n：负责北京市朝阳区CBD区域快递配送任务\n任务优先级\n：高（快递时效性要求严格，确保客户满意度）\n重要性\n：高（快递服务是商业活动的重要组成部分，影响企业形象）\n操作步骤\n：\n无人机起飞与准备（2025年4月2日 10:00 – 10:15）\nUAV-01至UAV-05\n依次起飞，在指定区域上空进行空中编队，检查飞行状态，确保所有无人机飞行系统正常。\n\n无人机航线规划与任务分配（2025年4月2日 10:15 – 10:30）\nUAV-01\n负责配送从快递站至朝阳区三环以内区域的快递，包括东方广场、国贸大厦等标志性建筑。\nUAV-02\n负责配送从快递站至朝阳区三环以外的区域，包括望京、亚运村等区域。\nUAV-03\n负责配送从快递站至朝阳区东部区域，包括CBD核心区、财富中心等。\nUAV-04\n负责配送从快递站至朝阳区南部区域，包括CBD商务区、朝阳公园等。\nUAV-05\n负责配送从快递站至朝",
                "content1_msg": "无人机名字或代号：UAV-01、UAV-02、UAV-03、UAV-04、UAV-05  \n时间：2025年4月2日 10:00 – 12:00、2025年4月2日 10:00 – 10:15、2025年4月2日 10:15 – 10:30  \n地点：北京市朝阳区CBD区域快递配送站（坐标：39.9187°N, 116.3974°E）、朝阳区三环以内区域（东方广场、国贸大厦等）、朝阳区三环以外区域（望京、亚运村等）、朝阳区东部区域（CBD核心区、财富中心等）、朝阳区南部区域（CBD商务区、朝阳公园等）  \n任务优先级重要性：高  \n任务描述信息：无人机起飞与准备，依次起飞，在指定区域上空进行空中编队，检查飞行状态，确保所有无人机飞行系统正常；无人机航线规划与任务分配，负责配送从快递站至不同区域的快递任务。",
                "similarity": 0.7633598507386754
            }
        ]
    },
    {
        "content2_para": "UAV-04:\n实体关系：快递配送\n时间：2025年4月2日 10:30 – 11:45\n地点：朝阳区三环以外区域\n任务优先级重要性：高\n具体任务：从快递站起飞，前往望京，按航线投递快递。",
        "matches": [
            {
                "content1_para": "括CBD商务区、朝阳公园等。\nUAV-05\n负责配送从快递站至朝阳区西部区域，包括五道口、清华科技园等。\n\n无人机配送执行（2025年4月2日 10:30 – 11:45）\nUAV-01\n从快递站起飞，前往东方广场，按既定航线飞行，途中避开交通拥堵区域，将快递投递至指定收件人手中。\nUAV-02\n从快递站起飞，前往望京，按既定航线飞行，途中避开交通拥堵区域，将快递投递至指定收件人手中。\nUAV-03\n从快递站起飞，前往财富中心，按既定航线飞行，途中避开交通拥堵区域，将快递投递至指定收件人手中。\nUAV-04\n从快递站起飞，前往朝阳公园，按既定航线飞行，途中避开交通拥堵区域，将快递投递至指定收件人手中。\nUAV-05\n从快递站起飞，前往清华科技园，按既定航线飞行，途中避开交通拥堵区域，将快递投递至指定收件人手中。\n\n无人机返航与设备维护（2025年4月2日 11:45 – 12:00）\nUAV-01至UAV-05\n依次返航至快递站，进行电量检查，确保所有无人机电量充足。维护团队对无人机进行快速检查，记录飞行参数与任务日志。\n\n———————————————————————————————————————————",
                "content1_msg": "无人机名字或代号：UAV-05、UAV-01、UAV-02、UAV-03、UAV-04  \n时间：2025年4月2日 10:30 – 11:45、2025年4月2日 11:45 – 12:00  \n地点：快递站、东方广场、望京、财富中心、朝阳公园、清华科技园、CBD商务区、五道口  \n任务优先级重要性：未提及  \n任务描述信息：从快递站起飞，按既定航线飞行，途中避开交通拥堵区域，将快递投递至指定收件人手中；依次返航至快递站，进行电量检查，确保所有无人机电量充足。维护团队对无人机进行快速检查，记录飞行参数与任务日志。",
                "similarity": 0.7675541810610014
            },
            {
                "content1_para": "无人机集群快递配送任务\n执行时间\n：2025年4月2日 10:00 – 12:00\n执行地点\n：北京市朝阳区CBD区域快递配送站（坐标：39.9187°N, 116.3974°E）\n执行者\n：\nUAV-01至UAV-05\n：负责北京市朝阳区CBD区域快递配送任务\n任务优先级\n：高（快递时效性要求严格，确保客户满意度）\n重要性\n：高（快递服务是商业活动的重要组成部分，影响企业形象）\n操作步骤\n：\n无人机起飞与准备（2025年4月2日 10:00 – 10:15）\nUAV-01至UAV-05\n依次起飞，在指定区域上空进行空中编队，检查飞行状态，确保所有无人机飞行系统正常。\n\n无人机航线规划与任务分配（2025年4月2日 10:15 – 10:30）\nUAV-01\n负责配送从快递站至朝阳区三环以内区域的快递，包括东方广场、国贸大厦等标志性建筑。\nUAV-02\n负责配送从快递站至朝阳区三环以外的区域，包括望京、亚运村等区域。\nUAV-03\n负责配送从快递站至朝阳区东部区域，包括CBD核心区、财富中心等。\nUAV-04\n负责配送从快递站至朝阳区南部区域，包括CBD商务区、朝阳公园等。\nUAV-05\n负责配送从快递站至朝",
                "content1_msg": "无人机名字或代号：UAV-01、UAV-02、UAV-03、UAV-04、UAV-05  \n时间：2025年4月2日 10:00 – 12:00、2025年4月2日 10:00 – 10:15、2025年4月2日 10:15 – 10:30  \n地点：北京市朝阳区CBD区域快递配送站（坐标：39.9187°N, 116.3974°E）、朝阳区三环以内区域（东方广场、国贸大厦等）、朝阳区三环以外区域（望京、亚运村等）、朝阳区东部区域（CBD核心区、财富中心等）、朝阳区南部区域（CBD商务区、朝阳公园等）  \n任务优先级重要性：高  \n任务描述信息：无人机起飞与准备，依次起飞，在指定区域上空进行空中编队，检查飞行状态，确保所有无人机飞行系统正常；无人机航线规划与任务分配，负责配送从快递站至不同区域的快递任务。",
                "similarity": 0.7631861628037999
            }
        ]
    },
    {
        "content2_para": "UAV-05:\n实体关系：快递配送\n时间：2025年4月2日 10:30 – 11:45\n地点：朝阳区东部区域\n任务优先级重要性：高\n具体任务：从快递站起飞，前往财富中心，按航线投递快递。",
        "matches": [
            {
                "content1_para": "无人机集群快递配送任务\n执行时间\n：2025年4月2日 10:00 – 12:00\n执行地点\n：北京市朝阳区CBD区域快递配送站（坐标：39.9187°N, 116.3974°E）\n执行者\n：\nUAV-01至UAV-05\n：负责北京市朝阳区CBD区域快递配送任务\n任务优先级\n：高（快递时效性要求严格，确保客户满意度）\n重要性\n：高（快递服务是商业活动的重要组成部分，影响企业形象）\n操作步骤\n：\n无人机起飞与准备（2025年4月2日 10:00 – 10:15）\nUAV-01至UAV-05\n依次起飞，在指定区域上空进行空中编队，检查飞行状态，确保所有无人机飞行系统正常。\n\n无人机航线规划与任务分配（2025年4月2日 10:15 – 10:30）\nUAV-01\n负责配送从快递站至朝阳区三环以内区域的快递，包括东方广场、国贸大厦等标志性建筑。\nUAV-02\n负责配送从快递站至朝阳区三环以外的区域，包括望京、亚运村等区域。\nUAV-03\n负责配送从快递站至朝阳区东部区域，包括CBD核心区、财富中心等。\nUAV-04\n负责配送从快递站至朝阳区南部区域，包括CBD商务区、朝阳公园等。\nUAV-05\n负责配送从快递站至朝",
                "content1_msg": "无人机名字或代号：UAV-01、UAV-02、UAV-03、UAV-04、UAV-05  \n时间：2025年4月2日 10:00 – 12:00、2025年4月2日 10:00 – 10:15、2025年4月2日 10:15 – 10:30  \n地点：北京市朝阳区CBD区域快递配送站（坐标：39.9187°N, 116.3974°E）、朝阳区三环以内区域（东方广场、国贸大厦等）、朝阳区三环以外区域（望京、亚运村等）、朝阳区东部区域（CBD核心区、财富中心等）、朝阳区南部区域（CBD商务区、朝阳公园等）  \n任务优先级重要性：高  \n任务描述信息：无人机起飞与准备，依次起飞，在指定区域上空进行空中编队，检查飞行状态，确保所有无人机飞行系统正常；无人机航线规划与任务分配，负责配送从快递站至不同区域的快递任务。",
                "similarity": 0.7784884649271083
            },
            {
                "content1_para": "括CBD商务区、朝阳公园等。\nUAV-05\n负责配送从快递站至朝阳区西部区域，包括五道口、清华科技园等。\n\n无人机配送执行（2025年4月2日 10:30 – 11:45）\nUAV-01\n从快递站起飞，前往东方广场，按既定航线飞行，途中避开交通拥堵区域，将快递投递至指定收件人手中。\nUAV-02\n从快递站起飞，前往望京，按既定航线飞行，途中避开交通拥堵区域，将快递投递至指定收件人手中。\nUAV-03\n从快递站起飞，前往财富中心，按既定航线飞行，途中避开交通拥堵区域，将快递投递至指定收件人手中。\nUAV-04\n从快递站起飞，前往朝阳公园，按既定航线飞行，途中避开交通拥堵区域，将快递投递至指定收件人手中。\nUAV-05\n从快递站起飞，前往清华科技园，按既定航线飞行，途中避开交通拥堵区域，将快递投递至指定收件人手中。\n\n无人机返航与设备维护（2025年4月2日 11:45 – 12:00）\nUAV-01至UAV-05\n依次返航至快递站，进行电量检查，确保所有无人机电量充足。维护团队对无人机进行快速检查，记录飞行参数与任务日志。\n\n———————————————————————————————————————————",
                "content1_msg": "无人机名字或代号：UAV-05、UAV-01、UAV-02、UAV-03、UAV-04  \n时间：2025年4月2日 10:30 – 11:45、2025年4月2日 11:45 – 12:00  \n地点：快递站、东方广场、望京、财富中心、朝阳公园、清华科技园、CBD商务区、五道口  \n任务优先级重要性：未提及  \n任务描述信息：从快递站起飞，按既定航线飞行，途中避开交通拥堵区域，将快递投递至指定收件人手中；依次返航至快递站，进行电量检查，确保所有无人机电量充足。维护团队对无人机进行快速检查，记录飞行参数与任务日志。",
                "similarity": 0.7780302888859305
            }
        ]
    },
    {
        "content2_para": "UAV-06:\n实体关系：快递配送\n时间：2025年4月2日 10:30 – 11:45\n地点：朝阳区南部区域\n任务优先级重要性：高\n具体任务：从快递站起飞，前往朝阳公园，按航线投递快递。",
        "matches": [
            {
                "content1_para": "括CBD商务区、朝阳公园等。\nUAV-05\n负责配送从快递站至朝阳区西部区域，包括五道口、清华科技园等。\n\n无人机配送执行（2025年4月2日 10:30 – 11:45）\nUAV-01\n从快递站起飞，前往东方广场，按既定航线飞行，途中避开交通拥堵区域，将快递投递至指定收件人手中。\nUAV-02\n从快递站起飞，前往望京，按既定航线飞行，途中避开交通拥堵区域，将快递投递至指定收件人手中。\nUAV-03\n从快递站起飞，前往财富中心，按既定航线飞行，途中避开交通拥堵区域，将快递投递至指定收件人手中。\nUAV-04\n从快递站起飞，前往朝阳公园，按既定航线飞行，途中避开交通拥堵区域，将快递投递至指定收件人手中。\nUAV-05\n从快递站起飞，前往清华科技园，按既定航线飞行，途中避开交通拥堵区域，将快递投递至指定收件人手中。\n\n无人机返航与设备维护（2025年4月2日 11:45 – 12:00）\nUAV-01至UAV-05\n依次返航至快递站，进行电量检查，确保所有无人机电量充足。维护团队对无人机进行快速检查，记录飞行参数与任务日志。\n\n———————————————————————————————————————————",
                "content1_msg": "无人机名字或代号：UAV-05、UAV-01、UAV-02、UAV-03、UAV-04  \n时间：2025年4月2日 10:30 – 11:45、2025年4月2日 11:45 – 12:00  \n地点：快递站、东方广场、望京、财富中心、朝阳公园、清华科技园、CBD商务区、五道口  \n任务优先级重要性：未提及  \n任务描述信息：从快递站起飞，按既定航线飞行，途中避开交通拥堵区域，将快递投递至指定收件人手中；依次返航至快递站，进行电量检查，确保所有无人机电量充足。维护团队对无人机进行快速检查，记录飞行参数与任务日志。",
                "similarity": 0.7598657802018205
            },
            {
                "content1_para": "无人机集群快递配送任务\n执行时间\n：2025年4月2日 10:00 – 12:00\n执行地点\n：北京市朝阳区CBD区域快递配送站（坐标：39.9187°N, 116.3974°E）\n执行者\n：\nUAV-01至UAV-05\n：负责北京市朝阳区CBD区域快递配送任务\n任务优先级\n：高（快递时效性要求严格，确保客户满意度）\n重要性\n：高（快递服务是商业活动的重要组成部分，影响企业形象）\n操作步骤\n：\n无人机起飞与准备（2025年4月2日 10:00 – 10:15）\nUAV-01至UAV-05\n依次起飞，在指定区域上空进行空中编队，检查飞行状态，确保所有无人机飞行系统正常。\n\n无人机航线规划与任务分配（2025年4月2日 10:15 – 10:30）\nUAV-01\n负责配送从快递站至朝阳区三环以内区域的快递，包括东方广场、国贸大厦等标志性建筑。\nUAV-02\n负责配送从快递站至朝阳区三环以外的区域，包括望京、亚运村等区域。\nUAV-03\n负责配送从快递站至朝阳区东部区域，包括CBD核心区、财富中心等。\nUAV-04\n负责配送从快递站至朝阳区南部区域，包括CBD商务区、朝阳公园等。\nUAV-05\n负责配送从快递站至朝",
                "content1_msg": "无人机名字或代号：UAV-01、UAV-02、UAV-03、UAV-04、UAV-05  \n时间：2025年4月2日 10:00 – 12:00、2025年4月2日 10:00 – 10:15、2025年4月2日 10:15 – 10:30  \n地点：北京市朝阳区CBD区域快递配送站（坐标：39.9187°N, 116.3974°E）、朝阳区三环以内区域（东方广场、国贸大厦等）、朝阳区三环以外区域（望京、亚运村等）、朝阳区东部区域（CBD核心区、财富中心等）、朝阳区南部区域（CBD商务区、朝阳公园等）  \n任务优先级重要性：高  \n任务描述信息：无人机起飞与准备，依次起飞，在指定区域上空进行空中编队，检查飞行状态，确保所有无人机飞行系统正常；无人机航线规划与任务分配，负责配送从快递站至不同区域的快递任务。",
                "similarity": 0.752867316458256
            }
        ]
    },
    {
        "content2_para": "UAV-07:\n实体关系：快递配送\n时间：2025年4月2日 10:30 – 11:45\n地点：朝阳区西部区域\n任务优先级重要性：高\n具体任务：从快递站起飞，前往清华科技园，按航线投递快递。",
        "matches": [
            {
                "content1_para": "括CBD商务区、朝阳公园等。\nUAV-05\n负责配送从快递站至朝阳区西部区域，包括五道口、清华科技园等。\n\n无人机配送执行（2025年4月2日 10:30 – 11:45）\nUAV-01\n从快递站起飞，前往东方广场，按既定航线飞行，途中避开交通拥堵区域，将快递投递至指定收件人手中。\nUAV-02\n从快递站起飞，前往望京，按既定航线飞行，途中避开交通拥堵区域，将快递投递至指定收件人手中。\nUAV-03\n从快递站起飞，前往财富中心，按既定航线飞行，途中避开交通拥堵区域，将快递投递至指定收件人手中。\nUAV-04\n从快递站起飞，前往朝阳公园，按既定航线飞行，途中避开交通拥堵区域，将快递投递至指定收件人手中。\nUAV-05\n从快递站起飞，前往清华科技园，按既定航线飞行，途中避开交通拥堵区域，将快递投递至指定收件人手中。\n\n无人机返航与设备维护（2025年4月2日 11:45 – 12:00）\nUAV-01至UAV-05\n依次返航至快递站，进行电量检查，确保所有无人机电量充足。维护团队对无人机进行快速检查，记录飞行参数与任务日志。\n\n———————————————————————————————————————————",
                "content1_msg": "无人机名字或代号：UAV-05、UAV-01、UAV-02、UAV-03、UAV-04  \n时间：2025年4月2日 10:30 – 11:45、2025年4月2日 11:45 – 12:00  \n地点：快递站、东方广场、望京、财富中心、朝阳公园、清华科技园、CBD商务区、五道口  \n任务优先级重要性：未提及  \n任务描述信息：从快递站起飞，按既定航线飞行，途中避开交通拥堵区域，将快递投递至指定收件人手中；依次返航至快递站，进行电量检查，确保所有无人机电量充足。维护团队对无人机进行快速检查，记录飞行参数与任务日志。",
                "similarity": 0.7623765066536943
            },
            {
                "content1_para": "无人机集群快递配送任务\n执行时间\n：2025年4月2日 10:00 – 12:00\n执行地点\n：北京市朝阳区CBD区域快递配送站（坐标：39.9187°N, 116.3974°E）\n执行者\n：\nUAV-01至UAV-05\n：负责北京市朝阳区CBD区域快递配送任务\n任务优先级\n：高（快递时效性要求严格，确保客户满意度）\n重要性\n：高（快递服务是商业活动的重要组成部分，影响企业形象）\n操作步骤\n：\n无人机起飞与准备（2025年4月2日 10:00 – 10:15）\nUAV-01至UAV-05\n依次起飞，在指定区域上空进行空中编队，检查飞行状态，确保所有无人机飞行系统正常。\n\n无人机航线规划与任务分配（2025年4月2日 10:15 – 10:30）\nUAV-01\n负责配送从快递站至朝阳区三环以内区域的快递，包括东方广场、国贸大厦等标志性建筑。\nUAV-02\n负责配送从快递站至朝阳区三环以外的区域，包括望京、亚运村等区域。\nUAV-03\n负责配送从快递站至朝阳区东部区域，包括CBD核心区、财富中心等。\nUAV-04\n负责配送从快递站至朝阳区南部区域，包括CBD商务区、朝阳公园等。\nUAV-05\n负责配送从快递站至朝",
                "content1_msg": "无人机名字或代号：UAV-01、UAV-02、UAV-03、UAV-04、UAV-05  \n时间：2025年4月2日 10:00 – 12:00、2025年4月2日 10:00 – 10:15、2025年4月2日 10:15 – 10:30  \n地点：北京市朝阳区CBD区域快递配送站（坐标：39.9187°N, 116.3974°E）、朝阳区三环以内区域（东方广场、国贸大厦等）、朝阳区三环以外区域（望京、亚运村等）、朝阳区东部区域（CBD核心区、财富中心等）、朝阳区南部区域（CBD商务区、朝阳公园等）  \n任务优先级重要性：高  \n任务描述信息：无人机起飞与准备，依次起飞，在指定区域上空进行空中编队，检查飞行状态，确保所有无人机飞行系统正常；无人机航线规划与任务分配，负责配送从快递站至不同区域的快递任务。",
                "similarity": 0.7534522764420817
            }
        ]
    },
    {
        "content2_para": "UAV-01至UAV-05:\n实体关系：返航与维护\n时间：2025年4月2日 11:45 – 12:00\n地点：北京市朝阳区CBD区域快递配送站\n任务优先级重要性：高\n具体任务：返航至快递站，检查电量，维护团队进行快速检查。",
        "matches": [
            {
                "content1_para": "无人机集群快递配送任务\n执行时间\n：2025年4月2日 10:00 – 12:00\n执行地点\n：北京市朝阳区CBD区域快递配送站（坐标：39.9187°N, 116.3974°E）\n执行者\n：\nUAV-01至UAV-05\n：负责北京市朝阳区CBD区域快递配送任务\n任务优先级\n：高（快递时效性要求严格，确保客户满意度）\n重要性\n：高（快递服务是商业活动的重要组成部分，影响企业形象）\n操作步骤\n：\n无人机起飞与准备（2025年4月2日 10:00 – 10:15）\nUAV-01至UAV-05\n依次起飞，在指定区域上空进行空中编队，检查飞行状态，确保所有无人机飞行系统正常。\n\n无人机航线规划与任务分配（2025年4月2日 10:15 – 10:30）\nUAV-01\n负责配送从快递站至朝阳区三环以内区域的快递，包括东方广场、国贸大厦等标志性建筑。\nUAV-02\n负责配送从快递站至朝阳区三环以外的区域，包括望京、亚运村等区域。\nUAV-03\n负责配送从快递站至朝阳区东部区域，包括CBD核心区、财富中心等。\nUAV-04\n负责配送从快递站至朝阳区南部区域，包括CBD商务区、朝阳公园等。\nUAV-05\n负责配送从快递站至朝",
                "content1_msg": "无人机名字或代号：UAV-01、UAV-02、UAV-03、UAV-04、UAV-05  \n时间：2025年4月2日 10:00 – 12:00、2025年4月2日 10:00 – 10:15、2025年4月2日 10:15 – 10:30  \n地点：北京市朝阳区CBD区域快递配送站（坐标：39.9187°N, 116.3974°E）、朝阳区三环以内区域（东方广场、国贸大厦等）、朝阳区三环以外区域（望京、亚运村等）、朝阳区东部区域（CBD核心区、财富中心等）、朝阳区南部区域（CBD商务区、朝阳公园等）  \n任务优先级重要性：高  \n任务描述信息：无人机起飞与准备，依次起飞，在指定区域上空进行空中编队，检查飞行状态，确保所有无人机飞行系统正常；无人机航线规划与任务分配，负责配送从快递站至不同区域的快递任务。",
                "similarity": 0.8011575632050416
            },
            {
                "content1_para": "括CBD商务区、朝阳公园等。\nUAV-05\n负责配送从快递站至朝阳区西部区域，包括五道口、清华科技园等。\n\n无人机配送执行（2025年4月2日 10:30 – 11:45）\nUAV-01\n从快递站起飞，前往东方广场，按既定航线飞行，途中避开交通拥堵区域，将快递投递至指定收件人手中。\nUAV-02\n从快递站起飞，前往望京，按既定航线飞行，途中避开交通拥堵区域，将快递投递至指定收件人手中。\nUAV-03\n从快递站起飞，前往财富中心，按既定航线飞行，途中避开交通拥堵区域，将快递投递至指定收件人手中。\nUAV-04\n从快递站起飞，前往朝阳公园，按既定航线飞行，途中避开交通拥堵区域，将快递投递至指定收件人手中。\nUAV-05\n从快递站起飞，前往清华科技园，按既定航线飞行，途中避开交通拥堵区域，将快递投递至指定收件人手中。\n\n无人机返航与设备维护（2025年4月2日 11:45 – 12:00）\nUAV-01至UAV-05\n依次返航至快递站，进行电量检查，确保所有无人机电量充足。维护团队对无人机进行快速检查，记录飞行参数与任务日志。\n\n———————————————————————————————————————————",
                "content1_msg": "无人机名字或代号：UAV-05、UAV-01、UAV-02、UAV-03、UAV-04  \n时间：2025年4月2日 10:30 – 11:45、2025年4月2日 11:45 – 12:00  \n地点：快递站、东方广场、望京、财富中心、朝阳公园、清华科技园、CBD商务区、五道口  \n任务优先级重要性：未提及  \n任务描述信息：从快递站起飞，按既定航线飞行，途中避开交通拥堵区域，将快递投递至指定收件人手中；依次返航至快递站，进行电量检查，确保所有无人机电量充足。维护团队对无人机进行快速检查，记录飞行参数与任务日志。",
                "similarity": 0.7316384860576781
            }
        ]
    },
    {
        "content2_para": "UAV-06:\n实体关系：紧急快递配送\n时间：2025年4月3日 14:00 – 14:15\n地点：北京市海淀区中关村紧急快递配送站\n任务优先级重要性：最高\n具体任务：起飞并检查系统，准备空中编队。",
        "matches": [
            {
                "content1_para": "无人机集群紧急快递配送任务\n执行时间\n：2025年4月3日 14:00 – 16:00\n执行地点\n：北京市海淀区中关村紧急快递配送站（坐标：39.9900°N, 116.3235°E）\n执行者\n：\nUAV-06至UAV-10\n：负责北京市海淀区中关村紧急快递配送任务\n任务优先级\n：最高（紧急快递需要立即配送，影响客户紧急需求）\n重要性\n：高（紧急快递关系到客户的生命安全或重要业务）\n操作步骤\n：\n无人机起飞与准备（2025年4月3日 14:00 – 14:15）\nUAV-06至UAV-10\n依次起飞，在指定区域上空进行空中编队，检查飞行状态，确保所有无人机飞行系统正常。\n\n无人机航线规划与任务分配（2025年4月3日 14:15 – 14:30）\nUAV-06\n负责配送从快递站至中关村核心区，包括清华园、北京大学等。\nUAV-07\n负责配送从快递站至中关村东部区域，包括中关村软件园、中关村科技大厦等。\nUAV-08\n负责配送从快递站至中关村西部区域，包括中关村西区、中关村生命科学园等。\nUAV-09\n负责配送从快递站至中关村南部区域，包括中关村商务区、中关村医院等。\nUAV-10\n负责配送从快递站至中关村北部",
                "content1_msg": "无人机名字或代号：UAV-06、UAV-07、UAV-08、UAV-09、UAV-10  \n时间：2025年4月3日 14:00 – 16:00、2025年4月3日 14:00 – 14:15、2025年4月3日 14:15 – 14:30  \n地点：北京市海淀区中关村紧急快递配送站（坐标：39.9900°N, 116.3235°E）、中关村核心区、清华园、北京大学、中关村东部区域、中关村软件园、中关村科技大厦、中关村西部区域、中关村西区、中关村生命科学园、中关村南部区域、中关村商务区、中关村医院、中关村北部  \n任务优先级重要性：最高（紧急快递需要立即配送，影响客户紧急需求）、高（紧急快递关系到客户的生命安全或重要业务）  \n任务描述信息：无人机起飞与准备，依次起飞，在指定区域上空进行空中编队，检查飞行状态，确保所有无人机飞行系统正常；无人机航线规划与任务分配，负责配送从快递站至不同区域。",
                "similarity": 0.8543803770291356
            },
            {
                "content1_para": "无人机集群快递配送任务\n执行时间\n：2025年4月2日 10:00 – 12:00\n执行地点\n：北京市朝阳区CBD区域快递配送站（坐标：39.9187°N, 116.3974°E）\n执行者\n：\nUAV-01至UAV-05\n：负责北京市朝阳区CBD区域快递配送任务\n任务优先级\n：高（快递时效性要求严格，确保客户满意度）\n重要性\n：高（快递服务是商业活动的重要组成部分，影响企业形象）\n操作步骤\n：\n无人机起飞与准备（2025年4月2日 10:00 – 10:15）\nUAV-01至UAV-05\n依次起飞，在指定区域上空进行空中编队，检查飞行状态，确保所有无人机飞行系统正常。\n\n无人机航线规划与任务分配（2025年4月2日 10:15 – 10:30）\nUAV-01\n负责配送从快递站至朝阳区三环以内区域的快递，包括东方广场、国贸大厦等标志性建筑。\nUAV-02\n负责配送从快递站至朝阳区三环以外的区域，包括望京、亚运村等区域。\nUAV-03\n负责配送从快递站至朝阳区东部区域，包括CBD核心区、财富中心等。\nUAV-04\n负责配送从快递站至朝阳区南部区域，包括CBD商务区、朝阳公园等。\nUAV-05\n负责配送从快递站至朝",
                "content1_msg": "无人机名字或代号：UAV-01、UAV-02、UAV-03、UAV-04、UAV-05  \n时间：2025年4月2日 10:00 – 12:00、2025年4月2日 10:00 – 10:15、2025年4月2日 10:15 – 10:30  \n地点：北京市朝阳区CBD区域快递配送站（坐标：39.9187°N, 116.3974°E）、朝阳区三环以内区域（东方广场、国贸大厦等）、朝阳区三环以外区域（望京、亚运村等）、朝阳区东部区域（CBD核心区、财富中心等）、朝阳区南部区域（CBD商务区、朝阳公园等）  \n任务优先级重要性：高  \n任务描述信息：无人机起飞与准备，依次起飞，在指定区域上空进行空中编队，检查飞行状态，确保所有无人机飞行系统正常；无人机航线规划与任务分配，负责配送从快递站至不同区域的快递任务。",
                "similarity": 0.717611363330342
            }
        ]
    },
    {
        "content2_para": "UAV-07:\n实体关系：紧急快递配送\n时间：2025年4月3日 14:15 – 14:30\n地点：北京市海淀区中关村紧急快递配送站\n任务优先级重要性：最高\n具体任务：规划航线，分配配送任务至UAV-06。",
        "matches": [
            {
                "content1_para": "无人机集群紧急快递配送任务\n执行时间\n：2025年4月3日 14:00 – 16:00\n执行地点\n：北京市海淀区中关村紧急快递配送站（坐标：39.9900°N, 116.3235°E）\n执行者\n：\nUAV-06至UAV-10\n：负责北京市海淀区中关村紧急快递配送任务\n任务优先级\n：最高（紧急快递需要立即配送，影响客户紧急需求）\n重要性\n：高（紧急快递关系到客户的生命安全或重要业务）\n操作步骤\n：\n无人机起飞与准备（2025年4月3日 14:00 – 14:15）\nUAV-06至UAV-10\n依次起飞，在指定区域上空进行空中编队，检查飞行状态，确保所有无人机飞行系统正常。\n\n无人机航线规划与任务分配（2025年4月3日 14:15 – 14:30）\nUAV-06\n负责配送从快递站至中关村核心区，包括清华园、北京大学等。\nUAV-07\n负责配送从快递站至中关村东部区域，包括中关村软件园、中关村科技大厦等。\nUAV-08\n负责配送从快递站至中关村西部区域，包括中关村西区、中关村生命科学园等。\nUAV-09\n负责配送从快递站至中关村南部区域，包括中关村商务区、中关村医院等。\nUAV-10\n负责配送从快递站至中关村北部",
                "content1_msg": "无人机名字或代号：UAV-06、UAV-07、UAV-08、UAV-09、UAV-10  \n时间：2025年4月3日 14:00 – 16:00、2025年4月3日 14:00 – 14:15、2025年4月3日 14:15 – 14:30  \n地点：北京市海淀区中关村紧急快递配送站（坐标：39.9900°N, 116.3235°E）、中关村核心区、清华园、北京大学、中关村东部区域、中关村软件园、中关村科技大厦、中关村西部区域、中关村西区、中关村生命科学园、中关村南部区域、中关村商务区、中关村医院、中关村北部  \n任务优先级重要性：最高（紧急快递需要立即配送，影响客户紧急需求）、高（紧急快递关系到客户的生命安全或重要业务）  \n任务描述信息：无人机起飞与准备，依次起飞，在指定区域上空进行空中编队，检查飞行状态，确保所有无人机飞行系统正常；无人机航线规划与任务分配，负责配送从快递站至不同区域。",
                "similarity": 0.8458969779521543
            },
            {
                "content1_para": "无人机集群快递配送任务\n执行时间\n：2025年4月2日 10:00 – 12:00\n执行地点\n：北京市朝阳区CBD区域快递配送站（坐标：39.9187°N, 116.3974°E）\n执行者\n：\nUAV-01至UAV-05\n：负责北京市朝阳区CBD区域快递配送任务\n任务优先级\n：高（快递时效性要求严格，确保客户满意度）\n重要性\n：高（快递服务是商业活动的重要组成部分，影响企业形象）\n操作步骤\n：\n无人机起飞与准备（2025年4月2日 10:00 – 10:15）\nUAV-01至UAV-05\n依次起飞，在指定区域上空进行空中编队，检查飞行状态，确保所有无人机飞行系统正常。\n\n无人机航线规划与任务分配（2025年4月2日 10:15 – 10:30）\nUAV-01\n负责配送从快递站至朝阳区三环以内区域的快递，包括东方广场、国贸大厦等标志性建筑。\nUAV-02\n负责配送从快递站至朝阳区三环以外的区域，包括望京、亚运村等区域。\nUAV-03\n负责配送从快递站至朝阳区东部区域，包括CBD核心区、财富中心等。\nUAV-04\n负责配送从快递站至朝阳区南部区域，包括CBD商务区、朝阳公园等。\nUAV-05\n负责配送从快递站至朝",
                "content1_msg": "无人机名字或代号：UAV-01、UAV-02、UAV-03、UAV-04、UAV-05  \n时间：2025年4月2日 10:00 – 12:00、2025年4月2日 10:00 – 10:15、2025年4月2日 10:15 – 10:30  \n地点：北京市朝阳区CBD区域快递配送站（坐标：39.9187°N, 116.3974°E）、朝阳区三环以内区域（东方广场、国贸大厦等）、朝阳区三环以外区域（望京、亚运村等）、朝阳区东部区域（CBD核心区、财富中心等）、朝阳区南部区域（CBD商务区、朝阳公园等）  \n任务优先级重要性：高  \n任务描述信息：无人机起飞与准备，依次起飞，在指定区域上空进行空中编队，检查飞行状态，确保所有无人机飞行系统正常；无人机航线规划与任务分配，负责配送从快递站至不同区域的快递任务。",
                "similarity": 0.7009058540455799
            }
        ]
    },
    {
        "content2_para": "UAV-08:\n实体关系：紧急快递配送\n时间：2025年4月3日 14:30 – 15:45\n地点：中关村核心区\n任务优先级重要性：最高\n具体任务：从快递站起飞，前往清华园，按航线投递紧急快递。",
        "matches": [
            {
                "content1_para": "无人机集群紧急快递配送任务\n执行时间\n：2025年4月3日 14:00 – 16:00\n执行地点\n：北京市海淀区中关村紧急快递配送站（坐标：39.9900°N, 116.3235°E）\n执行者\n：\nUAV-06至UAV-10\n：负责北京市海淀区中关村紧急快递配送任务\n任务优先级\n：最高（紧急快递需要立即配送，影响客户紧急需求）\n重要性\n：高（紧急快递关系到客户的生命安全或重要业务）\n操作步骤\n：\n无人机起飞与准备（2025年4月3日 14:00 – 14:15）\nUAV-06至UAV-10\n依次起飞，在指定区域上空进行空中编队，检查飞行状态，确保所有无人机飞行系统正常。\n\n无人机航线规划与任务分配（2025年4月3日 14:15 – 14:30）\nUAV-06\n负责配送从快递站至中关村核心区，包括清华园、北京大学等。\nUAV-07\n负责配送从快递站至中关村东部区域，包括中关村软件园、中关村科技大厦等。\nUAV-08\n负责配送从快递站至中关村西部区域，包括中关村西区、中关村生命科学园等。\nUAV-09\n负责配送从快递站至中关村南部区域，包括中关村商务区、中关村医院等。\nUAV-10\n负责配送从快递站至中关村北部",
                "content1_msg": "无人机名字或代号：UAV-06、UAV-07、UAV-08、UAV-09、UAV-10  \n时间：2025年4月3日 14:00 – 16:00、2025年4月3日 14:00 – 14:15、2025年4月3日 14:15 – 14:30  \n地点：北京市海淀区中关村紧急快递配送站（坐标：39.9900°N, 116.3235°E）、中关村核心区、清华园、北京大学、中关村东部区域、中关村软件园、中关村科技大厦、中关村西部区域、中关村西区、中关村生命科学园、中关村南部区域、中关村商务区、中关村医院、中关村北部  \n任务优先级重要性：最高（紧急快递需要立即配送，影响客户紧急需求）、高（紧急快递关系到客户的生命安全或重要业务）  \n任务描述信息：无人机起飞与准备，依次起飞，在指定区域上空进行空中编队，检查飞行状态，确保所有无人机飞行系统正常；无人机航线规划与任务分配，负责配送从快递站至不同区域。",
                "similarity": 0.7933526002717873
            },
            {
                "content1_para": "务区、中关村医院等。\nUAV-10\n负责配送从快递站至中关村北部区域，包括中关村科技园区、中关村国际会议中心等。\n\n无人机配送执行（2025年4月3日 14:30 – 15:45）\nUAV-06\n从快递站起飞，前往清华园，按既定航线飞行，途中避开交通拥堵区域，将快递投递至指定收件人手中。\nUAV-07\n从快递站起飞，前往中关村软件园，按既定航线飞行，途中避开交通拥堵区域，将快递投递至指定收件人手中。\nUAV-08\n从快递站起飞，前往中关村西区，按既定航线飞行，途中避开交通拥堵区域，将快递投递至指定收件人手中。\nUAV-09\n从快递站起飞，前往中关村商务区，按既定航线飞行，途中避开交通拥堵区域，将快递投递至指定收件人手中。\nUAV-10\n从快递站起飞，前往中关村科技园区，按既定航线飞行，途中避开交通拥堵区域，将快递投递至指定收件人手中。\n\n无人机返航与设备维护（2025年4月3日 15:45 – 16:00）\nUAV-06至UAV-10\n依次返航至快递站，进行电量检查，确保所有无人机电量充足。维护团队对无人机进行快速检查，记录飞行参数与任务日志。",
                "content1_msg": "无人机名字或代号：UAV-10、UAV-06、UAV-07、UAV-08、UAV-09  \n时间：2025年4月3日 14:30 – 15:45、2025年4月3日 15:45 – 16:00  \n地点：快递站、清华园、中关村软件园、中关村西区、中关村商务区、中关村科技园区、中关村北部区域、中关村医院  \n任务优先级重要性：未提及  \n任务描述信息：  \n- UAV-10：负责配送从快递站至中关村北部区域，包括中关村科技园区、中关村国际会议中心等。  \n- UAV-06：从快递站起飞，前往清华园，按既定航线飞行，途中避开交通拥堵区域，将快递投递至指定收件人手中。  \n- UAV-07：从快递站起飞，前往中关村软件园，按既定航线飞行，途中避开交通拥堵区域，将快递投递至指定收件人手中。  \n- UAV-08：从快递站起飞，前往中关村西区，按既定航线飞行，途中避开交通拥堵区域，将快递投递至指定收件人手中。  \n- UAV-09：从快递站起飞，前往中关村商务区，按既定航线飞行，途中避开交通拥堵区域，将快递投递至指定收件人手中。  \n- UAV-10：从快递站起飞，前往中关村科技园区，按既定航线飞行，途中避开交通拥堵区域，将快递投递至指定收件人手中。  \n- UAV-06至UAV-10：依次返航至快递站，进行电量检查，确保所有无人机电量充足。维护团队对无人机进行快速检查，记录飞行参数与任务日志。",
                "similarity": 0.7517342670362703
            }
        ]
    },
    {
        "content2_para": "UAV-09:\n实体关系：紧急快递配送\n时间：2025年4月3日 14:30 – 15:45\n地点：中关村东部区域\n任务优先级重要性：最高\n具体任务：从快递站起飞，前往中关村软件园，按航线投递紧急快递。",
        "matches": [
            {
                "content1_para": "无人机集群紧急快递配送任务\n执行时间\n：2025年4月3日 14:00 – 16:00\n执行地点\n：北京市海淀区中关村紧急快递配送站（坐标：39.9900°N, 116.3235°E）\n执行者\n：\nUAV-06至UAV-10\n：负责北京市海淀区中关村紧急快递配送任务\n任务优先级\n：最高（紧急快递需要立即配送，影响客户紧急需求）\n重要性\n：高（紧急快递关系到客户的生命安全或重要业务）\n操作步骤\n：\n无人机起飞与准备（2025年4月3日 14:00 – 14:15）\nUAV-06至UAV-10\n依次起飞，在指定区域上空进行空中编队，检查飞行状态，确保所有无人机飞行系统正常。\n\n无人机航线规划与任务分配（2025年4月3日 14:15 – 14:30）\nUAV-06\n负责配送从快递站至中关村核心区，包括清华园、北京大学等。\nUAV-07\n负责配送从快递站至中关村东部区域，包括中关村软件园、中关村科技大厦等。\nUAV-08\n负责配送从快递站至中关村西部区域，包括中关村西区、中关村生命科学园等。\nUAV-09\n负责配送从快递站至中关村南部区域，包括中关村商务区、中关村医院等。\nUAV-10\n负责配送从快递站至中关村北部",
                "content1_msg": "无人机名字或代号：UAV-06、UAV-07、UAV-08、UAV-09、UAV-10  \n时间：2025年4月3日 14:00 – 16:00、2025年4月3日 14:00 – 14:15、2025年4月3日 14:15 – 14:30  \n地点：北京市海淀区中关村紧急快递配送站（坐标：39.9900°N, 116.3235°E）、中关村核心区、清华园、北京大学、中关村东部区域、中关村软件园、中关村科技大厦、中关村西部区域、中关村西区、中关村生命科学园、中关村南部区域、中关村商务区、中关村医院、中关村北部  \n任务优先级重要性：最高（紧急快递需要立即配送，影响客户紧急需求）、高（紧急快递关系到客户的生命安全或重要业务）  \n任务描述信息：无人机起飞与准备，依次起飞，在指定区域上空进行空中编队，检查飞行状态，确保所有无人机飞行系统正常；无人机航线规划与任务分配，负责配送从快递站至不同区域。",
                "similarity": 0.7941539847207925
            },
            {
                "content1_para": "务区、中关村医院等。\nUAV-10\n负责配送从快递站至中关村北部区域，包括中关村科技园区、中关村国际会议中心等。\n\n无人机配送执行（2025年4月3日 14:30 – 15:45）\nUAV-06\n从快递站起飞，前往清华园，按既定航线飞行，途中避开交通拥堵区域，将快递投递至指定收件人手中。\nUAV-07\n从快递站起飞，前往中关村软件园，按既定航线飞行，途中避开交通拥堵区域，将快递投递至指定收件人手中。\nUAV-08\n从快递站起飞，前往中关村西区，按既定航线飞行，途中避开交通拥堵区域，将快递投递至指定收件人手中。\nUAV-09\n从快递站起飞，前往中关村商务区，按既定航线飞行，途中避开交通拥堵区域，将快递投递至指定收件人手中。\nUAV-10\n从快递站起飞，前往中关村科技园区，按既定航线飞行，途中避开交通拥堵区域，将快递投递至指定收件人手中。\n\n无人机返航与设备维护（2025年4月3日 15:45 – 16:00）\nUAV-06至UAV-10\n依次返航至快递站，进行电量检查，确保所有无人机电量充足。维护团队对无人机进行快速检查，记录飞行参数与任务日志。",
                "content1_msg": "无人机名字或代号：UAV-10、UAV-06、UAV-07、UAV-08、UAV-09  \n时间：2025年4月3日 14:30 – 15:45、2025年4月3日 15:45 – 16:00  \n地点：快递站、清华园、中关村软件园、中关村西区、中关村商务区、中关村科技园区、中关村北部区域、中关村医院  \n任务优先级重要性：未提及  \n任务描述信息：  \n- UAV-10：负责配送从快递站至中关村北部区域，包括中关村科技园区、中关村国际会议中心等。  \n- UAV-06：从快递站起飞，前往清华园，按既定航线飞行，途中避开交通拥堵区域，将快递投递至指定收件人手中。  \n- UAV-07：从快递站起飞，前往中关村软件园，按既定航线飞行，途中避开交通拥堵区域，将快递投递至指定收件人手中。  \n- UAV-08：从快递站起飞，前往中关村西区，按既定航线飞行，途中避开交通拥堵区域，将快递投递至指定收件人手中。  \n- UAV-09：从快递站起飞，前往中关村商务区，按既定航线飞行，途中避开交通拥堵区域，将快递投递至指定收件人手中。  \n- UAV-10：从快递站起飞，前往中关村科技园区，按既定航线飞行，途中避开交通拥堵区域，将快递投递至指定收件人手中。  \n- UAV-06至UAV-10：依次返航至快递站，进行电量检查，确保所有无人机电量充足。维护团队对无人机进行快速检查，记录飞行参数与任务日志。",
                "similarity": 0.754748175899338
            }
        ]
    },
    {
        "content2_para": "UAV-10:\n实体关系：紧急快递配送\n时间：2025年4月3日 14:30 – 15:45\n地点：中关村西部区域\n任务优先级重要性：最高\n具体任务：从快递站起飞，前往中关村西区，按航线投递紧急快递。",
        "matches": [
            {
                "content1_para": "无人机集群紧急快递配送任务\n执行时间\n：2025年4月3日 14:00 – 16:00\n执行地点\n：北京市海淀区中关村紧急快递配送站（坐标：39.9900°N, 116.3235°E）\n执行者\n：\nUAV-06至UAV-10\n：负责北京市海淀区中关村紧急快递配送任务\n任务优先级\n：最高（紧急快递需要立即配送，影响客户紧急需求）\n重要性\n：高（紧急快递关系到客户的生命安全或重要业务）\n操作步骤\n：\n无人机起飞与准备（2025年4月3日 14:00 – 14:15）\nUAV-06至UAV-10\n依次起飞，在指定区域上空进行空中编队，检查飞行状态，确保所有无人机飞行系统正常。\n\n无人机航线规划与任务分配（2025年4月3日 14:15 – 14:30）\nUAV-06\n负责配送从快递站至中关村核心区，包括清华园、北京大学等。\nUAV-07\n负责配送从快递站至中关村东部区域，包括中关村软件园、中关村科技大厦等。\nUAV-08\n负责配送从快递站至中关村西部区域，包括中关村西区、中关村生命科学园等。\nUAV-09\n负责配送从快递站至中关村南部区域，包括中关村商务区、中关村医院等。\nUAV-10\n负责配送从快递站至中关村北部",
                "content1_msg": "无人机名字或代号：UAV-06、UAV-07、UAV-08、UAV-09、UAV-10  \n时间：2025年4月3日 14:00 – 16:00、2025年4月3日 14:00 – 14:15、2025年4月3日 14:15 – 14:30  \n地点：北京市海淀区中关村紧急快递配送站（坐标：39.9900°N, 116.3235°E）、中关村核心区、清华园、北京大学、中关村东部区域、中关村软件园、中关村科技大厦、中关村西部区域、中关村西区、中关村生命科学园、中关村南部区域、中关村商务区、中关村医院、中关村北部  \n任务优先级重要性：最高（紧急快递需要立即配送，影响客户紧急需求）、高（紧急快递关系到客户的生命安全或重要业务）  \n任务描述信息：无人机起飞与准备，依次起飞，在指定区域上空进行空中编队，检查飞行状态，确保所有无人机飞行系统正常；无人机航线规划与任务分配，负责配送从快递站至不同区域。",
                "similarity": 0.8012320285282022
            },
            {
                "content1_para": "务区、中关村医院等。\nUAV-10\n负责配送从快递站至中关村北部区域，包括中关村科技园区、中关村国际会议中心等。\n\n无人机配送执行（2025年4月3日 14:30 – 15:45）\nUAV-06\n从快递站起飞，前往清华园，按既定航线飞行，途中避开交通拥堵区域，将快递投递至指定收件人手中。\nUAV-07\n从快递站起飞，前往中关村软件园，按既定航线飞行，途中避开交通拥堵区域，将快递投递至指定收件人手中。\nUAV-08\n从快递站起飞，前往中关村西区，按既定航线飞行，途中避开交通拥堵区域，将快递投递至指定收件人手中。\nUAV-09\n从快递站起飞，前往中关村商务区，按既定航线飞行，途中避开交通拥堵区域，将快递投递至指定收件人手中。\nUAV-10\n从快递站起飞，前往中关村科技园区，按既定航线飞行，途中避开交通拥堵区域，将快递投递至指定收件人手中。\n\n无人机返航与设备维护（2025年4月3日 15:45 – 16:00）\nUAV-06至UAV-10\n依次返航至快递站，进行电量检查，确保所有无人机电量充足。维护团队对无人机进行快速检查，记录飞行参数与任务日志。",
                "content1_msg": "无人机名字或代号：UAV-10、UAV-06、UAV-07、UAV-08、UAV-09  \n时间：2025年4月3日 14:30 – 15:45、2025年4月3日 15:45 – 16:00  \n地点：快递站、清华园、中关村软件园、中关村西区、中关村商务区、中关村科技园区、中关村北部区域、中关村医院  \n任务优先级重要性：未提及  \n任务描述信息：  \n- UAV-10：负责配送从快递站至中关村北部区域，包括中关村科技园区、中关村国际会议中心等。  \n- UAV-06：从快递站起飞，前往清华园，按既定航线飞行，途中避开交通拥堵区域，将快递投递至指定收件人手中。  \n- UAV-07：从快递站起飞，前往中关村软件园，按既定航线飞行，途中避开交通拥堵区域，将快递投递至指定收件人手中。  \n- UAV-08：从快递站起飞，前往中关村西区，按既定航线飞行，途中避开交通拥堵区域，将快递投递至指定收件人手中。  \n- UAV-09：从快递站起飞，前往中关村商务区，按既定航线飞行，途中避开交通拥堵区域，将快递投递至指定收件人手中。  \n- UAV-10：从快递站起飞，前往中关村科技园区，按既定航线飞行，途中避开交通拥堵区域，将快递投递至指定收件人手中。  \n- UAV-06至UAV-10：依次返航至快递站，进行电量检查，确保所有无人机电量充足。维护团队对无人机进行快速检查，记录飞行参数与任务日志。",
                "similarity": 0.7589397468316421
            }
        ]
    },
    {
        "content2_para": "UAV-11:\n实体关系：紧急快递配送\n时间：2025年4月3日 14:30 – 15:45\n地点：中关村南部区域\n任务优先级重要性：最高\n具体任务：从快递站起飞，前往中关村商务区，按航线投递紧急快递。",
        "matches": [
            {
                "content1_para": "无人机集群紧急快递配送任务\n执行时间\n：2025年4月3日 14:00 – 16:00\n执行地点\n：北京市海淀区中关村紧急快递配送站（坐标：39.9900°N, 116.3235°E）\n执行者\n：\nUAV-06至UAV-10\n：负责北京市海淀区中关村紧急快递配送任务\n任务优先级\n：最高（紧急快递需要立即配送，影响客户紧急需求）\n重要性\n：高（紧急快递关系到客户的生命安全或重要业务）\n操作步骤\n：\n无人机起飞与准备（2025年4月3日 14:00 – 14:15）\nUAV-06至UAV-10\n依次起飞，在指定区域上空进行空中编队，检查飞行状态，确保所有无人机飞行系统正常。\n\n无人机航线规划与任务分配（2025年4月3日 14:15 – 14:30）\nUAV-06\n负责配送从快递站至中关村核心区，包括清华园、北京大学等。\nUAV-07\n负责配送从快递站至中关村东部区域，包括中关村软件园、中关村科技大厦等。\nUAV-08\n负责配送从快递站至中关村西部区域，包括中关村西区、中关村生命科学园等。\nUAV-09\n负责配送从快递站至中关村南部区域，包括中关村商务区、中关村医院等。\nUAV-10\n负责配送从快递站至中关村北部",
                "content1_msg": "无人机名字或代号：UAV-06、UAV-07、UAV-08、UAV-09、UAV-10  \n时间：2025年4月3日 14:00 – 16:00、2025年4月3日 14:00 – 14:15、2025年4月3日 14:15 – 14:30  \n地点：北京市海淀区中关村紧急快递配送站（坐标：39.9900°N, 116.3235°E）、中关村核心区、清华园、北京大学、中关村东部区域、中关村软件园、中关村科技大厦、中关村西部区域、中关村西区、中关村生命科学园、中关村南部区域、中关村商务区、中关村医院、中关村北部  \n任务优先级重要性：最高（紧急快递需要立即配送，影响客户紧急需求）、高（紧急快递关系到客户的生命安全或重要业务）  \n任务描述信息：无人机起飞与准备，依次起飞，在指定区域上空进行空中编队，检查飞行状态，确保所有无人机飞行系统正常；无人机航线规划与任务分配，负责配送从快递站至不同区域。",
                "similarity": 0.7825496017253482
            },
            {
                "content1_para": "务区、中关村医院等。\nUAV-10\n负责配送从快递站至中关村北部区域，包括中关村科技园区、中关村国际会议中心等。\n\n无人机配送执行（2025年4月3日 14:30 – 15:45）\nUAV-06\n从快递站起飞，前往清华园，按既定航线飞行，途中避开交通拥堵区域，将快递投递至指定收件人手中。\nUAV-07\n从快递站起飞，前往中关村软件园，按既定航线飞行，途中避开交通拥堵区域，将快递投递至指定收件人手中。\nUAV-08\n从快递站起飞，前往中关村西区，按既定航线飞行，途中避开交通拥堵区域，将快递投递至指定收件人手中。\nUAV-09\n从快递站起飞，前往中关村商务区，按既定航线飞行，途中避开交通拥堵区域，将快递投递至指定收件人手中。\nUAV-10\n从快递站起飞，前往中关村科技园区，按既定航线飞行，途中避开交通拥堵区域，将快递投递至指定收件人手中。\n\n无人机返航与设备维护（2025年4月3日 15:45 – 16:00）\nUAV-06至UAV-10\n依次返航至快递站，进行电量检查，确保所有无人机电量充足。维护团队对无人机进行快速检查，记录飞行参数与任务日志。",
                "content1_msg": "无人机名字或代号：UAV-10、UAV-06、UAV-07、UAV-08、UAV-09  \n时间：2025年4月3日 14:30 – 15:45、2025年4月3日 15:45 – 16:00  \n地点：快递站、清华园、中关村软件园、中关村西区、中关村商务区、中关村科技园区、中关村北部区域、中关村医院  \n任务优先级重要性：未提及  \n任务描述信息：  \n- UAV-10：负责配送从快递站至中关村北部区域，包括中关村科技园区、中关村国际会议中心等。  \n- UAV-06：从快递站起飞，前往清华园，按既定航线飞行，途中避开交通拥堵区域，将快递投递至指定收件人手中。  \n- UAV-07：从快递站起飞，前往中关村软件园，按既定航线飞行，途中避开交通拥堵区域，将快递投递至指定收件人手中。  \n- UAV-08：从快递站起飞，前往中关村西区，按既定航线飞行，途中避开交通拥堵区域，将快递投递至指定收件人手中。  \n- UAV-09：从快递站起飞，前往中关村商务区，按既定航线飞行，途中避开交通拥堵区域，将快递投递至指定收件人手中。  \n- UAV-10：从快递站起飞，前往中关村科技园区，按既定航线飞行，途中避开交通拥堵区域，将快递投递至指定收件人手中。  \n- UAV-06至UAV-10：依次返航至快递站，进行电量检查，确保所有无人机电量充足。维护团队对无人机进行快速检查，记录飞行参数与任务日志。",
                "similarity": 0.7442279518812726
            }
        ]
    },
    {
        "content2_para": "UAV-12:\n实体关系：紧急快递配送\n时间：2025年4月3日 14:30 – 15:45\n地点：中关村北部区域\n任务优先级重要性：最高\n具体任务：从快递站起飞，前往中关村科技园区，按航线投递紧急快递。",
        "matches": [
            {
                "content1_para": "无人机集群紧急快递配送任务\n执行时间\n：2025年4月3日 14:00 – 16:00\n执行地点\n：北京市海淀区中关村紧急快递配送站（坐标：39.9900°N, 116.3235°E）\n执行者\n：\nUAV-06至UAV-10\n：负责北京市海淀区中关村紧急快递配送任务\n任务优先级\n：最高（紧急快递需要立即配送，影响客户紧急需求）\n重要性\n：高（紧急快递关系到客户的生命安全或重要业务）\n操作步骤\n：\n无人机起飞与准备（2025年4月3日 14:00 – 14:15）\nUAV-06至UAV-10\n依次起飞，在指定区域上空进行空中编队，检查飞行状态，确保所有无人机飞行系统正常。\n\n无人机航线规划与任务分配（2025年4月3日 14:15 – 14:30）\nUAV-06\n负责配送从快递站至中关村核心区，包括清华园、北京大学等。\nUAV-07\n负责配送从快递站至中关村东部区域，包括中关村软件园、中关村科技大厦等。\nUAV-08\n负责配送从快递站至中关村西部区域，包括中关村西区、中关村生命科学园等。\nUAV-09\n负责配送从快递站至中关村南部区域，包括中关村商务区、中关村医院等。\nUAV-10\n负责配送从快递站至中关村北部",
                "content1_msg": "无人机名字或代号：UAV-06、UAV-07、UAV-08、UAV-09、UAV-10  \n时间：2025年4月3日 14:00 – 16:00、2025年4月3日 14:00 – 14:15、2025年4月3日 14:15 – 14:30  \n地点：北京市海淀区中关村紧急快递配送站（坐标：39.9900°N, 116.3235°E）、中关村核心区、清华园、北京大学、中关村东部区域、中关村软件园、中关村科技大厦、中关村西部区域、中关村西区、中关村生命科学园、中关村南部区域、中关村商务区、中关村医院、中关村北部  \n任务优先级重要性：最高（紧急快递需要立即配送，影响客户紧急需求）、高（紧急快递关系到客户的生命安全或重要业务）  \n任务描述信息：无人机起飞与准备，依次起飞，在指定区域上空进行空中编队，检查飞行状态，确保所有无人机飞行系统正常；无人机航线规划与任务分配，负责配送从快递站至不同区域。",
                "similarity": 0.7875610471873065
            },
            {
                "content1_para": "务区、中关村医院等。\nUAV-10\n负责配送从快递站至中关村北部区域，包括中关村科技园区、中关村国际会议中心等。\n\n无人机配送执行（2025年4月3日 14:30 – 15:45）\nUAV-06\n从快递站起飞，前往清华园，按既定航线飞行，途中避开交通拥堵区域，将快递投递至指定收件人手中。\nUAV-07\n从快递站起飞，前往中关村软件园，按既定航线飞行，途中避开交通拥堵区域，将快递投递至指定收件人手中。\nUAV-08\n从快递站起飞，前往中关村西区，按既定航线飞行，途中避开交通拥堵区域，将快递投递至指定收件人手中。\nUAV-09\n从快递站起飞，前往中关村商务区，按既定航线飞行，途中避开交通拥堵区域，将快递投递至指定收件人手中。\nUAV-10\n从快递站起飞，前往中关村科技园区，按既定航线飞行，途中避开交通拥堵区域，将快递投递至指定收件人手中。\n\n无人机返航与设备维护（2025年4月3日 15:45 – 16:00）\nUAV-06至UAV-10\n依次返航至快递站，进行电量检查，确保所有无人机电量充足。维护团队对无人机进行快速检查，记录飞行参数与任务日志。",
                "content1_msg": "无人机名字或代号：UAV-10、UAV-06、UAV-07、UAV-08、UAV-09  \n时间：2025年4月3日 14:30 – 15:45、2025年4月3日 15:45 – 16:00  \n地点：快递站、清华园、中关村软件园、中关村西区、中关村商务区、中关村科技园区、中关村北部区域、中关村医院  \n任务优先级重要性：未提及  \n任务描述信息：  \n- UAV-10：负责配送从快递站至中关村北部区域，包括中关村科技园区、中关村国际会议中心等。  \n- UAV-06：从快递站起飞，前往清华园，按既定航线飞行，途中避开交通拥堵区域，将快递投递至指定收件人手中。  \n- UAV-07：从快递站起飞，前往中关村软件园，按既定航线飞行，途中避开交通拥堵区域，将快递投递至指定收件人手中。  \n- UAV-08：从快递站起飞，前往中关村西区，按既定航线飞行，途中避开交通拥堵区域，将快递投递至指定收件人手中。  \n- UAV-09：从快递站起飞，前往中关村商务区，按既定航线飞行，途中避开交通拥堵区域，将快递投递至指定收件人手中。  \n- UAV-10：从快递站起飞，前往中关村科技园区，按既定航线飞行，途中避开交通拥堵区域，将快递投递至指定收件人手中。  \n- UAV-06至UAV-10：依次返航至快递站，进行电量检查，确保所有无人机电量充足。维护团队对无人机进行快速检查，记录飞行参数与任务日志。",
                "similarity": 0.7524268877081974
            }
        ]
    },
    {
        "content2_para": "UAV-06至UAV-12:\n实体关系：返航与维护\n时间：2025年4月3日 15:45 – 16:00\n地点：北京市海淀区中关村紧急快递配送站\n任务优先级重要性：最高\n具体任务：返航至快递站，检查电量，维护团队进行快速检查。",
        "matches": [
            {
                "content1_para": "无人机集群紧急快递配送任务\n执行时间\n：2025年4月3日 14:00 – 16:00\n执行地点\n：北京市海淀区中关村紧急快递配送站（坐标：39.9900°N, 116.3235°E）\n执行者\n：\nUAV-06至UAV-10\n：负责北京市海淀区中关村紧急快递配送任务\n任务优先级\n：最高（紧急快递需要立即配送，影响客户紧急需求）\n重要性\n：高（紧急快递关系到客户的生命安全或重要业务）\n操作步骤\n：\n无人机起飞与准备（2025年4月3日 14:00 – 14:15）\nUAV-06至UAV-10\n依次起飞，在指定区域上空进行空中编队，检查飞行状态，确保所有无人机飞行系统正常。\n\n无人机航线规划与任务分配（2025年4月3日 14:15 – 14:30）\nUAV-06\n负责配送从快递站至中关村核心区，包括清华园、北京大学等。\nUAV-07\n负责配送从快递站至中关村东部区域，包括中关村软件园、中关村科技大厦等。\nUAV-08\n负责配送从快递站至中关村西部区域，包括中关村西区、中关村生命科学园等。\nUAV-09\n负责配送从快递站至中关村南部区域，包括中关村商务区、中关村医院等。\nUAV-10\n负责配送从快递站至中关村北部",
                "content1_msg": "无人机名字或代号：UAV-06、UAV-07、UAV-08、UAV-09、UAV-10  \n时间：2025年4月3日 14:00 – 16:00、2025年4月3日 14:00 – 14:15、2025年4月3日 14:15 – 14:30  \n地点：北京市海淀区中关村紧急快递配送站（坐标：39.9900°N, 116.3235°E）、中关村核心区、清华园、北京大学、中关村东部区域、中关村软件园、中关村科技大厦、中关村西部区域、中关村西区、中关村生命科学园、中关村南部区域、中关村商务区、中关村医院、中关村北部  \n任务优先级重要性：最高（紧急快递需要立即配送，影响客户紧急需求）、高（紧急快递关系到客户的生命安全或重要业务）  \n任务描述信息：无人机起飞与准备，依次起飞，在指定区域上空进行空中编队，检查飞行状态，确保所有无人机飞行系统正常；无人机航线规划与任务分配，负责配送从快递站至不同区域。",
                "similarity": 0.786640048459186
            },
            {
                "content1_para": "无人机集群快递配送任务\n执行时间\n：2025年4月2日 10:00 – 12:00\n执行地点\n：北京市朝阳区CBD区域快递配送站（坐标：39.9187°N, 116.3974°E）\n执行者\n：\nUAV-01至UAV-05\n：负责北京市朝阳区CBD区域快递配送任务\n任务优先级\n：高（快递时效性要求严格，确保客户满意度）\n重要性\n：高（快递服务是商业活动的重要组成部分，影响企业形象）\n操作步骤\n：\n无人机起飞与准备（2025年4月2日 10:00 – 10:15）\nUAV-01至UAV-05\n依次起飞，在指定区域上空进行空中编队，检查飞行状态，确保所有无人机飞行系统正常。\n\n无人机航线规划与任务分配（2025年4月2日 10:15 – 10:30）\nUAV-01\n负责配送从快递站至朝阳区三环以内区域的快递，包括东方广场、国贸大厦等标志性建筑。\nUAV-02\n负责配送从快递站至朝阳区三环以外的区域，包括望京、亚运村等区域。\nUAV-03\n负责配送从快递站至朝阳区东部区域，包括CBD核心区、财富中心等。\nUAV-04\n负责配送从快递站至朝阳区南部区域，包括CBD商务区、朝阳公园等。\nUAV-05\n负责配送从快递站至朝",
                "content1_msg": "无人机名字或代号：UAV-01、UAV-02、UAV-03、UAV-04、UAV-05  \n时间：2025年4月2日 10:00 – 12:00、2025年4月2日 10:00 – 10:15、2025年4月2日 10:15 – 10:30  \n地点：北京市朝阳区CBD区域快递配送站（坐标：39.9187°N, 116.3974°E）、朝阳区三环以内区域（东方广场、国贸大厦等）、朝阳区三环以外区域（望京、亚运村等）、朝阳区东部区域（CBD核心区、财富中心等）、朝阳区南部区域（CBD商务区、朝阳公园等）  \n任务优先级重要性：高  \n任务描述信息：无人机起飞与准备，依次起飞，在指定区域上空进行空中编队，检查飞行状态，确保所有无人机飞行系统正常；无人机航线规划与任务分配，负责配送从快递站至不同区域的快递任务。",
                "similarity": 0.7243867686413872
            }
        ]
    }
]