[
    {
        "paragraph": "UAV-01:\n实体关系：快递接收与装载\n时间：2023年11月5日 08:00 – 08:30\n地点：上海市静安区快递配送中心（31.2374°N, 121.4905°E）\n任务优先级重要性：高\n具体任务：系统检查，导航精度≤5m，电量≥95%，数据传输稳定，08:10装载快递包裹A。"
    },
    {
        "paragraph": "UAV-02:\n实体关系：快递接收与装载\n时间：2023年11月5日 08:00 – 08:30\n地点：上海市静安区快递配送中心（31.2374°N, 121.4905°E）\n任务优先级重要性：高\n具体任务：系统检查，导航精度≤5m，电量≥95%，数据传输稳定，08:10装载快递包裹B。"
    },
    {
        "paragraph": "UAV-03:\n实体关系：快递接收与装载\n时间：2023年11月5日 08:00 – 08:30\n地点：上海市静安区快递配送中心（31.2374°N, 121.4905°E）\n任务优先级重要性：高\n具体任务：系统检查，导航精度≤5m，电量≥95%，数据传输稳定，08:10装载快递包裹C。"
    },
    {
        "paragraph": "UAV-01:\n实体关系：紧急快递配送\n时间：2023年11月5日 08:30 – 09:30\n地点：上海市静安区至浦东新区（31.2304°N, 121.5074°E）\n任务优先级重要性：高\n具体任务：08:30起飞，飞行高度150m，速度20 km/h，配送快递包裹A至浦东新区居民区。"
    },
    {
        "paragraph": "UAV-02:\n实体关系：紧急快递配送\n时间：2023年11月5日 08:35 – 09:30\n地点：上海市静安区至浦东新区（31.2304°N, 121.5074°E）\n任务优先级重要性：高\n具体任务：08:35起飞，飞行高度150m，速度20 km/h，配送快递包裹B至浦东新区公司。"
    },
    {
        "paragraph": "UAV-03:\n实体关系：紧急快递配送\n时间：2023年11月5日 08:40 – 09:30\n地点：上海市静安区至浦东新区（31.2304°N, 121.5074°E）\n任务优先级重要性：高\n具体任务：08:40起飞，飞行高度150m，速度20 km/h，配送快递包裹C至浦东新区医院。"
    },
    {
        "paragraph": "UAV-01、UAV-02、UAV-03:\n实体关系：数据回传与异常监控\n时间：2023年11月5日 09:30 – 09:45\n地点：上海市静安区快递配送中心\n任务优先级重要性：高\n具体任务：实时回传位置与状态数据，数据分析团队实时监控数据质量。"
    },
    {
        "paragraph": "UAV-01、UAV-02、UAV-03:\n实体关系：返航与设备维护\n时间：2023年11月5日 09:45 – 10:00\n地点：上海市静安区快递配送中心\n任务优先级重要性：中\n具体任务：按预定航线返航，飞行高度100m，设备检查，数据备份，维护工程师检测设备。"
    }
]