[
    {
        "paragraph": "子任务1：紧急快递配送任务",
        "key_message": "无人机名字或代号：未提及  \n时间：未提及  \n地点：未提及  \n任务优先级重要性：紧急  \n任务描述信息：快递配送任务"
    },
    {
        "paragraph": "无人机准备与设备检查\n执行时间：2023年11月5日 08:00 – 08:30\n执行地点：上海市静安区快递配送中心（坐标：31.2374°N, 121.4905°E）\n执行者：\nUAV-01：负责快递接收与装载\nUAV-02：负责快递接收与装载\nUAV-03：负责快递接收与装载\n任务优先级：高（确保紧急快递及时送达）\n操作步骤：\n设备自检与环境适配（2023年11月5日 08:00 – 08:10）\nUAV-01至UAV-03依次进行系统检查，确保以下核心模块正常工作：\n导航系统\n（GPS定位，精度≤5m，确保航线精准）\n电池续航\n（电量≥95%，确保飞行时间≥30分钟）\n数据传输模块\n（4G网络，确保数据传输稳定）\n电量检查：确保每架无人机电量充足。\n快递装载规划（2023年11月5日 08:10 – 08:30）\nUAV-01装载快递包裹A，UAV-02装载快递包裹B，UAV-03装载快递包裹C。\n\n————————————————————————————————————————————————————————————————————————————————-",
        "key_message": "无人机名字或代号：UAV-01、UAV-02、UAV-03  \n时间：2023年11月5日 08:00 – 08:30、2023年11月5日 08:00 – 08:10、2023年11月5日 08:10 – 08:30  \n地点：上海市静安区快递配送中心（坐标：31.2374°N, 121.4905°E）  \n任务优先级重要性：高  \n任务描述信息：设备自检与环境适配，包括导航系统、电池续航、数据传输模块检查；快递装载规划，UAV-01装载快递包裹A，UAV-02装载快递包裹B，UAV-03装载快递包裹C。"
    },
    {
        "paragraph": "紧急快递配送\n执行时间：2023年11月5日 08:30 – 09:30\n执行地点：上海市静安区至浦东新区（坐标：31.2304°N, 121.5074°E）\n执行者：\nUAV-01：负责快递包裹A的配送\nUAV-02：负责快递包裹B的配送\nUAV-03：负责快递包裹C的配送\n任务优先级：高（确保紧急快递及时送达）\n操作步骤：\nUAV-01于2023年11月5日 08:30起飞，执行以下配送任务：\n飞行高度：150m（确保安全飞行与视线开阔）\n飞行速度：20 km/h（确保高效配送）\n目的地：上海市浦东新区某居民区（坐标：31.2304°N, 121.5074°E）\nUAV-02于2023年11月5日 08:35起飞，执行以下配送任务：\n飞行高度：150m\n飞行速度：20 km/h\n目的地：上海市浦东新区某公司（坐标：31.2304°N, 121.5074°E）\nUAV-03于2023年11月5日 08:40起飞，执行以下配送任务：\n飞行高度：150m\n飞行速度：20 km/h\n目的地：上海市浦东新区某医院（坐标：31.2304°N, 121.5074°E）\n\n————————————————————————",
        "key_message": "无人机名字或代号：UAV-01、UAV-02、UAV-03  \n时间：2023年11月5日 08:30 – 09:30、2023年11月5日 08:30、2023年11月5日 08:35、2023年11月5日 08:40  \n地点：上海市静安区至浦东新区（坐标：31.2304°N, 121.5074°E）、上海市浦东新区某居民区（坐标：31.2304°N, 121.5074°E）、上海市浦东新区某公司（坐标：31.2304°N, 121.5074°E）、上海市浦东新区某医院（坐标：31.2304°N, 121.5074°E）  \n任务优先级重要性：高（确保紧急快递及时送达）  \n任务描述信息：UAV-01负责快递包裹A的配送，于2023年11月5日 08:30起飞，飞行高度150m，飞行速度20 km/h，目的地为上海市浦东新区某居民区；UAV-02负责快递包裹B的配送，于2023年11月5日 08:35起飞，飞行高度150m，飞行速度20 km/h，目的地为上海市浦东新区某公司；UAV-03负责快递包裹C的配送，于2023年11月5日 08:40起飞，飞行高度150m，飞行速度20 km/h，目的地为上海市浦东新区某医院。"
    },
    {
        "paragraph": "074°E）\n\n————————————————————————————————————————————————————————————————————————————————-",
        "key_message": "无人机名字或代号：未提及  \n时间：未提及  \n地点：未提及  \n任务优先级重要性：未提及  \n任务描述信息：未提及"
    },
    {
        "paragraph": "实时数据回传与异常监控\n执行时间：2023年11月5日 09:30 – 09:45\n执行地点：上海市静安区快递配送中心\n执行者：\nUAV-01、UAV-02、UAV-03：数据回传与实时监测\n数据分析团队：实时监控与数据质量审核\n任务优先级：高（确保配送过程透明与数据准确）\n操作步骤：\n实时回传数据：无人机通过4G网络实时回传位置与状态数据。\n数据完整性检查：分析团队实时比对各航段数据，确保配送路径正确。\n异常处理：如发现以下异常，立即触发应急响应流程：\n导航异常\n电量低于安全阈值\n数据传输中断\n\n————————————————————————————————————————————————————————————————————————————————-",
        "key_message": "无人机名字或代号：UAV-01、UAV-02、UAV-03  \n时间：2023年11月5日 09:30 – 09:45  \n地点：上海市静安区快递配送中心  \n任务优先级重要性：高  \n任务描述信息：数据回传与实时监测、通过4G网络实时回传位置与状态数据、实时监控与数据质量审核、确保配送过程透明与数据准确、实时比对各航段数据、确保配送路径正确、导航异常处理、电量低于安全阈值处理、数据传输中断处理"
    },
    {
        "paragraph": "返航与设备维护\n执行时间：2023年11月5日 09:45 – 10:00\n执行地点：上海市静安区快递配送中心\n执行者：\nUAV-01、UAV-02、UAV-03：执行返航与数据备份\n维护工程师：执行设备检查与维护\n任务优先级：中（确保无人机设备状态良好，为后续任务做准备）\n操作步骤：\nUAV-01至UAV-03按预定航线返航，确保飞行高度100m，避开地面障碍物。\n设备检查与数据备份：检查影像存储设备，确保数据完整无损。\n维护工程师完成设备电池、电机、传感器的性能检测，记录飞行日志。\n\n————————————————————————————————————————————————————————————————————————————————-",
        "key_message": "无人机名字或代号：UAV-01、UAV-02、UAV-03  \n时间：2023年11月5日 09:45 – 10:00  \n地点：上海市静安区快递配送中心  \n任务优先级重要性：中  \n任务描述信息：UAV-01至UAV-03按预定航线返航，确保飞行高度100m，避开地面障碍物；执行返航与数据备份；检查影像存储设备，确保数据完整无损；维护工程师完成设备电池、电机、传感器的性能检测，记录飞行日志。"
    },
    {
        "paragraph": "目标完成标准\n目标达成标准：\n快递包裹A、B、C在预定时间内送达目的地。\n数据实时回传延迟≤5秒，配送路径准确无误。\n设备维护要求：\n确保无人机航行稳定性与系统模块正常工作。\n设备清洁与电池电量恢复至100%，为下一次任务做好准备。",
        "key_message": "无人机名字或代号：未提及  \n时间：未提及  \n地点：未提及  \n任务优先级重要性：未提及  \n任务描述信息：快递包裹A、B、C在预定时间内送达目的地，数据实时回传延迟≤5秒，配送路径准确无误，确保无人机航行稳定性与系统模块正常工作，设备清洁与电池电量恢复至100%。"
    }
]