[
    {
        "paragraph": "UAV-01:\n实体关系：快递配送\n时间：2023年11月15日 09:00\n地点：XX小区东门\n任务优先级重要性：高\n具体任务：进行系统自检，确保飞行控制系统、通信模块、快递投放系统正常，电池电量≥80%。"
    },
    {
        "paragraph": "UAV-02:\n实体关系：快递配送\n时间：2023年11月15日 09:00\n地点：XX小区西门\n任务优先级重要性：高\n具体任务：进行系统自检，确保飞行控制系统、通信模块、快递投放系统正常，电池电量≥80%。"
    },
    {
        "paragraph": "UAV-03:\n实体关系：备用无人机\n时间：2023年11月15日 09:00\n地点：XX小区临时无人机调度站\n任务优先级重要性：高\n具体任务：待命，准备随时接替快递配送任务。"
    },
    {
        "paragraph": "UAV-04:\n实体关系：监控中心\n时间：2023年11月15日 09:00\n地点：XX小区临时无人机调度站\n任务优先级重要性：高\n具体任务：启动监控中心系统，准备接收无人机数据。"
    },
    {
        "paragraph": "UAV-01:\n实体关系：快递装载与起飞\n时间：2023年11月15日 09:10\n地点：XX小区东门\n任务优先级重要性：高\n具体任务：装载1-5号楼的快递，起飞前检查快递数量与状态。"
    },
    {
        "paragraph": "UAV-02:\n实体关系：快递装载与起飞\n时间：2023年11月15日 09:10\n地点：XX小区西门\n任务优先级重要性：高\n具体任务：装载6-10号楼的快递，起飞前检查快递数量与状态。"
    },
    {
        "paragraph": "UAV-01:\n实体关系：快递配送\n时间：2023年11月15日 09:15\n地点：XX小区东门\n任务优先级重要性：高\n具体任务：从东门起飞，前往1-5号楼，飞行高度100米，速度20 km/h。"
    },
    {
        "paragraph": "UAV-02:\n实体关系：快递配送\n时间：2023年11月15日 09:15\n地点：XX小区西门\n任务优先级重要性：高\n具体任务：从西门起飞，前往6-10号楼，飞行高度100米，速度20 km/h。"
    },
    {
        "paragraph": "UAV-03:\n实体关系：监控与应急\n时间：2023年11月15日 09:15\n地点：XX小区临时无人机调度站\n任务优先级重要性：高\n具体任务：监控UAV-01和UAV-02的飞行状态，确保任务顺利进行。"
    },
    {
        "paragraph": "UAV-01:\n实体关系：快递投放与数据回传\n时间：2023年11月15日 10:30\n地点：1-5号楼\n任务优先级重要性：高\n具体任务：到达1-5号楼，按照指定地址投放快递，并返回XX小区东门。"
    },
    {
        "paragraph": "UAV-02:\n实体关系：快递投放与数据回传\n时间：2023年11月15日 10:30\n地点：6-10号楼\n任务优先级重要性：高\n具体任务：到达6-10号楼，按照指定地址投放快递，并返回XX小区西门。"
    },
    {
        "paragraph": "UAV-03:\n实体关系：应急配送与数据回传\n时间：2023年11月15日 10:30\n地点：XX小区临时无人机调度站\n任务优先级重要性：高\n具体任务：接替UAV-01和UAV-02的任务，准备下一次配送。"
    },
    {
        "paragraph": "UAV-04:\n实体关系：数据汇总与任务结束\n时间：2023年11月15日 11:00\n地点：XX小区临时无人机调度站\n任务优先级重要性：高\n具体任务：接收UAV-01、UAV-02和UAV-03的数据回传，记录快递配送情况。"
    },
    {
        "paragraph": "UAV-01、UAV-02、UAV-03:\n实体关系：返航与维护\n时间：2023年11月15日 11:00\n地点：XX小区临时无人机调度站\n任务优先级重要性：高\n具体任务：返回XX小区临时无人机调度站，完成充电与数据备份。"
    },
    {
        "paragraph": "UAV-01:\n实体关系：数据分析\n时间：2023年11月15日 13:00\n地点：XX小区临时无人机调度站\n任务优先级重要性：中\n具体任务：分析之前的配送数据，识别配送瓶颈。"
    },
    {
        "paragraph": "UAV-02:\n实体关系：数据分析\n时间：2023年11月15日 13:00\n地点：XX小区临时无人机调度站\n任务优先级重要性：中\n具体任务：分析之前的配送数据，识别配送瓶颈。"
    },
    {
        "paragraph": "UAV-03:\n实体关系：数据分析\n时间：2023年11月15日 13:00\n地点：XX小区临时无人机调度站\n任务优先级重要性：中\n具体任务：分析之前的配送数据，识别配送瓶颈。"
    },
    {
        "paragraph": "UAV-04:\n实体关系：数据汇总\n时间：2023年11月15日 13:00\n地点：XX小区临时无人机调度站\n任务优先级重要性：中\n具体任务：根据分析结果，制定优化配送方案。"
    },
    {
        "paragraph": "UAV-01:\n实体关系：优化航线规划\n时间：2023年11月15日 13:10\n地点：XX小区临时无人机调度站\n任务优先级重要性：中\n具体任务：根据优化方案，重新规划1-5号楼的配送航线。"
    },
    {
        "paragraph": "UAV-02:\n实体关系：优化航线规划\n时间：2023年11月15日 13:10\n地点：XX小区临时无人机调度站\n任务优先级重要性：中\n具体任务：根据优化方案，重新规划6-10号楼的配送航线。"
    },
    {
        "paragraph": "UAV-01:\n实体关系：优化配送任务\n时间：2023年11月15日 13:20\n地点：XX小区临时无人机调度站\n任务优先级重要性：中\n具体任务：按照优化后的航线进行配送，记录配送时间与效率。"
    },
    {
        "paragraph": "UAV-02:\n实体关系：优化配送任务\n时间：2023年11月15日 13:20\n地点：XX小区临时无人机调度站\n任务优先级重要性：中\n具体任务：按照优化后的航线进行配送，记录配送时间与效率。"
    },
    {
        "paragraph": "UAV-03:\n实体关系：数据对比与分析\n时间：2023年11月15日 14:40\n地点：XX小区临时无人机调度站\n任务优先级重要性：中\n具体任务：对比优化前后的配送数据，分析优化效果。"
    },
    {
        "paragraph": "UAV-04:\n实体关系：数据对比与分析\n时间：2023年11月15日 14:40\n地点：XX小区临时无人机调度站\n任务优先级重要性：中\n具体任务：根据数据对比结果，调整优化方案。"
    },
    {
        "paragraph": "UAV-01、UAV-02、UAV-03:\n实体关系：任务总结与反馈\n时间：2023年11月15日 15:00\n地点：XX小区临时无人机调度站\n任务优先级重要性：中\n具体任务：返回XX小区临时无人机调度站，完成充电与数据备份。"
    },
    {
        "paragraph": "UAV-04:\n实体关系：任务总结与反馈\n时间：2023年11月15日 15:00\n地点：XX小区临时无人机调度站\n任务优先级重要性：中\n具体任务：将优化方案反馈给运营团队，为后续配送任务提供参考。"
    }
]