[
    {
        "content2_para": "UAV-01:\n实体关系：世纪大道至浦电路段快递配送\n时间：2023年10月10日 09:00 – 09:30\n地点：上海市浦东新区快递配送区域\n任务优先级重要性：高\n具体任务：进行系统自检，电量充足，规划配送路线。",
        "matches": [
            {
                "content1_para": "无人机设备检查与任务准备（2023年10月10日 09:00 – 09:30）\n   - UAV-01至UAV-03依次进行系统自检，确保以下核心模块正常运行：\n     - 电池续航\n     - 通信系统\n     - 飞行控制系统\n     - 识别与导航系统\n   - 检查无人机电量，确保电量充足。\n   - 规划配送路线，考虑交通状况和配送点分布。",
                "content1_msg": "无人机名字或代号：UAV-01、UAV-02、UAV-03  \n时间：2023年10月10日 09:00 – 09:30  \n地点：未提及  \n任务优先级重要性：未提及  \n任务描述信息：系统自检（包括电池续航、通信系统、飞行控制系统、识别与导航系统），检查无人机电量，规划配送路线。",
                "similarity": 0.7618526245003844
            },
            {
                "content1_para": "无人机集群快递配送任务\n执行时间\n：2023年10月10日 09:00 – 11:30\n执行地点\n：上海市浦东新区快递配送区域（东至世纪大道，西至浦电路，南至陆家嘴金融贸易区，北至张杨路）\n执行者\n：\nUAV-01\n：负责世纪大道至浦电路段快递配送任务\nUAV-02\n：负责浦电路至张杨路段快递配送任务\nUAV-03\n：负责陆家嘴金融贸易区快递配送任务\n任务优先级\n：高（确保快递准时送达，提升客户满意度）\n重要性\n：重要（快递配送是日常运营的关键环节）\n操作步骤\n：",
                "content1_msg": "无人机名字或代号：UAV-01、UAV-02、UAV-03  \n时间：2023年10月10日 09:00 – 11:30  \n地点：上海市浦东新区快递配送区域（东至世纪大道，西至浦电路，南至陆家嘴金融贸易区，北至张杨路）  \n任务优先级重要性：高、重要  \n任务描述信息：未提及（操作步骤未提供具体内容，仅列出任务分配区域）",
                "similarity": 0.7406481989592584
            }
        ]
    },
    {
        "content2_para": "UAV-02:\n实体关系：浦电路至张杨路段快递配送\n时间：2023年10月10日 09:00 – 09:30\n地点：上海市浦东新区快递配送区域\n任务优先级重要性：高\n具体任务：进行系统自检，电量充足，规划配送路线。",
        "matches": [
            {
                "content1_para": "无人机设备检查与任务准备（2023年10月10日 09:00 – 09:30）\n   - UAV-01至UAV-03依次进行系统自检，确保以下核心模块正常运行：\n     - 电池续航\n     - 通信系统\n     - 飞行控制系统\n     - 识别与导航系统\n   - 检查无人机电量，确保电量充足。\n   - 规划配送路线，考虑交通状况和配送点分布。",
                "content1_msg": "无人机名字或代号：UAV-01、UAV-02、UAV-03  \n时间：2023年10月10日 09:00 – 09:30  \n地点：未提及  \n任务优先级重要性：未提及  \n任务描述信息：系统自检（包括电池续航、通信系统、飞行控制系统、识别与导航系统），检查无人机电量，规划配送路线。",
                "similarity": 0.7711150074845458
            },
            {
                "content1_para": "无人机集群快递配送任务\n执行时间\n：2023年10月10日 09:00 – 11:30\n执行地点\n：上海市浦东新区快递配送区域（东至世纪大道，西至浦电路，南至陆家嘴金融贸易区，北至张杨路）\n执行者\n：\nUAV-01\n：负责世纪大道至浦电路段快递配送任务\nUAV-02\n：负责浦电路至张杨路段快递配送任务\nUAV-03\n：负责陆家嘴金融贸易区快递配送任务\n任务优先级\n：高（确保快递准时送达，提升客户满意度）\n重要性\n：重要（快递配送是日常运营的关键环节）\n操作步骤\n：",
                "content1_msg": "无人机名字或代号：UAV-01、UAV-02、UAV-03  \n时间：2023年10月10日 09:00 – 11:30  \n地点：上海市浦东新区快递配送区域（东至世纪大道，西至浦电路，南至陆家嘴金融贸易区，北至张杨路）  \n任务优先级重要性：高、重要  \n任务描述信息：未提及（操作步骤未提供具体内容，仅列出任务分配区域）",
                "similarity": 0.7307014950484307
            }
        ]
    },
    {
        "content2_para": "UAV-03:\n实体关系：陆家嘴金融贸易区快递配送\n时间：2023年10月10日 09:00 – 09:30\n地点：上海市浦东新区快递配送区域\n任务优先级重要性：高\n具体任务：进行系统自检，电量充足，规划配送路线。",
        "matches": [
            {
                "content1_para": "无人机设备检查与任务准备（2023年10月10日 09:00 – 09:30）\n   - UAV-01至UAV-03依次进行系统自检，确保以下核心模块正常运行：\n     - 电池续航\n     - 通信系统\n     - 飞行控制系统\n     - 识别与导航系统\n   - 检查无人机电量，确保电量充足。\n   - 规划配送路线，考虑交通状况和配送点分布。",
                "content1_msg": "无人机名字或代号：UAV-01、UAV-02、UAV-03  \n时间：2023年10月10日 09:00 – 09:30  \n地点：未提及  \n任务优先级重要性：未提及  \n任务描述信息：系统自检（包括电池续航、通信系统、飞行控制系统、识别与导航系统），检查无人机电量，规划配送路线。",
                "similarity": 0.7592696572190428
            },
            {
                "content1_para": "无人机集群快递配送任务\n执行时间\n：2023年10月10日 09:00 – 11:30\n执行地点\n：上海市浦东新区快递配送区域（东至世纪大道，西至浦电路，南至陆家嘴金融贸易区，北至张杨路）\n执行者\n：\nUAV-01\n：负责世纪大道至浦电路段快递配送任务\nUAV-02\n：负责浦电路至张杨路段快递配送任务\nUAV-03\n：负责陆家嘴金融贸易区快递配送任务\n任务优先级\n：高（确保快递准时送达，提升客户满意度）\n重要性\n：重要（快递配送是日常运营的关键环节）\n操作步骤\n：",
                "content1_msg": "无人机名字或代号：UAV-01、UAV-02、UAV-03  \n时间：2023年10月10日 09:00 – 11:30  \n地点：上海市浦东新区快递配送区域（东至世纪大道，西至浦电路，南至陆家嘴金融贸易区，北至张杨路）  \n任务优先级重要性：高、重要  \n任务描述信息：未提及（操作步骤未提供具体内容，仅列出任务分配区域）",
                "similarity": 0.7460660823554071
            }
        ]
    },
    {
        "content2_para": "UAV-01:\n实体关系：快递装载与起飞\n时间：2023年10月10日 09:30 – 09:45\n地点：上海市浦东新区快递配送区域\n任务优先级重要性：高\n具体任务：装载快递包裹，起飞至指定高度。",
        "matches": [
            {
                "content1_para": "快递装载与起飞（2023年10月10日 09:30 – 09:45）\n   - UAV-01装载快递包裹，总重量不超过5公斤。\n   - UAV-02装载快递包裹，总重量不超过5公斤。\n   - UAV-03装载快递包裹，总重量不超过5公斤。\n   - 三架无人机依次起飞至指定高度，准备开始配送。",
                "content1_msg": "无人机名字或代号：UAV-01、UAV-02、UAV-03  \n时间：2023年10月10日 09:30 – 09:45  \n地点：未提及  \n任务优先级重要性：未提及  \n任务描述信息：装载快递包裹（每架无人机总重量不超过5公斤），依次起飞至指定高度，准备开始配送。",
                "similarity": 0.7533706365456212
            },
            {
                "content1_para": "无人机集群快递配送任务\n执行时间\n：2023年10月10日 09:00 – 11:30\n执行地点\n：上海市浦东新区快递配送区域（东至世纪大道，西至浦电路，南至陆家嘴金融贸易区，北至张杨路）\n执行者\n：\nUAV-01\n：负责世纪大道至浦电路段快递配送任务\nUAV-02\n：负责浦电路至张杨路段快递配送任务\nUAV-03\n：负责陆家嘴金融贸易区快递配送任务\n任务优先级\n：高（确保快递准时送达，提升客户满意度）\n重要性\n：重要（快递配送是日常运营的关键环节）\n操作步骤\n：",
                "content1_msg": "无人机名字或代号：UAV-01、UAV-02、UAV-03  \n时间：2023年10月10日 09:00 – 11:30  \n地点：上海市浦东新区快递配送区域（东至世纪大道，西至浦电路，南至陆家嘴金融贸易区，北至张杨路）  \n任务优先级重要性：高、重要  \n任务描述信息：未提及（操作步骤未提供具体内容，仅列出任务分配区域）",
                "similarity": 0.7113115601740648
            }
        ]
    },
    {
        "content2_para": "UAV-02:\n实体关系：快递装载与起飞\n时间：2023年10月10日 09:30 – 09:45\n地点：上海市浦东新区快递配送区域\n任务优先级重要性：高\n具体任务：装载快递包裹，起飞至指定高度。",
        "matches": [
            {
                "content1_para": "快递装载与起飞（2023年10月10日 09:30 – 09:45）\n   - UAV-01装载快递包裹，总重量不超过5公斤。\n   - UAV-02装载快递包裹，总重量不超过5公斤。\n   - UAV-03装载快递包裹，总重量不超过5公斤。\n   - 三架无人机依次起飞至指定高度，准备开始配送。",
                "content1_msg": "无人机名字或代号：UAV-01、UAV-02、UAV-03  \n时间：2023年10月10日 09:30 – 09:45  \n地点：未提及  \n任务优先级重要性：未提及  \n任务描述信息：装载快递包裹（每架无人机总重量不超过5公斤），依次起飞至指定高度，准备开始配送。",
                "similarity": 0.7532584606041539
            },
            {
                "content1_para": "无人机集群快递配送任务\n执行时间\n：2023年10月10日 09:00 – 11:30\n执行地点\n：上海市浦东新区快递配送区域（东至世纪大道，西至浦电路，南至陆家嘴金融贸易区，北至张杨路）\n执行者\n：\nUAV-01\n：负责世纪大道至浦电路段快递配送任务\nUAV-02\n：负责浦电路至张杨路段快递配送任务\nUAV-03\n：负责陆家嘴金融贸易区快递配送任务\n任务优先级\n：高（确保快递准时送达，提升客户满意度）\n重要性\n：重要（快递配送是日常运营的关键环节）\n操作步骤\n：",
                "content1_msg": "无人机名字或代号：UAV-01、UAV-02、UAV-03  \n时间：2023年10月10日 09:00 – 11:30  \n地点：上海市浦东新区快递配送区域（东至世纪大道，西至浦电路，南至陆家嘴金融贸易区，北至张杨路）  \n任务优先级重要性：高、重要  \n任务描述信息：未提及（操作步骤未提供具体内容，仅列出任务分配区域）",
                "similarity": 0.712092500229912
            }
        ]
    },
    {
        "content2_para": "UAV-03:\n实体关系：快递装载与起飞\n时间：2023年10月10日 09:30 – 09:45\n地点：上海市浦东新区快递配送区域\n任务优先级重要性：高\n具体任务：装载快递包裹，起飞至指定高度。",
        "matches": [
            {
                "content1_para": "快递装载与起飞（2023年10月10日 09:30 – 09:45）\n   - UAV-01装载快递包裹，总重量不超过5公斤。\n   - UAV-02装载快递包裹，总重量不超过5公斤。\n   - UAV-03装载快递包裹，总重量不超过5公斤。\n   - 三架无人机依次起飞至指定高度，准备开始配送。",
                "content1_msg": "无人机名字或代号：UAV-01、UAV-02、UAV-03  \n时间：2023年10月10日 09:30 – 09:45  \n地点：未提及  \n任务优先级重要性：未提及  \n任务描述信息：装载快递包裹（每架无人机总重量不超过5公斤），依次起飞至指定高度，准备开始配送。",
                "similarity": 0.7530909715523351
            },
            {
                "content1_para": "无人机集群快递配送任务\n执行时间\n：2023年10月10日 09:00 – 11:30\n执行地点\n：上海市浦东新区快递配送区域（东至世纪大道，西至浦电路，南至陆家嘴金融贸易区，北至张杨路）\n执行者\n：\nUAV-01\n：负责世纪大道至浦电路段快递配送任务\nUAV-02\n：负责浦电路至张杨路段快递配送任务\nUAV-03\n：负责陆家嘴金融贸易区快递配送任务\n任务优先级\n：高（确保快递准时送达，提升客户满意度）\n重要性\n：重要（快递配送是日常运营的关键环节）\n操作步骤\n：",
                "content1_msg": "无人机名字或代号：UAV-01、UAV-02、UAV-03  \n时间：2023年10月10日 09:00 – 11:30  \n地点：上海市浦东新区快递配送区域（东至世纪大道，西至浦电路，南至陆家嘴金融贸易区，北至张杨路）  \n任务优先级重要性：高、重要  \n任务描述信息：未提及（操作步骤未提供具体内容，仅列出任务分配区域）",
                "similarity": 0.7121960931025316
            }
        ]
    },
    {
        "content2_para": "UAV-01:\n实体关系：快递配送执行\n时间：2023年10月10日 09:45 – 11:15\n地点：上海市浦东新区快递配送区域\n任务优先级重要性：高\n具体任务：从世纪大道出发，沿路向浦电路方向配送快递。",
        "matches": [
            {
                "content1_para": "快递配送执行（2023年10月10日 09:45 – 11:15）\n   - UAV-01从世纪大道出发，沿路向浦电路方向配送快递。\n   - UAV-02从浦电路出发，沿路向张杨路方向配送快递。\n   - UAV-03在陆家嘴金融贸易区内进行精准配送。\n   - 每架无人机在配送过程中，实时更新位置信息，确保路径优化。",
                "content1_msg": "无人机名字或代号：UAV-01、UAV-02、UAV-03  \n时间：2023年10月10日 09:45 – 11:15  \n地点：世纪大道、浦电路、张杨路、陆家嘴金融贸易区  \n任务优先级重要性：未提及  \n任务描述信息：从指定地点出发，沿路向目标方向配送快递，并实时更新位置信息确保路径优化。",
                "similarity": 0.8082066221353782
            },
            {
                "content1_para": "无人机集群快递配送任务\n执行时间\n：2023年10月10日 09:00 – 11:30\n执行地点\n：上海市浦东新区快递配送区域（东至世纪大道，西至浦电路，南至陆家嘴金融贸易区，北至张杨路）\n执行者\n：\nUAV-01\n：负责世纪大道至浦电路段快递配送任务\nUAV-02\n：负责浦电路至张杨路段快递配送任务\nUAV-03\n：负责陆家嘴金融贸易区快递配送任务\n任务优先级\n：高（确保快递准时送达，提升客户满意度）\n重要性\n：重要（快递配送是日常运营的关键环节）\n操作步骤\n：",
                "content1_msg": "无人机名字或代号：UAV-01、UAV-02、UAV-03  \n时间：2023年10月10日 09:00 – 11:30  \n地点：上海市浦东新区快递配送区域（东至世纪大道，西至浦电路，南至陆家嘴金融贸易区，北至张杨路）  \n任务优先级重要性：高、重要  \n任务描述信息：未提及（操作步骤未提供具体内容，仅列出任务分配区域）",
                "similarity": 0.721063129950907
            }
        ]
    },
    {
        "content2_para": "UAV-02:\n实体关系：快递配送执行\n时间：2023年10月10日 09:45 – 11:15\n地点：上海市浦东新区快递配送区域\n任务优先级重要性：高\n具体任务：从浦电路出发，沿路向张杨路方向配送快递。",
        "matches": [
            {
                "content1_para": "快递配送执行（2023年10月10日 09:45 – 11:15）\n   - UAV-01从世纪大道出发，沿路向浦电路方向配送快递。\n   - UAV-02从浦电路出发，沿路向张杨路方向配送快递。\n   - UAV-03在陆家嘴金融贸易区内进行精准配送。\n   - 每架无人机在配送过程中，实时更新位置信息，确保路径优化。",
                "content1_msg": "无人机名字或代号：UAV-01、UAV-02、UAV-03  \n时间：2023年10月10日 09:45 – 11:15  \n地点：世纪大道、浦电路、张杨路、陆家嘴金融贸易区  \n任务优先级重要性：未提及  \n任务描述信息：从指定地点出发，沿路向目标方向配送快递，并实时更新位置信息确保路径优化。",
                "similarity": 0.807092372905947
            },
            {
                "content1_para": "无人机集群快递配送任务\n执行时间\n：2023年10月10日 09:00 – 11:30\n执行地点\n：上海市浦东新区快递配送区域（东至世纪大道，西至浦电路，南至陆家嘴金融贸易区，北至张杨路）\n执行者\n：\nUAV-01\n：负责世纪大道至浦电路段快递配送任务\nUAV-02\n：负责浦电路至张杨路段快递配送任务\nUAV-03\n：负责陆家嘴金融贸易区快递配送任务\n任务优先级\n：高（确保快递准时送达，提升客户满意度）\n重要性\n：重要（快递配送是日常运营的关键环节）\n操作步骤\n：",
                "content1_msg": "无人机名字或代号：UAV-01、UAV-02、UAV-03  \n时间：2023年10月10日 09:00 – 11:30  \n地点：上海市浦东新区快递配送区域（东至世纪大道，西至浦电路，南至陆家嘴金融贸易区，北至张杨路）  \n任务优先级重要性：高、重要  \n任务描述信息：未提及（操作步骤未提供具体内容，仅列出任务分配区域）",
                "similarity": 0.7183383036150001
            }
        ]
    },
    {
        "content2_para": "UAV-03:\n实体关系：快递配送执行\n时间：2023年10月10日 09:45 – 11:15\n地点：上海市浦东新区快递配送区域\n任务优先级重要性：高\n具体任务：在陆家嘴金融贸易区内进行精准配送。",
        "matches": [
            {
                "content1_para": "快递配送执行（2023年10月10日 09:45 – 11:15）\n   - UAV-01从世纪大道出发，沿路向浦电路方向配送快递。\n   - UAV-02从浦电路出发，沿路向张杨路方向配送快递。\n   - UAV-03在陆家嘴金融贸易区内进行精准配送。\n   - 每架无人机在配送过程中，实时更新位置信息，确保路径优化。",
                "content1_msg": "无人机名字或代号：UAV-01、UAV-02、UAV-03  \n时间：2023年10月10日 09:45 – 11:15  \n地点：世纪大道、浦电路、张杨路、陆家嘴金融贸易区  \n任务优先级重要性：未提及  \n任务描述信息：从指定地点出发，沿路向目标方向配送快递，并实时更新位置信息确保路径优化。",
                "similarity": 0.7761820995546613
            },
            {
                "content1_para": "无人机集群快递配送任务\n执行时间\n：2023年10月10日 09:00 – 11:30\n执行地点\n：上海市浦东新区快递配送区域（东至世纪大道，西至浦电路，南至陆家嘴金融贸易区，北至张杨路）\n执行者\n：\nUAV-01\n：负责世纪大道至浦电路段快递配送任务\nUAV-02\n：负责浦电路至张杨路段快递配送任务\nUAV-03\n：负责陆家嘴金融贸易区快递配送任务\n任务优先级\n：高（确保快递准时送达，提升客户满意度）\n重要性\n：重要（快递配送是日常运营的关键环节）\n操作步骤\n：",
                "content1_msg": "无人机名字或代号：UAV-01、UAV-02、UAV-03  \n时间：2023年10月10日 09:00 – 11:30  \n地点：上海市浦东新区快递配送区域（东至世纪大道，西至浦电路，南至陆家嘴金融贸易区，北至张杨路）  \n任务优先级重要性：高、重要  \n任务描述信息：未提及（操作步骤未提供具体内容，仅列出任务分配区域）",
                "similarity": 0.7196693114315101
            }
        ]
    },
    {
        "content2_para": "UAV-01至UAV-03:\n实体关系：数据回传与实时监控\n时间：2023年10月10日 11:15 – 11:30\n地点：上海市浦东新区快递配送区域\n任务优先级重要性：高\n具体任务：通过5G通道实时传输配送数据，监控无人机实时状态。",
        "matches": [
            {
                "content1_para": "数据回传与实时监控（2023年10月10日 11:15 – 11:30）\n   - 所有无人机通过5G通道实时传输配送数据，包括包裹状态、位置、飞行高度等信息。\n   - 控制中心监控无人机实时状态，确保配送过程安全。\n\n————————————————————————————————————————————————————————————————————————————————-",
                "content1_msg": "无人机名字或代号：未提及  \n时间：2023年10月10日 11:15 – 11:30  \n地点：未提及  \n任务优先级重要性：未提及  \n任务描述信息：所有无人机通过5G通道实时传输配送数据，包括包裹状态、位置、飞行高度等信息；控制中心监控无人机实时状态，确保配送过程安全。",
                "similarity": 0.7575975470687908
            },
            {
                "content1_para": "无人机集群快递配送任务\n执行时间\n：2023年10月10日 09:00 – 11:30\n执行地点\n：上海市浦东新区快递配送区域（东至世纪大道，西至浦电路，南至陆家嘴金融贸易区，北至张杨路）\n执行者\n：\nUAV-01\n：负责世纪大道至浦电路段快递配送任务\nUAV-02\n：负责浦电路至张杨路段快递配送任务\nUAV-03\n：负责陆家嘴金融贸易区快递配送任务\n任务优先级\n：高（确保快递准时送达，提升客户满意度）\n重要性\n：重要（快递配送是日常运营的关键环节）\n操作步骤\n：",
                "content1_msg": "无人机名字或代号：UAV-01、UAV-02、UAV-03  \n时间：2023年10月10日 09:00 – 11:30  \n地点：上海市浦东新区快递配送区域（东至世纪大道，西至浦电路，南至陆家嘴金融贸易区，北至张杨路）  \n任务优先级重要性：高、重要  \n任务描述信息：未提及（操作步骤未提供具体内容，仅列出任务分配区域）",
                "similarity": 0.7076618035018073
            }
        ]
    },
    {
        "content2_para": "UAV-04:\n实体关系：紧急快递包裹配送\n时间：2023年10月10日 11:30 – 11:45\n地点：上海市浦东新区某医院\n任务优先级重要性：最高\n具体任务：装载紧急医疗物资，起飞向医院飞行。",
        "matches": [
            {
                "content1_para": "快递包裹紧急配送任务\n执行时间\n：2023年10月10日 11:30 – 12:00\n执行地点\n：上海市浦东新区某医院（位于世纪大道与浦电路交叉口）\n执行者\n：\nUAV-04\n：负责紧急快递包裹配送任务\n任务优先级\n：最高（紧急医疗物资配送，关系到生命安全）\n重要性\n：极高（确保紧急医疗物资及时送达）\n操作步骤\n：",
                "content1_msg": "无人机名字或代号：UAV-04  \n时间：2023年10月10日 11:30 – 12:00  \n地点：上海市浦东新区某医院（位于世纪大道与浦电路交叉口）  \n任务优先级重要性：最高（紧急医疗物资配送，关系到生命安全）、极高（确保紧急医疗物资及时送达）  \n任务描述信息：负责紧急快递包裹配送任务  \n\n操作步骤：未提及",
                "similarity": 0.7969118222448803
            },
            {
                "content1_para": "快递送达与返航（2023年10月10日 11:45）\n   - UAV-04将紧急医疗物资准确送达医院指定地点。\n   - UAV-04返航至起飞点，结束任务。",
                "content1_msg": "无人机名字或代号：UAV-04  \n时间：2023年10月10日 11:45  \n地点：医院指定地点、起飞点  \n任务优先级重要性：紧急  \n任务描述信息：将紧急医疗物资准确送达医院指定地点、返航至起飞点，结束任务。",
                "similarity": 0.7138886644241649
            }
        ]
    },
    {
        "content2_para": "UAV-04:\n实体关系：紧急配送执行\n时间：2023年10月10日 11:40\n地点：上海市浦东新区某医院\n任务优先级重要性：最高\n具体任务：直接飞往医院，避开拥堵路段。",
        "matches": [
            {
                "content1_para": "紧急配送执行（2023年10月10日 11:40）\n   - UAV-04直接飞往医院，避开拥堵路段。",
                "content1_msg": "无人机名字或代号：UAV-04  \n时间：2023年10月10日 11:40  \n地点：医院  \n任务优先级重要性：紧急  \n任务描述信息：直接飞往医院，避开拥堵路段。",
                "similarity": 0.8170744856808057
            },
            {
                "content1_para": "快递包裹紧急配送任务\n执行时间\n：2023年10月10日 11:30 – 12:00\n执行地点\n：上海市浦东新区某医院（位于世纪大道与浦电路交叉口）\n执行者\n：\nUAV-04\n：负责紧急快递包裹配送任务\n任务优先级\n：最高（紧急医疗物资配送，关系到生命安全）\n重要性\n：极高（确保紧急医疗物资及时送达）\n操作步骤\n：",
                "content1_msg": "无人机名字或代号：UAV-04  \n时间：2023年10月10日 11:30 – 12:00  \n地点：上海市浦东新区某医院（位于世纪大道与浦电路交叉口）  \n任务优先级重要性：最高（紧急医疗物资配送，关系到生命安全）、极高（确保紧急医疗物资及时送达）  \n任务描述信息：负责紧急快递包裹配送任务  \n\n操作步骤：未提及",
                "similarity": 0.7666090487510959
            }
        ]
    },
    {
        "content2_para": "UAV-04:\n实体关系：快递送达与返航\n时间：2023年10月10日 11:45\n地点：上海市浦东新区某医院\n任务优先级重要性：最高\n具体任务：将紧急医疗物资准确送达医院指定地点，返航至起飞点。",
        "matches": [
            {
                "content1_para": "快递包裹紧急配送任务\n执行时间\n：2023年10月10日 11:30 – 12:00\n执行地点\n：上海市浦东新区某医院（位于世纪大道与浦电路交叉口）\n执行者\n：\nUAV-04\n：负责紧急快递包裹配送任务\n任务优先级\n：最高（紧急医疗物资配送，关系到生命安全）\n重要性\n：极高（确保紧急医疗物资及时送达）\n操作步骤\n：",
                "content1_msg": "无人机名字或代号：UAV-04  \n时间：2023年10月10日 11:30 – 12:00  \n地点：上海市浦东新区某医院（位于世纪大道与浦电路交叉口）  \n任务优先级重要性：最高（紧急医疗物资配送，关系到生命安全）、极高（确保紧急医疗物资及时送达）  \n任务描述信息：负责紧急快递包裹配送任务  \n\n操作步骤：未提及",
                "similarity": 0.7703534662956628
            },
            {
                "content1_para": "快递送达与返航（2023年10月10日 11:45）\n   - UAV-04将紧急医疗物资准确送达医院指定地点。\n   - UAV-04返航至起飞点，结束任务。",
                "content1_msg": "无人机名字或代号：UAV-04  \n时间：2023年10月10日 11:45  \n地点：医院指定地点、起飞点  \n任务优先级重要性：紧急  \n任务描述信息：将紧急医疗物资准确送达医院指定地点、返航至起飞点，结束任务。",
                "similarity": 0.7516361925793036
            }
        ]
    }
]