[
    {
        "paragraph": "UAV-01:\n实体关系：市中心快递投放\n时间：2023年11月5日 09:00\n地点：调度站\n任务优先级重要性：高\n具体任务：完成设备自检，确保GPS定位系统、无人机载快递箱和电池电量正常。"
    },
    {
        "paragraph": "UAV-02:\n实体关系：市中心快递投放\n时间：2023年11月5日 09:30\n地点：调度站\n任务优先级重要性：高\n具体任务：同步进行设备校准，检查投递机制和避障系统。"
    },
    {
        "paragraph": "UAV-01:\n实体关系：市中心快递投放\n时间：2023年11月5日 09:30\n地点：市中心快递配送区域\n任务优先级重要性：高\n具体任务：按指定航线起飞，飞行高度100米，巡航速度15 km/h，监测市中心区域中心及半径1公里范围。"
    },
    {
        "paragraph": "UAV-02:\n实体关系：市中心快递投放\n时间：2023年11月5日 09:40\n地点：市中心快递配送区域\n任务优先级重要性：高\n具体任务：启动，执行辅助巡航，监测市中心区域外围3公里范围内的快递投放点。"
    },
    {
        "paragraph": "UAV-01:\n实体关系：市中心快递投放\n时间：2023年11月5日 10:00\n地点：市中心快递配送区域\n任务优先级重要性：高\n具体任务：开始投放快递，识别并锁定目标快递位置，调整飞行路径，打开投递机制。"
    },
    {
        "paragraph": "UAV-02:\n实体关系：市中心快递投放\n时间：2023年11月5日 10:10\n地点：市中心快递配送区域\n任务优先级重要性：高\n具体任务：监控UAV-01投放情况，记录飞行路径与投放位置，发现异常立即通知。"
    },
    {
        "paragraph": "UAV-01:\n实体关系：市中心快递投放\n时间：2023年11月5日 11:30\n地点：指挥中心数据处理站\n任务优先级重要性：高\n具体任务：完成快递投放任务，回传已投放快递的实时坐标和投放准确度。"
    },
    {
        "paragraph": "UAV-02:\n实体关系：市中心快递投放\n时间：2023年11月5日 11:30\n地点：指挥中心数据处理站\n任务优先级重要性：高\n具体任务：实时更新监控数据，发现异常立即通知指挥中心。"
    },
    {
        "paragraph": "数据总结与评估：\n任务优先级重要性：高\n具体任务：整理并分析快递投放的准确度与效率，形成《市中心快递配送任务一分析报告》。"
    }
]