[
    {
        "content2_para": "UAV-1:\n实体关系：快递装载与起降\n时间：2023年11月5日 10:00\n地点：北京市海淀区中关村快递分拣中心\n任务优先级重要性：高\n具体任务：进行系统自检，确保货舱、导航系统和电池电量满足任务要求。",
        "matches": [
            {
                "content1_para": "无人机快递配送任务\n执行时间：2023年11月5日 10:00 – 11:30\n执行地点：北京市海淀区中关村至北京市朝阳区CBD\n执行者：\nUAV-1：负责装载快递并执行起降任务\nUAV-2：负责监控快递运输路径，确保数据传输稳定\nUAV-3：备用无人机，执行故障应急接替任务\n任务优先级：高（确保快递准时送达）\n任务重要性：重要（满足快递时效性需求）\n\n操作步骤：\n————————————————————————————————————————————————————————————————————————————————-\n1.1 快递装载与无人机准备\nUAV-1于2023年11月5日10:00在北京市海淀区中关村快递分拣中心执行系统自检，确保以下核心设备正常：\n- 货舱容量：可容纳20件快递，每件快递不超过5kg\n- 导航系统：GNSS+RTK，定位精度≤0.5米\n- 电池电量：≥ 95%，确保完成单程+应急返航\n\n1.2 起飞与航线执行\nUAV-1于2023年11月5日10:10起飞，按预设路径以80 km/h速度前往北京市朝阳区CBD，航线要求：\n- 飞行高度：200米，避免与城市低空航班冲突\n- 预",
                "content1_msg": "无人机名字或代号：UAV-1、UAV-2、UAV-3  \n时间：2023年11月5日 10:00 – 11:30、2023年11月5日 10:00、2023年11月5日 10:10  \n地点：北京市海淀区中关村、北京市朝阳区CBD、北京市海淀区中关村快递分拣中心  \n任务优先级重要性：高、重要  \n任务描述信息：装载快递并执行起降任务、监控快递运输路径确保数据传输稳定、备用无人机执行故障应急接替任务、系统自检（货舱容量、导航系统、电池电量）、起飞并按预设路径飞行至目的地",
                "similarity": 0.7692871752155914
            },
            {
                "content1_para": "快递配送任务补充说明\n执行时间：2023年11月5日 11:00 – 11:30\n执行地点：北京市朝阳区CBD\n执行者：\nUAV-1：执行返航\nUAV-2：实时监控返航数据，确保返航安全\nUAV-3：待命，准备应对可能出现的应急情况\n\n操作步骤：\n2.1 返航\nUAV-1于2023年11月5日11:00按原航线返航，预计11:20抵达北京市海淀区中关村快递分拣中心。\n\n2.2 数据汇总与任务总结\nUAV-2于2023年11月5日11:30完成返航数据汇总，实时传输以下信息至指挥中心：\n- 返航航迹\n- 航行时间与距离\nUAV-1抵达后，UAV-2整理数据并生成任务总结，包括运输时间、投放精度、信号稳定性统计等内容，提交至指挥中心。",
                "content1_msg": "无人机名字或代号：UAV-1、UAV-2、UAV-3  \n时间：2023年11月5日 11:00 – 11:30、2023年11月5日 11:00、2023年11月5日 11:30、2023年11月5日 11:20  \n地点：北京市朝阳区CBD、北京市海淀区中关村快递分拣中心  \n任务优先级重要性：未提及  \n任务描述信息：  \n- UAV-1按原航线返航，预计抵达北京市海淀区中关村快递分拣中心。  \n- UAV-2实时监控返航数据，确保返航安全，完成返航数据汇总并生成任务总结。  \n- UAV-3待命，准备应对可能出现的应急情况。",
                "similarity": 0.7650421374720012
            }
        ]
    },
    {
        "content2_para": "UAV-1:\n实体关系：起飞与航线执行\n时间：2023年11月5日 10:10\n地点：北京市海淀区中关村快递分拣中心\n任务优先级重要性：高\n具体任务：起飞并按预设路径前往北京市朝阳区CBD，速度80 km/h，飞行高度200米。",
        "matches": [
            {
                "content1_para": "无人机快递配送任务\n执行时间：2023年11月5日 10:00 – 11:30\n执行地点：北京市海淀区中关村至北京市朝阳区CBD\n执行者：\nUAV-1：负责装载快递并执行起降任务\nUAV-2：负责监控快递运输路径，确保数据传输稳定\nUAV-3：备用无人机，执行故障应急接替任务\n任务优先级：高（确保快递准时送达）\n任务重要性：重要（满足快递时效性需求）\n\n操作步骤：\n————————————————————————————————————————————————————————————————————————————————-\n1.1 快递装载与无人机准备\nUAV-1于2023年11月5日10:00在北京市海淀区中关村快递分拣中心执行系统自检，确保以下核心设备正常：\n- 货舱容量：可容纳20件快递，每件快递不超过5kg\n- 导航系统：GNSS+RTK，定位精度≤0.5米\n- 电池电量：≥ 95%，确保完成单程+应急返航\n\n1.2 起飞与航线执行\nUAV-1于2023年11月5日10:10起飞，按预设路径以80 km/h速度前往北京市朝阳区CBD，航线要求：\n- 飞行高度：200米，避免与城市低空航班冲突\n- 预",
                "content1_msg": "无人机名字或代号：UAV-1、UAV-2、UAV-3  \n时间：2023年11月5日 10:00 – 11:30、2023年11月5日 10:00、2023年11月5日 10:10  \n地点：北京市海淀区中关村、北京市朝阳区CBD、北京市海淀区中关村快递分拣中心  \n任务优先级重要性：高、重要  \n任务描述信息：装载快递并执行起降任务、监控快递运输路径确保数据传输稳定、备用无人机执行故障应急接替任务、系统自检（货舱容量、导航系统、电池电量）、起飞并按预设路径飞行至目的地",
                "similarity": 0.7382162271310276
            },
            {
                "content1_para": "快递配送任务补充说明\n执行时间：2023年11月5日 11:00 – 11:30\n执行地点：北京市朝阳区CBD\n执行者：\nUAV-1：执行返航\nUAV-2：实时监控返航数据，确保返航安全\nUAV-3：待命，准备应对可能出现的应急情况\n\n操作步骤：\n2.1 返航\nUAV-1于2023年11月5日11:00按原航线返航，预计11:20抵达北京市海淀区中关村快递分拣中心。\n\n2.2 数据汇总与任务总结\nUAV-2于2023年11月5日11:30完成返航数据汇总，实时传输以下信息至指挥中心：\n- 返航航迹\n- 航行时间与距离\nUAV-1抵达后，UAV-2整理数据并生成任务总结，包括运输时间、投放精度、信号稳定性统计等内容，提交至指挥中心。",
                "content1_msg": "无人机名字或代号：UAV-1、UAV-2、UAV-3  \n时间：2023年11月5日 11:00 – 11:30、2023年11月5日 11:00、2023年11月5日 11:30、2023年11月5日 11:20  \n地点：北京市朝阳区CBD、北京市海淀区中关村快递分拣中心  \n任务优先级重要性：未提及  \n任务描述信息：  \n- UAV-1按原航线返航，预计抵达北京市海淀区中关村快递分拣中心。  \n- UAV-2实时监控返航数据，确保返航安全，完成返航数据汇总并生成任务总结。  \n- UAV-3待命，准备应对可能出现的应急情况。",
                "similarity": 0.7020270462725335
            }
        ]
    },
    {
        "content2_para": "UAV-1:\n实体关系：快递投放与交付确认\n时间：2023年11月5日 10:40\n地点：北京市朝阳区CBD指定快递接收点\n任务优先级重要性：高\n具体任务：悬停并使用精准投放系统，投放快递并接收确认码。",
        "matches": [
            {
                "content1_para": "线要求：\n- 飞行高度：200米，避免与城市低空航班冲突\n- 预计到达时间：10:40，实时报告航迹与设备状态\n\n1.3 快递投放与交付确认\nUAV-1于2023年11月5日10:40在北京市朝阳区CBD指定快递接收点悬停，执行以下操作：\n- 启动精准投放系统，确认投放高度30米\n- 投放完成后，接收快递接收方确认码并向指挥中心回传\n\n1.4 数据回传与应急响应\nUAV-2于2023年11月5日10:50进行数据汇总，实时传输以下信息至指挥中心：\n- 快递运输航迹\n- 投放完成时间与接收确认码\n若UAV-1出现故障，UAV-3立即执行替代任务，遵循以下流程：\n- 根据备用航线导航至目标区域，确保快递在10分钟内完成补投\n\n————————————————————————————————————————————————————————————————————————————————-",
                "content1_msg": "无人机名字或代号：UAV-1、UAV-2、UAV-3  \n时间：2023年11月5日10:40、2023年11月5日10:50  \n地点：北京市朝阳区CBD指定快递接收点、未提及（UAV-2任务未明确具体地点）  \n任务优先级重要性：未提及  \n任务描述信息：  \n- UAV-1：悬停，启动精准投放系统，确认投放高度30米，投放完成后接收快递接收方确认码并向指挥中心回传  \n- UAV-2：进行数据汇总，实时传输快递运输航迹、投放完成时间与接收确认码至指挥中心  \n- UAV-3：若UAV-1出现故障，根据备用航线导航至目标区域，在10分钟内完成补投",
                "similarity": 0.7538032955434553
            },
            {
                "content1_para": "无人机快递配送任务\n执行时间：2023年11月5日 10:00 – 11:30\n执行地点：北京市海淀区中关村至北京市朝阳区CBD\n执行者：\nUAV-1：负责装载快递并执行起降任务\nUAV-2：负责监控快递运输路径，确保数据传输稳定\nUAV-3：备用无人机，执行故障应急接替任务\n任务优先级：高（确保快递准时送达）\n任务重要性：重要（满足快递时效性需求）\n\n操作步骤：\n————————————————————————————————————————————————————————————————————————————————-\n1.1 快递装载与无人机准备\nUAV-1于2023年11月5日10:00在北京市海淀区中关村快递分拣中心执行系统自检，确保以下核心设备正常：\n- 货舱容量：可容纳20件快递，每件快递不超过5kg\n- 导航系统：GNSS+RTK，定位精度≤0.5米\n- 电池电量：≥ 95%，确保完成单程+应急返航\n\n1.2 起飞与航线执行\nUAV-1于2023年11月5日10:10起飞，按预设路径以80 km/h速度前往北京市朝阳区CBD，航线要求：\n- 飞行高度：200米，避免与城市低空航班冲突\n- 预",
                "content1_msg": "无人机名字或代号：UAV-1、UAV-2、UAV-3  \n时间：2023年11月5日 10:00 – 11:30、2023年11月5日 10:00、2023年11月5日 10:10  \n地点：北京市海淀区中关村、北京市朝阳区CBD、北京市海淀区中关村快递分拣中心  \n任务优先级重要性：高、重要  \n任务描述信息：装载快递并执行起降任务、监控快递运输路径确保数据传输稳定、备用无人机执行故障应急接替任务、系统自检（货舱容量、导航系统、电池电量）、起飞并按预设路径飞行至目的地",
                "similarity": 0.7030840285897793
            }
        ]
    },
    {
        "content2_para": "UAV-2:\n实体关系：数据监控与传输\n时间：2023年11月5日 10:50\n地点：北京市朝阳区CBD\n任务优先级重要性：高\n具体任务：实时监控UAV-1航迹与设备状态，传输数据至指挥中心。",
        "matches": [
            {
                "content1_para": "快递配送任务补充说明\n执行时间：2023年11月5日 11:00 – 11:30\n执行地点：北京市朝阳区CBD\n执行者：\nUAV-1：执行返航\nUAV-2：实时监控返航数据，确保返航安全\nUAV-3：待命，准备应对可能出现的应急情况\n\n操作步骤：\n2.1 返航\nUAV-1于2023年11月5日11:00按原航线返航，预计11:20抵达北京市海淀区中关村快递分拣中心。\n\n2.2 数据汇总与任务总结\nUAV-2于2023年11月5日11:30完成返航数据汇总，实时传输以下信息至指挥中心：\n- 返航航迹\n- 航行时间与距离\nUAV-1抵达后，UAV-2整理数据并生成任务总结，包括运输时间、投放精度、信号稳定性统计等内容，提交至指挥中心。",
                "content1_msg": "无人机名字或代号：UAV-1、UAV-2、UAV-3  \n时间：2023年11月5日 11:00 – 11:30、2023年11月5日 11:00、2023年11月5日 11:30、2023年11月5日 11:20  \n地点：北京市朝阳区CBD、北京市海淀区中关村快递分拣中心  \n任务优先级重要性：未提及  \n任务描述信息：  \n- UAV-1按原航线返航，预计抵达北京市海淀区中关村快递分拣中心。  \n- UAV-2实时监控返航数据，确保返航安全，完成返航数据汇总并生成任务总结。  \n- UAV-3待命，准备应对可能出现的应急情况。",
                "similarity": 0.7500544229344788
            },
            {
                "content1_para": "无人机快递配送任务\n执行时间：2023年11月5日 10:00 – 11:30\n执行地点：北京市海淀区中关村至北京市朝阳区CBD\n执行者：\nUAV-1：负责装载快递并执行起降任务\nUAV-2：负责监控快递运输路径，确保数据传输稳定\nUAV-3：备用无人机，执行故障应急接替任务\n任务优先级：高（确保快递准时送达）\n任务重要性：重要（满足快递时效性需求）\n\n操作步骤：\n————————————————————————————————————————————————————————————————————————————————-\n1.1 快递装载与无人机准备\nUAV-1于2023年11月5日10:00在北京市海淀区中关村快递分拣中心执行系统自检，确保以下核心设备正常：\n- 货舱容量：可容纳20件快递，每件快递不超过5kg\n- 导航系统：GNSS+RTK，定位精度≤0.5米\n- 电池电量：≥ 95%，确保完成单程+应急返航\n\n1.2 起飞与航线执行\nUAV-1于2023年11月5日10:10起飞，按预设路径以80 km/h速度前往北京市朝阳区CBD，航线要求：\n- 飞行高度：200米，避免与城市低空航班冲突\n- 预",
                "content1_msg": "无人机名字或代号：UAV-1、UAV-2、UAV-3  \n时间：2023年11月5日 10:00 – 11:30、2023年11月5日 10:00、2023年11月5日 10:10  \n地点：北京市海淀区中关村、北京市朝阳区CBD、北京市海淀区中关村快递分拣中心  \n任务优先级重要性：高、重要  \n任务描述信息：装载快递并执行起降任务、监控快递运输路径确保数据传输稳定、备用无人机执行故障应急接替任务、系统自检（货舱容量、导航系统、电池电量）、起飞并按预设路径飞行至目的地",
                "similarity": 0.714500875908124
            }
        ]
    },
    {
        "content2_para": "UAV-3:\n实体关系：备用与应急接替\n时间：2023年11月5日 10:00 – 11:30\n地点：北京市海淀区中关村快递分拣中心\n任务优先级重要性：高\n具体任务：待命，准备应对UAV-1可能出现的故障。",
        "matches": [
            {
                "content1_para": "快递配送任务补充说明\n执行时间：2023年11月5日 11:00 – 11:30\n执行地点：北京市朝阳区CBD\n执行者：\nUAV-1：执行返航\nUAV-2：实时监控返航数据，确保返航安全\nUAV-3：待命，准备应对可能出现的应急情况\n\n操作步骤：\n2.1 返航\nUAV-1于2023年11月5日11:00按原航线返航，预计11:20抵达北京市海淀区中关村快递分拣中心。\n\n2.2 数据汇总与任务总结\nUAV-2于2023年11月5日11:30完成返航数据汇总，实时传输以下信息至指挥中心：\n- 返航航迹\n- 航行时间与距离\nUAV-1抵达后，UAV-2整理数据并生成任务总结，包括运输时间、投放精度、信号稳定性统计等内容，提交至指挥中心。",
                "content1_msg": "无人机名字或代号：UAV-1、UAV-2、UAV-3  \n时间：2023年11月5日 11:00 – 11:30、2023年11月5日 11:00、2023年11月5日 11:30、2023年11月5日 11:20  \n地点：北京市朝阳区CBD、北京市海淀区中关村快递分拣中心  \n任务优先级重要性：未提及  \n任务描述信息：  \n- UAV-1按原航线返航，预计抵达北京市海淀区中关村快递分拣中心。  \n- UAV-2实时监控返航数据，确保返航安全，完成返航数据汇总并生成任务总结。  \n- UAV-3待命，准备应对可能出现的应急情况。",
                "similarity": 0.7840407236815939
            },
            {
                "content1_para": "无人机快递配送任务\n执行时间：2023年11月5日 10:00 – 11:30\n执行地点：北京市海淀区中关村至北京市朝阳区CBD\n执行者：\nUAV-1：负责装载快递并执行起降任务\nUAV-2：负责监控快递运输路径，确保数据传输稳定\nUAV-3：备用无人机，执行故障应急接替任务\n任务优先级：高（确保快递准时送达）\n任务重要性：重要（满足快递时效性需求）\n\n操作步骤：\n————————————————————————————————————————————————————————————————————————————————-\n1.1 快递装载与无人机准备\nUAV-1于2023年11月5日10:00在北京市海淀区中关村快递分拣中心执行系统自检，确保以下核心设备正常：\n- 货舱容量：可容纳20件快递，每件快递不超过5kg\n- 导航系统：GNSS+RTK，定位精度≤0.5米\n- 电池电量：≥ 95%，确保完成单程+应急返航\n\n1.2 起飞与航线执行\nUAV-1于2023年11月5日10:10起飞，按预设路径以80 km/h速度前往北京市朝阳区CBD，航线要求：\n- 飞行高度：200米，避免与城市低空航班冲突\n- 预",
                "content1_msg": "无人机名字或代号：UAV-1、UAV-2、UAV-3  \n时间：2023年11月5日 10:00 – 11:30、2023年11月5日 10:00、2023年11月5日 10:10  \n地点：北京市海淀区中关村、北京市朝阳区CBD、北京市海淀区中关村快递分拣中心  \n任务优先级重要性：高、重要  \n任务描述信息：装载快递并执行起降任务、监控快递运输路径确保数据传输稳定、备用无人机执行故障应急接替任务、系统自检（货舱容量、导航系统、电池电量）、起飞并按预设路径飞行至目的地",
                "similarity": 0.7400773718775876
            }
        ]
    },
    {
        "content2_para": "UAV-1:\n实体关系：返航\n时间：2023年11月5日 11:00\n地点：北京市海淀区中关村快递分拣中心\n任务优先级重要性：高\n具体任务：按原航线返航，预计11:20抵达。",
        "matches": [
            {
                "content1_para": "快递配送任务补充说明\n执行时间：2023年11月5日 11:00 – 11:30\n执行地点：北京市朝阳区CBD\n执行者：\nUAV-1：执行返航\nUAV-2：实时监控返航数据，确保返航安全\nUAV-3：待命，准备应对可能出现的应急情况\n\n操作步骤：\n2.1 返航\nUAV-1于2023年11月5日11:00按原航线返航，预计11:20抵达北京市海淀区中关村快递分拣中心。\n\n2.2 数据汇总与任务总结\nUAV-2于2023年11月5日11:30完成返航数据汇总，实时传输以下信息至指挥中心：\n- 返航航迹\n- 航行时间与距离\nUAV-1抵达后，UAV-2整理数据并生成任务总结，包括运输时间、投放精度、信号稳定性统计等内容，提交至指挥中心。",
                "content1_msg": "无人机名字或代号：UAV-1、UAV-2、UAV-3  \n时间：2023年11月5日 11:00 – 11:30、2023年11月5日 11:00、2023年11月5日 11:30、2023年11月5日 11:20  \n地点：北京市朝阳区CBD、北京市海淀区中关村快递分拣中心  \n任务优先级重要性：未提及  \n任务描述信息：  \n- UAV-1按原航线返航，预计抵达北京市海淀区中关村快递分拣中心。  \n- UAV-2实时监控返航数据，确保返航安全，完成返航数据汇总并生成任务总结。  \n- UAV-3待命，准备应对可能出现的应急情况。",
                "similarity": 0.7991848450645413
            },
            {
                "content1_para": "无人机快递配送任务\n执行时间：2023年11月5日 10:00 – 11:30\n执行地点：北京市海淀区中关村至北京市朝阳区CBD\n执行者：\nUAV-1：负责装载快递并执行起降任务\nUAV-2：负责监控快递运输路径，确保数据传输稳定\nUAV-3：备用无人机，执行故障应急接替任务\n任务优先级：高（确保快递准时送达）\n任务重要性：重要（满足快递时效性需求）\n\n操作步骤：\n————————————————————————————————————————————————————————————————————————————————-\n1.1 快递装载与无人机准备\nUAV-1于2023年11月5日10:00在北京市海淀区中关村快递分拣中心执行系统自检，确保以下核心设备正常：\n- 货舱容量：可容纳20件快递，每件快递不超过5kg\n- 导航系统：GNSS+RTK，定位精度≤0.5米\n- 电池电量：≥ 95%，确保完成单程+应急返航\n\n1.2 起飞与航线执行\nUAV-1于2023年11月5日10:10起飞，按预设路径以80 km/h速度前往北京市朝阳区CBD，航线要求：\n- 飞行高度：200米，避免与城市低空航班冲突\n- 预",
                "content1_msg": "无人机名字或代号：UAV-1、UAV-2、UAV-3  \n时间：2023年11月5日 10:00 – 11:30、2023年11月5日 10:00、2023年11月5日 10:10  \n地点：北京市海淀区中关村、北京市朝阳区CBD、北京市海淀区中关村快递分拣中心  \n任务优先级重要性：高、重要  \n任务描述信息：装载快递并执行起降任务、监控快递运输路径确保数据传输稳定、备用无人机执行故障应急接替任务、系统自检（货舱容量、导航系统、电池电量）、起飞并按预设路径飞行至目的地",
                "similarity": 0.7044965100934072
            }
        ]
    },
    {
        "content2_para": "UAV-2:\n实体关系：返航数据监控\n时间：2023年11月5日 11:00 – 11:30\n地点：北京市朝阳区CBD\n任务优先级重要性：高\n具体任务：实时监控UAV-1返航数据，确保返航安全。",
        "matches": [
            {
                "content1_para": "快递配送任务补充说明\n执行时间：2023年11月5日 11:00 – 11:30\n执行地点：北京市朝阳区CBD\n执行者：\nUAV-1：执行返航\nUAV-2：实时监控返航数据，确保返航安全\nUAV-3：待命，准备应对可能出现的应急情况\n\n操作步骤：\n2.1 返航\nUAV-1于2023年11月5日11:00按原航线返航，预计11:20抵达北京市海淀区中关村快递分拣中心。\n\n2.2 数据汇总与任务总结\nUAV-2于2023年11月5日11:30完成返航数据汇总，实时传输以下信息至指挥中心：\n- 返航航迹\n- 航行时间与距离\nUAV-1抵达后，UAV-2整理数据并生成任务总结，包括运输时间、投放精度、信号稳定性统计等内容，提交至指挥中心。",
                "content1_msg": "无人机名字或代号：UAV-1、UAV-2、UAV-3  \n时间：2023年11月5日 11:00 – 11:30、2023年11月5日 11:00、2023年11月5日 11:30、2023年11月5日 11:20  \n地点：北京市朝阳区CBD、北京市海淀区中关村快递分拣中心  \n任务优先级重要性：未提及  \n任务描述信息：  \n- UAV-1按原航线返航，预计抵达北京市海淀区中关村快递分拣中心。  \n- UAV-2实时监控返航数据，确保返航安全，完成返航数据汇总并生成任务总结。  \n- UAV-3待命，准备应对可能出现的应急情况。",
                "similarity": 0.8049290222345125
            },
            {
                "content1_para": "无人机快递配送任务\n执行时间：2023年11月5日 10:00 – 11:30\n执行地点：北京市海淀区中关村至北京市朝阳区CBD\n执行者：\nUAV-1：负责装载快递并执行起降任务\nUAV-2：负责监控快递运输路径，确保数据传输稳定\nUAV-3：备用无人机，执行故障应急接替任务\n任务优先级：高（确保快递准时送达）\n任务重要性：重要（满足快递时效性需求）\n\n操作步骤：\n————————————————————————————————————————————————————————————————————————————————-\n1.1 快递装载与无人机准备\nUAV-1于2023年11月5日10:00在北京市海淀区中关村快递分拣中心执行系统自检，确保以下核心设备正常：\n- 货舱容量：可容纳20件快递，每件快递不超过5kg\n- 导航系统：GNSS+RTK，定位精度≤0.5米\n- 电池电量：≥ 95%，确保完成单程+应急返航\n\n1.2 起飞与航线执行\nUAV-1于2023年11月5日10:10起飞，按预设路径以80 km/h速度前往北京市朝阳区CBD，航线要求：\n- 飞行高度：200米，避免与城市低空航班冲突\n- 预",
                "content1_msg": "无人机名字或代号：UAV-1、UAV-2、UAV-3  \n时间：2023年11月5日 10:00 – 11:30、2023年11月5日 10:00、2023年11月5日 10:10  \n地点：北京市海淀区中关村、北京市朝阳区CBD、北京市海淀区中关村快递分拣中心  \n任务优先级重要性：高、重要  \n任务描述信息：装载快递并执行起降任务、监控快递运输路径确保数据传输稳定、备用无人机执行故障应急接替任务、系统自检（货舱容量、导航系统、电池电量）、起飞并按预设路径飞行至目的地",
                "similarity": 0.7199705189588538
            }
        ]
    },
    {
        "content2_para": "UAV-3:\n实体关系：备用与应急接替\n时间：2023年11月5日 11:00 – 11:30\n地点：北京市海淀区中关村快递分拣中心\n任务优先级重要性：高\n具体任务：待命，准备应对可能出现的应急情况。",
        "matches": [
            {
                "content1_para": "快递配送任务补充说明\n执行时间：2023年11月5日 11:00 – 11:30\n执行地点：北京市朝阳区CBD\n执行者：\nUAV-1：执行返航\nUAV-2：实时监控返航数据，确保返航安全\nUAV-3：待命，准备应对可能出现的应急情况\n\n操作步骤：\n2.1 返航\nUAV-1于2023年11月5日11:00按原航线返航，预计11:20抵达北京市海淀区中关村快递分拣中心。\n\n2.2 数据汇总与任务总结\nUAV-2于2023年11月5日11:30完成返航数据汇总，实时传输以下信息至指挥中心：\n- 返航航迹\n- 航行时间与距离\nUAV-1抵达后，UAV-2整理数据并生成任务总结，包括运输时间、投放精度、信号稳定性统计等内容，提交至指挥中心。",
                "content1_msg": "无人机名字或代号：UAV-1、UAV-2、UAV-3  \n时间：2023年11月5日 11:00 – 11:30、2023年11月5日 11:00、2023年11月5日 11:30、2023年11月5日 11:20  \n地点：北京市朝阳区CBD、北京市海淀区中关村快递分拣中心  \n任务优先级重要性：未提及  \n任务描述信息：  \n- UAV-1按原航线返航，预计抵达北京市海淀区中关村快递分拣中心。  \n- UAV-2实时监控返航数据，确保返航安全，完成返航数据汇总并生成任务总结。  \n- UAV-3待命，准备应对可能出现的应急情况。",
                "similarity": 0.7892642063318025
            },
            {
                "content1_para": "无人机快递配送任务\n执行时间：2023年11月5日 10:00 – 11:30\n执行地点：北京市海淀区中关村至北京市朝阳区CBD\n执行者：\nUAV-1：负责装载快递并执行起降任务\nUAV-2：负责监控快递运输路径，确保数据传输稳定\nUAV-3：备用无人机，执行故障应急接替任务\n任务优先级：高（确保快递准时送达）\n任务重要性：重要（满足快递时效性需求）\n\n操作步骤：\n————————————————————————————————————————————————————————————————————————————————-\n1.1 快递装载与无人机准备\nUAV-1于2023年11月5日10:00在北京市海淀区中关村快递分拣中心执行系统自检，确保以下核心设备正常：\n- 货舱容量：可容纳20件快递，每件快递不超过5kg\n- 导航系统：GNSS+RTK，定位精度≤0.5米\n- 电池电量：≥ 95%，确保完成单程+应急返航\n\n1.2 起飞与航线执行\nUAV-1于2023年11月5日10:10起飞，按预设路径以80 km/h速度前往北京市朝阳区CBD，航线要求：\n- 飞行高度：200米，避免与城市低空航班冲突\n- 预",
                "content1_msg": "无人机名字或代号：UAV-1、UAV-2、UAV-3  \n时间：2023年11月5日 10:00 – 11:30、2023年11月5日 10:00、2023年11月5日 10:10  \n地点：北京市海淀区中关村、北京市朝阳区CBD、北京市海淀区中关村快递分拣中心  \n任务优先级重要性：高、重要  \n任务描述信息：装载快递并执行起降任务、监控快递运输路径确保数据传输稳定、备用无人机执行故障应急接替任务、系统自检（货舱容量、导航系统、电池电量）、起飞并按预设路径飞行至目的地",
                "similarity": 0.7182195133092871
            }
        ]
    },
    {
        "content2_para": "UAV-2:\n实体关系：数据汇总与任务总结\n时间：2023年11月5日 11:30\n地点：北京市海淀区中关村快递分拣中心\n任务优先级重要性：高\n具体任务：完成返航数据汇总，整理数据并生成任务总结。",
        "matches": [
            {
                "content1_para": "快递配送任务补充说明\n执行时间：2023年11月5日 11:00 – 11:30\n执行地点：北京市朝阳区CBD\n执行者：\nUAV-1：执行返航\nUAV-2：实时监控返航数据，确保返航安全\nUAV-3：待命，准备应对可能出现的应急情况\n\n操作步骤：\n2.1 返航\nUAV-1于2023年11月5日11:00按原航线返航，预计11:20抵达北京市海淀区中关村快递分拣中心。\n\n2.2 数据汇总与任务总结\nUAV-2于2023年11月5日11:30完成返航数据汇总，实时传输以下信息至指挥中心：\n- 返航航迹\n- 航行时间与距离\nUAV-1抵达后，UAV-2整理数据并生成任务总结，包括运输时间、投放精度、信号稳定性统计等内容，提交至指挥中心。",
                "content1_msg": "无人机名字或代号：UAV-1、UAV-2、UAV-3  \n时间：2023年11月5日 11:00 – 11:30、2023年11月5日 11:00、2023年11月5日 11:30、2023年11月5日 11:20  \n地点：北京市朝阳区CBD、北京市海淀区中关村快递分拣中心  \n任务优先级重要性：未提及  \n任务描述信息：  \n- UAV-1按原航线返航，预计抵达北京市海淀区中关村快递分拣中心。  \n- UAV-2实时监控返航数据，确保返航安全，完成返航数据汇总并生成任务总结。  \n- UAV-3待命，准备应对可能出现的应急情况。",
                "similarity": 0.7777895604067359
            },
            {
                "content1_para": "无人机快递配送任务\n执行时间：2023年11月5日 10:00 – 11:30\n执行地点：北京市海淀区中关村至北京市朝阳区CBD\n执行者：\nUAV-1：负责装载快递并执行起降任务\nUAV-2：负责监控快递运输路径，确保数据传输稳定\nUAV-3：备用无人机，执行故障应急接替任务\n任务优先级：高（确保快递准时送达）\n任务重要性：重要（满足快递时效性需求）\n\n操作步骤：\n————————————————————————————————————————————————————————————————————————————————-\n1.1 快递装载与无人机准备\nUAV-1于2023年11月5日10:00在北京市海淀区中关村快递分拣中心执行系统自检，确保以下核心设备正常：\n- 货舱容量：可容纳20件快递，每件快递不超过5kg\n- 导航系统：GNSS+RTK，定位精度≤0.5米\n- 电池电量：≥ 95%，确保完成单程+应急返航\n\n1.2 起飞与航线执行\nUAV-1于2023年11月5日10:10起飞，按预设路径以80 km/h速度前往北京市朝阳区CBD，航线要求：\n- 飞行高度：200米，避免与城市低空航班冲突\n- 预",
                "content1_msg": "无人机名字或代号：UAV-1、UAV-2、UAV-3  \n时间：2023年11月5日 10:00 – 11:30、2023年11月5日 10:00、2023年11月5日 10:10  \n地点：北京市海淀区中关村、北京市朝阳区CBD、北京市海淀区中关村快递分拣中心  \n任务优先级重要性：高、重要  \n任务描述信息：装载快递并执行起降任务、监控快递运输路径确保数据传输稳定、备用无人机执行故障应急接替任务、系统自检（货舱容量、导航系统、电池电量）、起飞并按预设路径飞行至目的地",
                "similarity": 0.7117651881295904
            }
        ]
    }
]