[
    {
        "content2_para": "UAV-01:\n实体关系：陆家嘴核心区域快递配送\n时间：2023年11月15日 08:00 – 12:00\n地点：上海市浦东新区陆家嘴金融区快递配送中心\n任务优先级重要性：高\n具体任务：08:00自检设备并装载快递，08:10起飞至核心区域执行配送。",
        "matches": [
            {
                "content1_para": "无人机快递配送任务\n执行时间：\n2023年11月15日 08:00 – 12:00\n执行地点：\n上海市浦东新区陆家嘴金融区快递配送中心（坐标：31.2304°N, 121.4737°E）\n执行者：\nUAV-01至UAV-05\nUAV-01：负责陆家嘴核心区域快递配送\nUAV-02：负责周边商务楼快递配送\nUAV-03：负责住宅区快递配送\nUAV-04：备用无人机，负责紧急快递配送任务\nUAV-05：监控无人机，负责实时监控与数据回传\n任务优先级：\n高（确保快递配送时效性）\n任务重要性：\n高（提升快递配送效率，改善用户体验）\n操作步骤：\n\n设备自检与装载（2023年11月15日 08:00）\nUAV-01至UAV-05依次进行系统自检，确保以下核心模块正常运行：\n- 飞行控制系统\n- 电池系统\n- 数据传输系统\n- 快递装载与固定装置\n- 紧急降落系统\n确保每架无人机电池电量≥80%，并装载快递。\n\n出发与航线规划（2023年11月15日 08:10）\nUAV-01：从快递配送中心起飞，前往浦东新区核心区域，执行快递配送任务。\nUAV-02：从快递配送中心起飞，前往周边商务楼区域，执行快递配送任务。\nUAV-0",
                "content1_msg": "无人机名字或代号：UAV-01、UAV-02、UAV-03、UAV-04、UAV-05  \n时间：2023年11月15日 08:00 – 12:00、2023年11月15日 08:00、2023年11月15日 08:10  \n地点：上海市浦东新区陆家嘴金融区快递配送中心（坐标：31.2304°N, 121.4737°E）、浦东新区核心区域、周边商务楼区域、住宅区  \n任务优先级重要性：高  \n任务描述信息：设备自检与装载，确保飞行控制系统、电池系统、数据传输系统、快递装载与固定装置、紧急降落系统正常运行；确保每架无人机电池电量≥80%，并装载快递；从快递配送中心起飞，前往指定区域执行快递配送任务；UAV-04负责紧急快递配送任务；UAV-05负责实时监控与数据回传。",
                "similarity": 0.8031524145849396
            },
            {
                "content1_para": "配送中心起飞，前往周边商务楼区域，执行快递配送任务。\nUAV-03：从快递配送中心起飞，前往住宅区区域，执行快递配送任务。\nUAV-04：待命，随时准备接替其他无人机执行任务。\nUAV-05：监控无人机从快递配送中心起飞，进行空中巡逻，实时回传无人机状态与配送情况。\n\n配送执行（2023年11月15日 08:20 – 11:30）\nUAV-01：\n- 08:20到达浦东新区核心区域，开始快递配送任务。\n- 08:30将快递投递至指定地址，并返回至上一点进行下一单配送。\n- 09:00完成核心区域快递配送，向周边区域移动。\n\nUAV-02：\n- 08:20到达周边商务楼区域，开始快递配送任务。\n- 08:50将快递投递至指定地址，并返回至上一点进行下一单配送。\n- 09:30完成商务楼区域快递配送，向住宅区移动。\n\nUAV-03：\n- 08:20到达住宅区区域，开始快递配送任务。\n- 09:00将快递投递至指定地址，并返回至上一点进行下一单配送。\n- 10:00完成住宅区快递配送，返回快递配送中心。\n\n异常处理与返航（2023年11月15日 11:30 – 12:00）\nUAV-01至UAV-04：\n- 11:",
                "content1_msg": "无人机名字或代号：UAV-03、UAV-04、UAV-05、UAV-01、UAV-02  \n时间：2023年11月15日 08:20 – 11:30、2023年11月15日 08:20、2023年11月15日 08:30、2023年11月15日 09:00、2023年11月15日 08:50、2023年11月15日 09:30、2023年11月15日 11:30 – 12:00  \n地点：配送中心、周边商务楼区域、住宅区区域、浦东新区核心区域  \n任务优先级重要性：未提及  \n任务描述信息：  \n- 配送中心起飞，前往周边商务楼区域，执行快递配送任务。  \n- UAV-03：从快递配送中心起飞，前往住宅区区域，执行快递配送任务。  \n- UAV-04：待命，随时准备接替其他无人机执行任务。  \n- UAV-05：监控无人机从快递配送中心起飞，进行空中巡逻，实时回传无人机状态与配送情况。  \n- UAV-01：08:20到达浦东新区核心区域，开始快递配送任务；08:30将快递投递至指定地址，并返回至上一点进行下一单配送；09:00完成核心区域快递配送，向周边区域移动。  \n- UAV-02：08:20到达周边商务楼区域，开始快递配送任务；08:50将快递投递至指定地址，并返回至上一点进行下一单配送；09:30完成商务楼区域快递配送，向住宅区移动。  \n- UAV-03：08:20到达住宅区区域，开始快递配送任务；09:00将快递投递至指定地址，并返回至上一点进行下一单配送；10:00完成住宅区快递配送，返回快递配送中心。  \n- UAV-01至UAV-04：异常处理与返航。",
                "similarity": 0.7686174113281015
            }
        ]
    },
    {
        "content2_para": "UAV-02:\n实体关系：周边商务楼快递配送\n时间：2023年11月15日 08:00 – 12:00\n地点：上海市浦东新区陆家嘴金融区快递配送中心\n任务优先级重要性：高\n具体任务：08:00自检设备并装载快递，08:10起飞至商务楼区域执行配送。",
        "matches": [
            {
                "content1_para": "无人机快递配送任务\n执行时间：\n2023年11月15日 08:00 – 12:00\n执行地点：\n上海市浦东新区陆家嘴金融区快递配送中心（坐标：31.2304°N, 121.4737°E）\n执行者：\nUAV-01至UAV-05\nUAV-01：负责陆家嘴核心区域快递配送\nUAV-02：负责周边商务楼快递配送\nUAV-03：负责住宅区快递配送\nUAV-04：备用无人机，负责紧急快递配送任务\nUAV-05：监控无人机，负责实时监控与数据回传\n任务优先级：\n高（确保快递配送时效性）\n任务重要性：\n高（提升快递配送效率，改善用户体验）\n操作步骤：\n\n设备自检与装载（2023年11月15日 08:00）\nUAV-01至UAV-05依次进行系统自检，确保以下核心模块正常运行：\n- 飞行控制系统\n- 电池系统\n- 数据传输系统\n- 快递装载与固定装置\n- 紧急降落系统\n确保每架无人机电池电量≥80%，并装载快递。\n\n出发与航线规划（2023年11月15日 08:10）\nUAV-01：从快递配送中心起飞，前往浦东新区核心区域，执行快递配送任务。\nUAV-02：从快递配送中心起飞，前往周边商务楼区域，执行快递配送任务。\nUAV-0",
                "content1_msg": "无人机名字或代号：UAV-01、UAV-02、UAV-03、UAV-04、UAV-05  \n时间：2023年11月15日 08:00 – 12:00、2023年11月15日 08:00、2023年11月15日 08:10  \n地点：上海市浦东新区陆家嘴金融区快递配送中心（坐标：31.2304°N, 121.4737°E）、浦东新区核心区域、周边商务楼区域、住宅区  \n任务优先级重要性：高  \n任务描述信息：设备自检与装载，确保飞行控制系统、电池系统、数据传输系统、快递装载与固定装置、紧急降落系统正常运行；确保每架无人机电池电量≥80%，并装载快递；从快递配送中心起飞，前往指定区域执行快递配送任务；UAV-04负责紧急快递配送任务；UAV-05负责实时监控与数据回传。",
                "similarity": 0.8029201352842499
            },
            {
                "content1_para": "配送中心起飞，前往周边商务楼区域，执行快递配送任务。\nUAV-03：从快递配送中心起飞，前往住宅区区域，执行快递配送任务。\nUAV-04：待命，随时准备接替其他无人机执行任务。\nUAV-05：监控无人机从快递配送中心起飞，进行空中巡逻，实时回传无人机状态与配送情况。\n\n配送执行（2023年11月15日 08:20 – 11:30）\nUAV-01：\n- 08:20到达浦东新区核心区域，开始快递配送任务。\n- 08:30将快递投递至指定地址，并返回至上一点进行下一单配送。\n- 09:00完成核心区域快递配送，向周边区域移动。\n\nUAV-02：\n- 08:20到达周边商务楼区域，开始快递配送任务。\n- 08:50将快递投递至指定地址，并返回至上一点进行下一单配送。\n- 09:30完成商务楼区域快递配送，向住宅区移动。\n\nUAV-03：\n- 08:20到达住宅区区域，开始快递配送任务。\n- 09:00将快递投递至指定地址，并返回至上一点进行下一单配送。\n- 10:00完成住宅区快递配送，返回快递配送中心。\n\n异常处理与返航（2023年11月15日 11:30 – 12:00）\nUAV-01至UAV-04：\n- 11:",
                "content1_msg": "无人机名字或代号：UAV-03、UAV-04、UAV-05、UAV-01、UAV-02  \n时间：2023年11月15日 08:20 – 11:30、2023年11月15日 08:20、2023年11月15日 08:30、2023年11月15日 09:00、2023年11月15日 08:50、2023年11月15日 09:30、2023年11月15日 11:30 – 12:00  \n地点：配送中心、周边商务楼区域、住宅区区域、浦东新区核心区域  \n任务优先级重要性：未提及  \n任务描述信息：  \n- 配送中心起飞，前往周边商务楼区域，执行快递配送任务。  \n- UAV-03：从快递配送中心起飞，前往住宅区区域，执行快递配送任务。  \n- UAV-04：待命，随时准备接替其他无人机执行任务。  \n- UAV-05：监控无人机从快递配送中心起飞，进行空中巡逻，实时回传无人机状态与配送情况。  \n- UAV-01：08:20到达浦东新区核心区域，开始快递配送任务；08:30将快递投递至指定地址，并返回至上一点进行下一单配送；09:00完成核心区域快递配送，向周边区域移动。  \n- UAV-02：08:20到达周边商务楼区域，开始快递配送任务；08:50将快递投递至指定地址，并返回至上一点进行下一单配送；09:30完成商务楼区域快递配送，向住宅区移动。  \n- UAV-03：08:20到达住宅区区域，开始快递配送任务；09:00将快递投递至指定地址，并返回至上一点进行下一单配送；10:00完成住宅区快递配送，返回快递配送中心。  \n- UAV-01至UAV-04：异常处理与返航。",
                "similarity": 0.7722132403381112
            }
        ]
    },
    {
        "content2_para": "UAV-03:\n实体关系：住宅区快递配送\n时间：2023年11月15日 08:00 – 12:00\n地点：上海市浦东新区陆家嘴金融区快递配送中心\n任务优先级重要性：高\n具体任务：08:00自检设备并装载快递，08:10起飞至住宅区执行配送。",
        "matches": [
            {
                "content1_para": "无人机快递配送任务\n执行时间：\n2023年11月15日 08:00 – 12:00\n执行地点：\n上海市浦东新区陆家嘴金融区快递配送中心（坐标：31.2304°N, 121.4737°E）\n执行者：\nUAV-01至UAV-05\nUAV-01：负责陆家嘴核心区域快递配送\nUAV-02：负责周边商务楼快递配送\nUAV-03：负责住宅区快递配送\nUAV-04：备用无人机，负责紧急快递配送任务\nUAV-05：监控无人机，负责实时监控与数据回传\n任务优先级：\n高（确保快递配送时效性）\n任务重要性：\n高（提升快递配送效率，改善用户体验）\n操作步骤：\n\n设备自检与装载（2023年11月15日 08:00）\nUAV-01至UAV-05依次进行系统自检，确保以下核心模块正常运行：\n- 飞行控制系统\n- 电池系统\n- 数据传输系统\n- 快递装载与固定装置\n- 紧急降落系统\n确保每架无人机电池电量≥80%，并装载快递。\n\n出发与航线规划（2023年11月15日 08:10）\nUAV-01：从快递配送中心起飞，前往浦东新区核心区域，执行快递配送任务。\nUAV-02：从快递配送中心起飞，前往周边商务楼区域，执行快递配送任务。\nUAV-0",
                "content1_msg": "无人机名字或代号：UAV-01、UAV-02、UAV-03、UAV-04、UAV-05  \n时间：2023年11月15日 08:00 – 12:00、2023年11月15日 08:00、2023年11月15日 08:10  \n地点：上海市浦东新区陆家嘴金融区快递配送中心（坐标：31.2304°N, 121.4737°E）、浦东新区核心区域、周边商务楼区域、住宅区  \n任务优先级重要性：高  \n任务描述信息：设备自检与装载，确保飞行控制系统、电池系统、数据传输系统、快递装载与固定装置、紧急降落系统正常运行；确保每架无人机电池电量≥80%，并装载快递；从快递配送中心起飞，前往指定区域执行快递配送任务；UAV-04负责紧急快递配送任务；UAV-05负责实时监控与数据回传。",
                "similarity": 0.7923550940667559
            },
            {
                "content1_para": "配送中心起飞，前往周边商务楼区域，执行快递配送任务。\nUAV-03：从快递配送中心起飞，前往住宅区区域，执行快递配送任务。\nUAV-04：待命，随时准备接替其他无人机执行任务。\nUAV-05：监控无人机从快递配送中心起飞，进行空中巡逻，实时回传无人机状态与配送情况。\n\n配送执行（2023年11月15日 08:20 – 11:30）\nUAV-01：\n- 08:20到达浦东新区核心区域，开始快递配送任务。\n- 08:30将快递投递至指定地址，并返回至上一点进行下一单配送。\n- 09:00完成核心区域快递配送，向周边区域移动。\n\nUAV-02：\n- 08:20到达周边商务楼区域，开始快递配送任务。\n- 08:50将快递投递至指定地址，并返回至上一点进行下一单配送。\n- 09:30完成商务楼区域快递配送，向住宅区移动。\n\nUAV-03：\n- 08:20到达住宅区区域，开始快递配送任务。\n- 09:00将快递投递至指定地址，并返回至上一点进行下一单配送。\n- 10:00完成住宅区快递配送，返回快递配送中心。\n\n异常处理与返航（2023年11月15日 11:30 – 12:00）\nUAV-01至UAV-04：\n- 11:",
                "content1_msg": "无人机名字或代号：UAV-03、UAV-04、UAV-05、UAV-01、UAV-02  \n时间：2023年11月15日 08:20 – 11:30、2023年11月15日 08:20、2023年11月15日 08:30、2023年11月15日 09:00、2023年11月15日 08:50、2023年11月15日 09:30、2023年11月15日 11:30 – 12:00  \n地点：配送中心、周边商务楼区域、住宅区区域、浦东新区核心区域  \n任务优先级重要性：未提及  \n任务描述信息：  \n- 配送中心起飞，前往周边商务楼区域，执行快递配送任务。  \n- UAV-03：从快递配送中心起飞，前往住宅区区域，执行快递配送任务。  \n- UAV-04：待命，随时准备接替其他无人机执行任务。  \n- UAV-05：监控无人机从快递配送中心起飞，进行空中巡逻，实时回传无人机状态与配送情况。  \n- UAV-01：08:20到达浦东新区核心区域，开始快递配送任务；08:30将快递投递至指定地址，并返回至上一点进行下一单配送；09:00完成核心区域快递配送，向周边区域移动。  \n- UAV-02：08:20到达周边商务楼区域，开始快递配送任务；08:50将快递投递至指定地址，并返回至上一点进行下一单配送；09:30完成商务楼区域快递配送，向住宅区移动。  \n- UAV-03：08:20到达住宅区区域，开始快递配送任务；09:00将快递投递至指定地址，并返回至上一点进行下一单配送；10:00完成住宅区快递配送，返回快递配送中心。  \n- UAV-01至UAV-04：异常处理与返航。",
                "similarity": 0.7754743549774832
            }
        ]
    },
    {
        "content2_para": "UAV-04:\n实体关系：紧急备用无人机\n时间：2023年11月15日 08:00 – 12:00\n地点：上海市浦东新区陆家嘴金融区快递配送中心\n任务优先级重要性：高\n具体任务：待命，随时准备接替其他无人机执行紧急任务。",
        "matches": [
            {
                "content1_para": "无人机快递配送任务\n执行时间：\n2023年11月15日 08:00 – 12:00\n执行地点：\n上海市浦东新区陆家嘴金融区快递配送中心（坐标：31.2304°N, 121.4737°E）\n执行者：\nUAV-01至UAV-05\nUAV-01：负责陆家嘴核心区域快递配送\nUAV-02：负责周边商务楼快递配送\nUAV-03：负责住宅区快递配送\nUAV-04：备用无人机，负责紧急快递配送任务\nUAV-05：监控无人机，负责实时监控与数据回传\n任务优先级：\n高（确保快递配送时效性）\n任务重要性：\n高（提升快递配送效率，改善用户体验）\n操作步骤：\n\n设备自检与装载（2023年11月15日 08:00）\nUAV-01至UAV-05依次进行系统自检，确保以下核心模块正常运行：\n- 飞行控制系统\n- 电池系统\n- 数据传输系统\n- 快递装载与固定装置\n- 紧急降落系统\n确保每架无人机电池电量≥80%，并装载快递。\n\n出发与航线规划（2023年11月15日 08:10）\nUAV-01：从快递配送中心起飞，前往浦东新区核心区域，执行快递配送任务。\nUAV-02：从快递配送中心起飞，前往周边商务楼区域，执行快递配送任务。\nUAV-0",
                "content1_msg": "无人机名字或代号：UAV-01、UAV-02、UAV-03、UAV-04、UAV-05  \n时间：2023年11月15日 08:00 – 12:00、2023年11月15日 08:00、2023年11月15日 08:10  \n地点：上海市浦东新区陆家嘴金融区快递配送中心（坐标：31.2304°N, 121.4737°E）、浦东新区核心区域、周边商务楼区域、住宅区  \n任务优先级重要性：高  \n任务描述信息：设备自检与装载，确保飞行控制系统、电池系统、数据传输系统、快递装载与固定装置、紧急降落系统正常运行；确保每架无人机电池电量≥80%，并装载快递；从快递配送中心起飞，前往指定区域执行快递配送任务；UAV-04负责紧急快递配送任务；UAV-05负责实时监控与数据回传。",
                "similarity": 0.7569008961138793
            },
            {
                "content1_para": "30 – 12:00）\nUAV-01至UAV-04：\n- 11:30检查任务完成情况，如有异常，立即处理。\n- 11:45确认所有快递已配送完毕，开始返航。\n- 12:00无人机全部返回快递配送中心，任务结束。\n\n监控与数据回传（2023年11月15日 08:00 – 12:00）\nUAV-05：\n- 全程监控无人机飞行状态与快递配送情况。\n- 08:00-11:30实时回传无人机状态与配送数据至指挥中心。\n- 12:00任务结束后，汇总监控数据。\n\n————————————————————————————————————————————————————————————————————————————————-",
                "content1_msg": "无人机名字或代号：UAV-01、UAV-02、UAV-03、UAV-04、UAV-05  \n时间：2023年11月15日 11:30、2023年11月15日 11:45、2023年11月15日 12:00、2023年11月15日 08:00 – 12:00、2023年11月15日 08:00-11:30  \n地点：快递配送中心、指挥中心  \n任务优先级重要性：未提及  \n任务描述信息：检查任务完成情况，如有异常，立即处理；确认所有快递已配送完毕，开始返航；无人机全部返回快递配送中心，任务结束；全程监控无人机飞行状态与快递配送情况；实时回传无人机状态与配送数据至指挥中心；汇总监控数据。",
                "similarity": 0.7491799721053914
            }
        ]
    },
    {
        "content2_para": "UAV-05:\n实体关系：监控无人机\n时间：2023年11月15日 08:00 – 12:00\n地点：上海市浦东新区陆家嘴金融区快递配送中心\n任务优先级重要性：高\n具体任务：08:00起飞，全程监控无人机状态与配送情况，实时回传数据。",
        "matches": [
            {
                "content1_para": "无人机快递配送任务\n执行时间：\n2023年11月15日 08:00 – 12:00\n执行地点：\n上海市浦东新区陆家嘴金融区快递配送中心（坐标：31.2304°N, 121.4737°E）\n执行者：\nUAV-01至UAV-05\nUAV-01：负责陆家嘴核心区域快递配送\nUAV-02：负责周边商务楼快递配送\nUAV-03：负责住宅区快递配送\nUAV-04：备用无人机，负责紧急快递配送任务\nUAV-05：监控无人机，负责实时监控与数据回传\n任务优先级：\n高（确保快递配送时效性）\n任务重要性：\n高（提升快递配送效率，改善用户体验）\n操作步骤：\n\n设备自检与装载（2023年11月15日 08:00）\nUAV-01至UAV-05依次进行系统自检，确保以下核心模块正常运行：\n- 飞行控制系统\n- 电池系统\n- 数据传输系统\n- 快递装载与固定装置\n- 紧急降落系统\n确保每架无人机电池电量≥80%，并装载快递。\n\n出发与航线规划（2023年11月15日 08:10）\nUAV-01：从快递配送中心起飞，前往浦东新区核心区域，执行快递配送任务。\nUAV-02：从快递配送中心起飞，前往周边商务楼区域，执行快递配送任务。\nUAV-0",
                "content1_msg": "无人机名字或代号：UAV-01、UAV-02、UAV-03、UAV-04、UAV-05  \n时间：2023年11月15日 08:00 – 12:00、2023年11月15日 08:00、2023年11月15日 08:10  \n地点：上海市浦东新区陆家嘴金融区快递配送中心（坐标：31.2304°N, 121.4737°E）、浦东新区核心区域、周边商务楼区域、住宅区  \n任务优先级重要性：高  \n任务描述信息：设备自检与装载，确保飞行控制系统、电池系统、数据传输系统、快递装载与固定装置、紧急降落系统正常运行；确保每架无人机电池电量≥80%，并装载快递；从快递配送中心起飞，前往指定区域执行快递配送任务；UAV-04负责紧急快递配送任务；UAV-05负责实时监控与数据回传。",
                "similarity": 0.795085477311979
            },
            {
                "content1_para": "30 – 12:00）\nUAV-01至UAV-04：\n- 11:30检查任务完成情况，如有异常，立即处理。\n- 11:45确认所有快递已配送完毕，开始返航。\n- 12:00无人机全部返回快递配送中心，任务结束。\n\n监控与数据回传（2023年11月15日 08:00 – 12:00）\nUAV-05：\n- 全程监控无人机飞行状态与快递配送情况。\n- 08:00-11:30实时回传无人机状态与配送数据至指挥中心。\n- 12:00任务结束后，汇总监控数据。\n\n————————————————————————————————————————————————————————————————————————————————-",
                "content1_msg": "无人机名字或代号：UAV-01、UAV-02、UAV-03、UAV-04、UAV-05  \n时间：2023年11月15日 11:30、2023年11月15日 11:45、2023年11月15日 12:00、2023年11月15日 08:00 – 12:00、2023年11月15日 08:00-11:30  \n地点：快递配送中心、指挥中心  \n任务优先级重要性：未提及  \n任务描述信息：检查任务完成情况，如有异常，立即处理；确认所有快递已配送完毕，开始返航；无人机全部返回快递配送中心，任务结束；全程监控无人机飞行状态与快递配送情况；实时回传无人机状态与配送数据至指挥中心；汇总监控数据。",
                "similarity": 0.7890538515706995
            }
        ]
    },
    {
        "content2_para": "UAV-04（紧急任务）:\n实体关系：紧急医疗物资配送\n时间：2023年11月15日 14:00 – 15:00\n地点：上海市普陀区某医院\n任务优先级重要性：极高\n具体任务：14:00自检设备并装载医疗物资，14:05起飞至医院执行紧急配送。",
        "matches": [
            {
                "content1_para": "紧急快递配送任务\n执行时间：\n2023年11月15日 14:00 – 15:00\n执行地点：\n上海市普陀区某医院（坐标：31.2297°N, 121.4040°E）\n执行者：\nUAV-04：紧急备用无人机\n任务优先级：\n极高（确保紧急医疗物资快速送达）\n任务重要性：\n极高（拯救生命）\n操作步骤：\n\n设备检查与装载（2023年11月15日 14:00）\nUAV-04进行系统自检，确保以下核心模块正常运行，并装载紧急医疗物资。\n\n起飞与航线规划（2023年11月15日 14:05）\nUAV-04从快递配送中心起飞，沿预设航线前往普陀区某医院。\n\n紧急配送（2023年11月15日 14:10 – 14:50）\nUAV-04：\n- 14:10到达普陀区某医院，将紧急医疗物资投递至指定地点。\n- 14:15确认物资送达无误，立即起飞返回快递配送中心。\n\n返航与任务结束（2023年11月15日 14:50 – 15:00）\nUAV-04：\n- 14:50返回快递配送中心，任务结束。\n- 15:00无人机返回并报告任务完成情况。",
                "content1_msg": "无人机名字或代号：UAV-04  \n时间：2023年11月15日 14:00 – 15:00、2023年11月15日 14:00、2023年11月15日 14:05、2023年11月15日 14:10 – 14:50、2023年11月15日 14:10、2023年11月15日 14:15、2023年11月15日 14:50 – 15:00、2023年11月15日 14:50、2023年11月15日 15:00  \n地点：上海市普陀区某医院（坐标：31.2297°N, 121.4040°E）、快递配送中心  \n任务优先级重要性：极高（确保紧急医疗物资快速送达）、极高（拯救生命）  \n任务描述信息：设备检查与装载、起飞与航线规划、紧急配送（到达指定地点投递物资并确认送达无误）、返航与任务结束",
                "similarity": 0.9291089892266837
            },
            {
                "content1_para": "无人机快递配送任务\n执行时间：\n2023年11月15日 08:00 – 12:00\n执行地点：\n上海市浦东新区陆家嘴金融区快递配送中心（坐标：31.2304°N, 121.4737°E）\n执行者：\nUAV-01至UAV-05\nUAV-01：负责陆家嘴核心区域快递配送\nUAV-02：负责周边商务楼快递配送\nUAV-03：负责住宅区快递配送\nUAV-04：备用无人机，负责紧急快递配送任务\nUAV-05：监控无人机，负责实时监控与数据回传\n任务优先级：\n高（确保快递配送时效性）\n任务重要性：\n高（提升快递配送效率，改善用户体验）\n操作步骤：\n\n设备自检与装载（2023年11月15日 08:00）\nUAV-01至UAV-05依次进行系统自检，确保以下核心模块正常运行：\n- 飞行控制系统\n- 电池系统\n- 数据传输系统\n- 快递装载与固定装置\n- 紧急降落系统\n确保每架无人机电池电量≥80%，并装载快递。\n\n出发与航线规划（2023年11月15日 08:10）\nUAV-01：从快递配送中心起飞，前往浦东新区核心区域，执行快递配送任务。\nUAV-02：从快递配送中心起飞，前往周边商务楼区域，执行快递配送任务。\nUAV-0",
                "content1_msg": "无人机名字或代号：UAV-01、UAV-02、UAV-03、UAV-04、UAV-05  \n时间：2023年11月15日 08:00 – 12:00、2023年11月15日 08:00、2023年11月15日 08:10  \n地点：上海市浦东新区陆家嘴金融区快递配送中心（坐标：31.2304°N, 121.4737°E）、浦东新区核心区域、周边商务楼区域、住宅区  \n任务优先级重要性：高  \n任务描述信息：设备自检与装载，确保飞行控制系统、电池系统、数据传输系统、快递装载与固定装置、紧急降落系统正常运行；确保每架无人机电池电量≥80%，并装载快递；从快递配送中心起飞，前往指定区域执行快递配送任务；UAV-04负责紧急快递配送任务；UAV-05负责实时监控与数据回传。",
                "similarity": 0.6747813700813999
            }
        ]
    }
]