[
    {
        "paragraph": "无人机快递配送任务\n\n执行时间\n：2023年10月15日 10:00 – 11:30\n执行地点\n：北京市朝阳区快递分拣中心（坐标：39.9932°N, 116.4840°E）\n执行者\n：\nUAV-01\n：负责将快递从分拣中心运送至东直门地铁站\nUAV-02\n：负责将快递从分拣中心运送至国贸商城\nUAV-03\n：备用机，执行故障应急接替与补充运输任务\n任务优先级\n：高（确保快递及时送达）\n任务重要性\n：确保快递安全、准确、高效地送达指定地点\n\n操作步骤\n：\nUAV-01\n于2023年10月15日 10:00在分拣中心执行系统自检，确保以下核心设备正常：\n导航系统（GNSS+RTK，定位精度≤0.5米）\n电池电量≥ 90%，确保完成单程运输\nUAV-02\n于2023年10月15日 10:10同步执行设备检查，确认快递封装完好，完成以下检查：\n货物重量≤5kg，误差≤0.1kg\n自动避障模块激活，确保飞行途中识别障碍物并规避\nUAV-03\n于2023年10月15日 10:20进行备用检查，确保可随时接管故障任务，主要测试：\n应急切换模块，确保接收来自指挥中心的备用飞行指令\n备用航线预设，覆盖主航线与替代路径\n\n——",
        "key_message": "无人机名字或代号：UAV-01、UAV-02、UAV-03  \n时间：2023年10月15日 10:00 – 11:30、2023年10月15日 10:00、2023年10月15日 10:10、2023年10月15日 10:20  \n地点：北京市朝阳区快递分拣中心（坐标：39.9932°N, 116.4840°E）、东直门地铁站、国贸商城  \n任务优先级重要性：高（确保快递及时送达）、确保快递安全、准确、高效地送达指定地点  \n任务描述信息：将快递从分拣中心运送至东直门地铁站、将快递从分拣中心运送至国贸商城、备用机，执行故障应急接替与补充运输任务、执行系统自检、确认快递封装完好、完成设备检查、测试应急切换模块和备用航线预设"
    },
    {
        "paragraph": "挥中心的备用飞行指令\n备用航线预设，覆盖主航线与替代路径\n\n————————————————————————————————————————————————————————————————————————————————-",
        "key_message": "无人机名字或代号：未提及  \n时间：未提及  \n地点：未提及  \n任务优先级重要性：未提及  \n任务描述信息：备用航线预设，覆盖主航线与替代路径"
    },
    {
        "paragraph": "起飞与航线执行\n\n执行时间\n：2023年10月15日 10:30 – 10:45\n执行地点\n：北京市朝阳区快递分拣中心至东直门地铁站、国贸商城\n执行者\n：\nUAV-01\n：向东直门地铁站运送快递\nUAV-02\n：向国贸商城运送快递\n任务优先级\n：高（确保快递在15分钟内送达）\n\n操作步骤\n：\nUAV-01\n于2023年10月15日 10:30起飞，按预设路径以80 km/h速度前往东直门地铁站，航线要求：\n飞行高度：100米，避开建筑物与人群\n预计到达时间：10:40，实时报告航迹与设备状态\nUAV-02\n于2023年10月15日 10:35起飞，飞往国贸商城，飞行参数要求：\n高度120米，速度75 km/h，确保高效避障\n抵达目标时间：10:45，进行自动降落与精准投放\n\n————————————————————————————————————————————————————————————————————————————————-",
        "key_message": "无人机名字或代号：UAV-01、UAV-02  \n时间：2023年10月15日 10:30 – 10:45、2023年10月15日 10:30、2023年10月15日 10:35  \n地点：北京市朝阳区快递分拣中心至东直门地铁站、国贸商城  \n任务优先级重要性：高  \n任务描述信息：UAV-01向东直门地铁站运送快递，UAV-02向国贸商城运送快递；UAV-01于2023年10月15日 10:30起飞，按预设路径以80 km/h速度前往东直门地铁站，飞行高度100米，避开建筑物与人群，预计到达时间10:40，实时报告航迹与设备状态；UAV-02于2023年10月15日 10:35起飞，飞往国贸商城，高度120米，速度75 km/h，确保高效避障，抵达目标时间10:45，进行自动降落与精准投放。"
    },
    {
        "paragraph": "快递投放与交付确认\n\n执行时间\n：2023年10月15日 10:45 – 10:55\n执行地点\n：东直门地铁站、国贸商城\n执行者\n：\nUAV-01\n：执行快递投放与交付确认\nUAV-02\n：执行快递交付并采集目标环境数据\n任务优先级\n：高（确保快递安全无误投放并获得接收反馈）\n\n操作步骤\n：\nUAV-01\n于2023年10月15日 10:45在东直门地铁站指定区域悬停，执行以下操作：\n启动精准投放系统，确认投放高度30米\n投放完成后，接收确认码并向指挥中心回传\nUAV-02\n于2023年10月15日 10:50在国贸商城进行精准投放，完成以下操作：\n采集目标环境数据（风速、障碍物位置）\n确认快递投放完成，获取接收反馈并实时上传\n\n————————————————————————————————————————————————————————————————————————————————-",
        "key_message": "无人机名字或代号：UAV-01、UAV-02  \n时间：2023年10月15日 10:45 – 10:55、2023年10月15日 10:45、2023年10月15日 10:50  \n地点：东直门地铁站、国贸商城  \n任务优先级重要性：高  \n任务描述信息：执行快递投放与交付确认、执行快递交付并采集目标环境数据、启动精准投放系统，确认投放高度30米、投放完成后，接收确认码并向指挥中心回传、采集目标环境数据（风速、障碍物位置）、确认快递投放完成，获取接收反馈并实时上传"
    },
    {
        "paragraph": "数据回传与应急响应\n\n执行时间\n：2023年10月15日 10:55 – 11:10\n执行地点\n：全程数据监测与反馈系统\n执行者\n：\nUAV-03\n：备用无人机，执行故障接替任务\n任务优先级\n：高（确保全程监控与数据安全回传）\n\n操作步骤\n：\nUAV-03\n于2023年10月15日 10:55待命，实时监控UAV-01和UAV-02的任务执行情况\n若UAV-01或UAV-02出现故障，UAV-03立即执行以下流程：\n根据备用航线导航至目标区域，确保快递在5分钟内完成补投\n与指挥中心保持通讯，实时报告任务进展\n\n————————————————————————————————————————————————————————————————————————————————-",
        "key_message": "无人机名字或代号：UAV-03、UAV-01、UAV-02  \n时间：2023年10月15日 10:55 – 11:10、2023年10月15日 10:55  \n地点：全程数据监测与反馈系统、目标区域（未明确具体坐标或位置）  \n任务优先级重要性：高  \n任务描述信息：备用无人机，执行故障接替任务；待命并实时监控UAV-01和UAV-02的任务执行情况；若出现故障，根据备用航线导航至目标区域，确保快递在5分钟内完成补投；与指挥中心保持通讯，实时报告任务进展。"
    },
    {
        "paragraph": "返航与任务总结\n\n执行时间\n：2023年10月15日 11:10 – 11:30\n执行地点\n：北京市朝阳区快递分拣中心\n执行者\n：\nUAV-01、UAV-02、UAV-03\n：执行返航\n任务优先级\n：高（确保数据完整性并安全返航）\n\n操作步骤\n：\nUAV-01、UAV-02\n于2023年10月15日 11:10按原航线返航，预计11:20抵达\nUAV-03\n于2023年10月15日 11:30返回分拣中心\nUAV-01、UAV-02\n于2023年10月15日 11:30完成以下任务总结：\n运输时间、投放精度、信号稳定性统计\n异常情况分析及改进建议，提交至指挥中心",
        "key_message": "无人机名字或代号：UAV-01、UAV-02、UAV-03  \n时间：2023年10月15日 11:10 – 11:30、2023年10月15日 11:10、2023年10月15日 11:20、2023年10月15日 11:30  \n地点：北京市朝阳区快递分拣中心  \n任务优先级重要性：高  \n任务描述信息：按原航线返航、确保数据完整性并安全返航、完成运输时间统计、投放精度统计、信号稳定性统计、异常情况分析及改进建议提交至指挥中心"
    }
]