[
    {
        "paragraph": "UAV-01:\n实体关系：快递运输\n时间：2023年10月15日 10:00\n地点：北京市朝阳区快递分拣中心\n任务优先级重要性：高\n具体任务：执行系统自检，确保导航系统精度≤0.5米，电池电量≥90%。"
    },
    {
        "paragraph": "UAV-02:\n实体关系：快递运输\n时间：2023年10月15日 10:10\n地点：北京市朝阳区快递分拣中心\n任务优先级重要性：高\n具体任务：同步执行设备检查，确认货物重量≤5kg，自动避障模块激活。"
    },
    {
        "paragraph": "UAV-03:\n实体关系：备用无人机\n时间：2023年10月15日 10:20\n地点：北京市朝阳区快递分拣中心\n任务优先级重要性：高\n具体任务：进行备用检查，确保应急切换模块和备用航线预设正常。"
    },
    {
        "paragraph": "UAV-01:\n实体关系：快递运输\n时间：2023年10月15日 10:30\n地点：北京市朝阳区快递分拣中心\n任务优先级重要性：高\n具体任务：起飞，按预设路径以80 km/h速度前往东直门地铁站，飞行高度100米。"
    },
    {
        "paragraph": "UAV-02:\n实体关系：快递运输\n时间：2023年10月15日 10:35\n地点：北京市朝阳区快递分拣中心\n任务优先级重要性：高\n具体任务：起飞，飞往国贸商城，飞行高度120米，速度75 km/h。"
    },
    {
        "paragraph": "UAV-01:\n实体关系：快递投放\n时间：2023年10月15日 10:45\n地点：东直门地铁站\n任务优先级重要性：高\n具体任务：在指定区域悬停，执行精准投放，确认投放高度30米。"
    },
    {
        "paragraph": "UAV-02:\n实体关系：快递交付\n时间：2023年10月15日 10:50\n地点：国贸商城\n任务优先级重要性：高\n具体任务：进行精准投放，采集目标环境数据，获取接收反馈。"
    },
    {
        "paragraph": "UAV-03:\n实体关系：备用无人机\n时间：2023年10月15日 10:55\n地点：北京市朝阳区快递分拣中心\n任务优先级重要性：高\n具体任务：待命，实时监控UAV-01和UAV-02，若故障立即执行备用流程。"
    },
    {
        "paragraph": "UAV-01、UAV-02:\n实体关系：返航与任务总结\n时间：2023年10月15日 11:10\n地点：北京市朝阳区快递分拣中心\n任务优先级重要性：高\n具体任务：返航，预计11:20抵达，完成运输时间、投放精度、信号稳定性统计。"
    },
    {
        "paragraph": "UAV-03:\n实体关系：返航\n时间：2023年10月15日 11:30\n地点：北京市朝阳区快递分拣中心\n任务优先级重要性：高\n具体任务：返回分拣中心。"
    },
    {
        "paragraph": "UAV-01、UAV-02:\n实体关系：任务总结\n时间：2023年10月15日 11:30\n地点：北京市朝阳区快递分拣中心\n任务优先级重要性：高\n具体任务：完成异常情况分析及改进建议，提交至指挥中心。"
    }
]