[
    {
        "paragraph": "子任务1：无人机集群灾害区域初步侦察任务",
        "key_message": "无人机名字或代号：未提及  \n时间：未提及  \n地点：灾害区域  \n优先级重要性：未提及  \n任务描述信息：初步侦察任务"
    },
    {
        "paragraph": "无人机准备与设备检查\n执行时间：2023年9月15日 08:00 – 08:30\n执行地点：四川省成都市都江堰市震中区域（坐标：30.9844°N, 103.2345°E）\n执行者：\nUAV-01：负责震中区域东北角侦察\nUAV-02：负责震中区域东南角侦察\nUAV-03：负责震中区域西北角侦察\n任务优先级：极高（快速获取灾害区域信息，为救援行动提供依据）\n操作步骤：\n设备自检与环境适配（2023年9月15日 08:00 – 08:10）\nUAV-01至UAV-03依次进行系统检查，确保以下核心模块正常工作：\n- 高清摄像头\n- 飞行导航系统\n- 数据回传模块\n电量检查：确保每架无人机电量≥90%，飞行时间≥2小时。\n飞行路径规划（2023年9月15日 08:10 – 08:20）\nUAV-01规划为东北角区域螺旋航线，覆盖震中区域东北角至国道108线区域。\nUAV-02规划为东南角区域平行航线，覆盖震中区域东南角至国道318线区域。\nUAV-03规划为西北角区域蛇形航线，覆盖震中区域西北角至国道213线区域。\n\n————————————————————————————————————————————————",
        "key_message": "无人机名字或代号：UAV-01、UAV-02、UAV-03  \n时间：2023年9月15日 08:00 – 08:30、2023年9月15日 08:00 – 08:10、2023年9月15日 08:10 – 08:20  \n地点：四川省成都市都江堰市震中区域（坐标：30.9844°N, 103.2345°E）  \n任务优先级重要性：极高  \n任务描述信息：设备自检与环境适配、电量检查、飞行路径规划；UAV-01负责震中区域东北角侦察，UAV-02负责震中区域东南角侦察，UAV-03负责震中区域西北角侦察。"
    },
    {
        "paragraph": "————————————————————————————————————————————————————————————————-",
        "key_message": "请提供需要提取信息的文本内容，我将按照示例格式为您提取全部无人机名字或代号、时间、地点、优先级重要性、任务描述信息。如果某类信息未提及，我会标注“未提及”。"
    },
    {
        "paragraph": "灾害区域初步侦察\n执行时间：2023年9月15日 08:30 – 09:30\n执行地点：四川省成都市都江堰市震中区域\n执行者：\nUAV-01：东北角区域侦察\nUAV-02：东南角区域侦察\nUAV-03：西北角区域侦察\n任务优先级：极高（快速获取灾害区域信息，为救援行动提供依据）\n操作步骤：\nUAV-01于2023年9月15日 08:30起飞，执行以下侦察任务：\n- 飞行高度：100m（确保侦察影像清晰度）\n- 飞行速度：15 km/h（确保侦察范围）\n- 数据采集频率：每5秒记录一次高清影像，覆盖震中区域东北角至国道108线区域。\nUAV-02于2023年9月15日 08:40起飞，执行以下侦察任务：\n- 飞行高度：100m（确保侦察影像清晰度）\n- 飞行速度：15 km/h（确保侦察范围）\n- 数据采集频率：每5秒记录一次高清影像，覆盖震中区域东南角至国道318线区域。\nUAV-03于2023年9月15日 08:50起飞，执行以下侦察任务：\n- 飞行高度：100m（确保侦察影像清晰度）\n- 飞行速度：15 km/h（确保侦察范围）\n- 数据采集频率：每5秒记录一次高清影像，覆盖震中区域西北角至国道213线区",
        "key_message": "无人机名字或代号：UAV-01、UAV-02、UAV-03  \n时间：2023年9月15日 08:30 – 09:30、2023年9月15日 08:30、2023年9月15日 08:40、2023年9月15日 08:50  \n地点：四川省成都市都江堰市震中区域  \n任务优先级重要性：极高  \n任务描述信息：  \n- UAV-01：飞行高度100m，飞行速度15 km/h，每5秒记录一次高清影像，覆盖震中区域东北角至国道108线区域。  \n- UAV-02：飞行高度100m，飞行速度15 km/h，每5秒记录一次高清影像，覆盖震中区域东南角至国道318线区域。  \n- UAV-03：飞行高度100m，飞行速度15 km/h，每5秒记录一次高清影像，覆盖震中区域西北角至国道213线区域。"
    },
    {
        "paragraph": "频率：每5秒记录一次高清影像，覆盖震中区域西北角至国道213线区域。\n\n————————————————————————————————————————————————————————————————————————————————-",
        "key_message": "无人机名字或代号：未提及  \n时间：未提及  \n地点：震中区域西北角至国道213线区域  \n任务优先级重要性：未提及  \n任务描述信息：每5秒记录一次高清影像，覆盖震中区域西北角至国道213线区域。"
    },
    {
        "paragraph": "实时数据回传与异常监控\n执行时间：2023年9月15日 09:30 – 09:45\n执行地点：四川省成都市都江堰市救援指挥中心\n执行者：\nUAV-01、UAV-02、UAV-03：数据回传与实时监测\n救援指挥中心：实时监控与数据质量审核\n任务优先级：极高（确保救援行动的准确性和效率）\n操作步骤：\n实时回传数据：无人机通过4G/5G网络实时回传高清影像，延迟控制≤5秒。\n数据完整性检查：救援指挥中心实时比对各航段数据，确保影像覆盖范围符合要求。\n异常处理：如发现以下异常，立即触发应急响应流程：\n- 图像采集中断\n- 数据传输延迟超过5秒\n\n————————————————————————————————————————————————————————————————————————————————-",
        "key_message": "无人机名字或代号：UAV-01、UAV-02、UAV-03  \n时间：2023年9月15日 09:30 – 09:45  \n地点：四川省成都市都江堰市救援指挥中心  \n任务优先级重要性：极高  \n任务描述信息：数据回传与实时监测、实时回传数据、数据完整性检查、异常处理（图像采集中断、数据传输延迟超过5秒）"
    },
    {
        "paragraph": "返航与设备维护\n执行时间：2023年9月15日 09:45 – 10:00\n执行地点：四川省成都市都江堰市救援指挥中心\n执行者：\nUAV-01、UAV-02、UAV-03：执行返航与数据备份\n救援指挥中心：设备检查与数据备份\n任务优先级：高（确保无人机设备状态良好，为后续任务做准备）\n操作步骤：\nUAV-01至UAV-03按预定航线返航，确保飞行高度200m，避开地面障碍物。\n设备检查与数据备份：检查影像存储设备，确保数据完整无损。\n救援指挥中心完成设备电池、电机、传感器的性能检测，记录飞行日志。",
        "key_message": "无人机名字或代号：UAV-01、UAV-02、UAV-03  \n时间：2023年9月15日 09:45 – 10:00  \n地点：四川省成都市都江堰市救援指挥中心  \n任务优先级重要性：高  \n任务描述信息：UAV-01至UAV-03按预定航线返航，确保飞行高度200m，避开地面障碍物；执行返航与数据备份；检查影像存储设备，确保数据完整无损；救援指挥中心完成设备电池、电机、传感器的性能检测，记录飞行日志。"
    }
]