[
    {
        "paragraph": "子任务1：地震灾区无人机集群搜救任务",
        "key_message": "无人机名字或代号：未提及  \n时间：未提及  \n地点：地震灾区  \n任务优先级重要性：未提及  \n任务描述信息：无人机集群搜救任务"
    },
    {
        "paragraph": "无人机准备与设备检查\n执行时间：2025年9月5日 07:00 – 08:00\n执行地点：四川省成都市都江堰市地震灾区（坐标：31.0202°N, 103.8300°E）\n执行者：\nUAV-01、UAV-02、UAV-03\n：负责搜救区域一\nUAV-04、UAV-05、UAV-06\n：负责搜救区域二\n任务优先级：极高（时间紧迫，生命至上）\n操作步骤：\n设备自检与环境适配\n（2025年9月5日07:00 – 07:30）\nUAV-01至UAV-06\n依次进行系统检查，确保以下核心模块正常工作：\n热成像摄像头\n（用于夜间或能见度低的环境，探测生命迹象）\n飞行导航系统\n（GPS定位，精度≤10m，确保航线精准覆盖）\n数据回传模块\n（4G实时传输，确保延迟不超过5秒）\n电量检查：确保每架无人机电量≥85%，飞行时间≥2小时。\n飞行路径与数据采集规划\n（2025年9月5日07:30 – 08:00）\nUAV-01至UAV-03\n规划为区域一网格航线，覆盖灾区东部至中部区域，航线间距100m，确保全面覆盖。\nUAV-04至UAV-06\n规划为区域二蛇形航线，覆盖灾区西部至北部区域，航线间距100m，确保重点区域覆盖。\n\n",
        "key_message": "无人机名字或代号：UAV-01、UAV-02、UAV-03、UAV-04、UAV-05、UAV-06  \n时间：2025年9月5日 07:00 – 08:00、2025年9月5日 07:00 – 07:30、2025年9月5日 07:30 – 08:00  \n地点：四川省成都市都江堰市地震灾区（坐标：31.0202°N, 103.8300°E）  \n任务优先级重要性：极高  \n任务描述信息：设备自检与环境适配；依次进行系统检查，确保热成像摄像头、飞行导航系统和数据回传模块正常工作；电量检查；飞行路径与数据采集规划，包括区域一网格航线和区域二蛇形航线。"
    },
    {
        "paragraph": "覆盖灾区西部至北部区域，航线间距100m，确保重点区域覆盖。\n\n————————————————————————————————————————————————————————————————————————————————-",
        "key_message": "无人机名字或代号：未提及  \n时间：未提及  \n地点：灾区西部至北部区域  \n优先级重要性：未提及  \n任务描述信息：覆盖灾区西部至北部区域，航线间距100m，确保重点区域覆盖。"
    },
    {
        "paragraph": "无人机集群搜救行动\n执行时间：2025年9月5日 08:00 – 12:00\n执行地点：四川省成都市都江堰市地震灾区\n执行者：\nUAV-01、UAV-02、UAV-03\n：搜救区域一\nUAV-04、UAV-05、UAV-06\n：搜救区域二\n任务优先级：极高（时间紧迫，生命至上）\n操作步骤：\nUAV-01\n于2025年9月5日08:00起飞，执行以下搜救任务：\n飞行高度：50m（确保热成像摄像头有效工作）\n飞行速度：10 km/h（确保覆盖范围与搜救效率）\n数据采集频率：每30秒记录一次热成像数据，覆盖率≥95%\nUAV-02\n于2025年9月5日08:10起飞，执行以下搜救任务：\n对热成像数据进行分析，识别生命迹象，并将坐标数据回传至指挥中心。\nUAV-03\n于2025年9月5日08:20起飞，执行以下搜救任务：\n根据UAV-02提供的数据，前往生命迹象区域进行地面确认。\nUAV-04\n于2025年9月5日08:30起飞，执行以下搜救任务：\n与UAV-01协同，覆盖灾区东部至中部区域，确保无遗漏。\nUAV-05\n于2025年9月5日08:40起飞，执行以下搜救任务：\n对UAV-04提供的热成像数据进行分析，识",
        "key_message": "无人机名字或代号：UAV-01、UAV-02、UAV-03、UAV-04、UAV-05、UAV-06  \n时间：2025年9月5日 08:00 – 12:00、2025年9月5日 08:00、2025年9月5日 08:10、2025年9月5日 08:20、2025年9月5日 08:30、2025年9月5日 08:40  \n地点：四川省成都市都江堰市地震灾区  \n任务优先级重要性：极高（时间紧迫，生命至上）  \n任务描述信息：  \n- UAV-01：飞行高度50m，飞行速度10 km/h，每30秒记录一次热成像数据，覆盖率≥95%。  \n- UAV-02：对热成像数据进行分析，识别生命迹象，并将坐标数据回传至指挥中心。  \n- UAV-03：根据UAV-02提供的数据，前往生命迹象区域进行地面确认。  \n- UAV-04：与UAV-01协同，覆盖灾区东部至中部区域，确保无遗漏。  \n- UAV-05：对UAV-04提供的热成像数据进行分析，识别生命迹象（未完成部分）。"
    },
    {
        "paragraph": "，执行以下搜救任务：\n对UAV-04提供的热成像数据进行分析，识别生命迹象，并将坐标数据回传至指挥中心。\nUAV-06\n于2025年9月5日08:50起飞，执行以下搜救任务：\n根据UAV-05提供的数据，前往生命迹象区域进行地面确认。\n\n————————————————————————————————————————————————————————————————————————————————-",
        "key_message": "无人机名字或代号：UAV-04、UAV-06、UAV-05  \n时间：2025年9月5日08:50  \n地点：未提及  \n任务优先级重要性：未提及  \n任务描述信息：对UAV-04提供的热成像数据进行分析，识别生命迹象，并将坐标数据回传至指挥中心；根据UAV-05提供的数据，前往生命迹象区域进行地面确认。"
    },
    {
        "paragraph": "实时数据回传与指挥中心协调\n执行时间：2025年9月5日 12:00 – 13:00\n执行地点：四川省成都市地震灾区指挥中心\n执行者：\nUAV-01至UAV-06\n：数据回传\n指挥中心\n：协调搜救行动\n任务优先级：极高（确保搜救行动的实时性和有效性）\n操作步骤：\n实时回传数据\n：无人机通过4G专线实时回传热成像数据和生命迹象坐标，延迟控制≤5秒。\n指挥中心实时监控\n：分析团队实时分析回传数据，协调地面搜救队伍前往生命迹象区域。\n\n————————————————————————————————————————————————————————————————————————————————-",
        "key_message": "无人机名字或代号：UAV-01、UAV-02、UAV-03、UAV-04、UAV-05、UAV-06  \n时间：2025年9月5日 12:00 – 13:00  \n地点：四川省成都市地震灾区指挥中心  \n任务优先级重要性：极高  \n任务描述信息：无人机通过4G专线实时回传热成像数据和生命迹象坐标，延迟控制≤5秒；分析团队实时分析回传数据，协调地面搜救队伍前往生命迹象区域。"
    },
    {
        "paragraph": "返航与设备维护\n执行时间：2025年9月5日 13:00 – 14:00\n执行地点：四川省成都市都江堰市地震灾区指挥中心附近空地\n执行者：\nUAV-01至UAV-06\n：执行返航与数据备份\n维护工程师\n：执行设备检查与维护\n任务优先级：高（确保无人机设备状态良好，为后续任务做准备）\n操作步骤：\nUAV-01至UAV-06\n按预定航线返航，确保飞行高度100m，避开地面障碍物。\n设备检查与数据备份\n：检查影像存储设备，确保数据完整无损。\n维护工程师完成设备电池、电机、传感器的性能检测，记录飞行日志。\n\n————————————————————————————————————————————————————————————————————————————————-",
        "key_message": "无人机名字或代号：UAV-01、UAV-02、UAV-03、UAV-04、UAV-05、UAV-06  \n时间：2025年9月5日 13:00 – 14:00  \n地点：四川省成都市都江堰市地震灾区指挥中心附近空地  \n任务优先级重要性：高  \n任务描述信息：按预定航线返航，确保飞行高度100m，避开地面障碍物；执行返航与数据备份；检查影像存储设备，确保数据完整无损；维护工程师完成设备电池、电机、传感器的性能检测，记录飞行日志。"
    },
    {
        "paragraph": "目标完成标准\n目标达成标准：\n生命迹象识别准确率≥90%。\n数据实时回传延迟≤5秒，生命迹象坐标回传时间≤2分钟。\n设备维护要求：\n确保无人机航行稳定性与系统模块正常工作。\n设备清洁与电池电量恢复至100%，为下一次任务做好准备。",
        "key_message": "无人机名字或代号：未提及  \n时间：未提及  \n地点：未提及  \n任务优先级重要性：未提及  \n任务描述信息：生命迹象识别、数据实时回传、设备维护、确保无人机航行稳定性与系统模块正常工作、电池电量恢复至100%。"
    }
]