[
    {
        "paragraph": "无人机快递配送任务\n\n执行时间\n：2023年10月25日 08:00 – 12:00\n执行地点\n：上海市浦东新区某小区（具体地址：上海市浦东新区XX路XX号）\n执行者\n：\nUAV-01\n：负责配送区域一（具体范围：XX路至XX路，XX小区至XX小区，共20栋楼）\nUAV-02\n：负责配送区域二（具体范围：XX路至XX路，XX小区至XX小区，共15栋楼）\nUAV-03\n：负责配送区域三（具体范围：XX路至XX路，XX小区至XX小区，共10栋楼）\n任务优先级\n：高（保障快递及时送达，提高用户满意度）\n重要性\n：高（快递配送是公司核心业务之一）\n操作步骤\n：",
        "key_message": "无人机名字或代号：UAV-01、UAV-02、UAV-03  \n时间：2023年10月25日 08:00 – 12:00  \n地点：上海市浦东新区某小区（具体地址：上海市浦东新区XX路XX号）  \n任务优先级重要性：高  \n任务描述信息：负责配送区域一（UAV-01，共20栋楼）、配送区域二（UAV-02，共15栋楼）、配送区域三（UAV-03，共10栋楼），保障快递及时送达，提高用户满意度。"
    },
    {
        "paragraph": "无人机起飞与定位\n（2023年10月25日 08:00 – 08:15）\nUAV-01至UAV-03\n起飞至指定高度，使用GPS定位系统确认当前位置，确保与地面指挥中心建立稳定的通信连接。",
        "key_message": "无人机名字或代号：UAV-01、UAV-02、UAV-03  \n时间：2023年10月25日 08:00 – 08:15  \n地点：未提及  \n任务优先级重要性：未提及  \n任务描述信息：起飞至指定高度，使用GPS定位系统确认当前位置，确保与地面指挥中心建立稳定的通信连接。"
    },
    {
        "paragraph": "快递物品装载\n（2023年10月25日 08:15 – 08:30）\nUAV-01至UAV-03\n将快递物品装载至无人机快递箱，确保固定牢固，避免在飞行过程中掉落。",
        "key_message": "无人机名字或代号：UAV-01、UAV-02、UAV-03  \n时间：2023年10月25日 08:15 – 08:30  \n地点：未提及  \n任务优先级重要性：未提及  \n任务描述信息：将快递物品装载至无人机快递箱，确保固定牢固，避免在飞行过程中掉落。"
    },
    {
        "paragraph": "航线规划与飞行\n（2023年10月25日 08:30 – 10:00）\nUAV-01\n从起点起飞，按照规划好的“网格化”航线进行配送，每栋楼覆盖两次，确保无遗漏。\nUAV-02\n从起点起飞，按照规划好的“网格化”航线进行配送，每栋楼覆盖两次，确保无遗漏。\nUAV-03\n从起点起飞，按照规划好的“网格化”航线进行配送，每栋楼覆盖两次，确保无遗漏。",
        "key_message": "无人机名字或代号：UAV-01、UAV-02、UAV-03  \n时间：2023年10月25日 08:30 – 10:00  \n地点：未提及  \n任务优先级重要性：未提及  \n任务描述信息：从起点起飞，按照规划好的“网格化”航线进行配送，每栋楼覆盖两次，确保无遗漏。"
    },
    {
        "paragraph": "实时监控与调整\n（2023年10月25日 10:00 – 11:00）\nUAV-01至UAV-03\n地面指挥中心实时监控无人机飞行情况，根据实时反馈调整无人机航线，确保快递物品及时送达。",
        "key_message": "无人机名字或代号：UAV-01、UAV-02、UAV-03  \n时间：2023年10月25日 10:00 – 11:00  \n地点：未提及  \n任务优先级重要性：未提及  \n任务描述信息：地面指挥中心实时监控无人机飞行情况，根据实时反馈调整无人机航线，确保快递物品及时送达。"
    },
    {
        "paragraph": "返航与充电\n（2023年10月25日 11:00 – 11:30）\nUAV-01至UAV-03\n完成配送任务后，按既定航线返航至充电桩，进行充电，确保后续任务能够正常进行。\n\n————————————————————————————————————————————————————————————————————————————————-",
        "key_message": "无人机名字或代号：UAV-01、UAV-02、UAV-03  \n时间：2023年10月25日 11:00 – 11:30  \n地点：未提及  \n任务优先级重要性：未提及  \n任务描述信息：完成配送任务后，按既定航线返航至充电桩，进行充电，确保后续任务能够正常进行。"
    },
    {
        "paragraph": "无人机紧急快递投递任务\n\n执行时间\n：2023年10月25日 12:00 – 14:00\n执行地点\n：上海市浦东新区某医院（具体地址：上海市浦东新区XX路XX号）\n执行者\n：\nUAV-04\n：负责紧急快递投递至医院内部\nUAV-05\n：负责紧急快递投递至医院急诊室\n任务优先级\n：极高（紧急情况，需立即投递）\n重要性\n：极高（紧急快递可能涉及生命救治）\n操作步骤\n：",
        "key_message": "无人机名字或代号：UAV-04、UAV-05  \n时间：2023年10月25日 12:00 – 14:00  \n地点：上海市浦东新区某医院（具体地址：上海市浦东新区XX路XX号）  \n任务优先级重要性：极高（紧急情况，需立即投递）、极高（紧急快递可能涉及生命救治）  \n任务描述信息：负责紧急快递投递至医院内部、负责紧急快递投递至医院急诊室"
    },
    {
        "paragraph": "无人机起飞与定位\n（2023年10月25日 12:00 – 12:15）\nUAV-04、UAV-05\n起飞至指定高度，使用GPS定位系统确认当前位置，确保与地面指挥中心建立稳定的通信连接。",
        "key_message": "无人机名字或代号：UAV-04、UAV-05  \n时间：2023年10月25日 12:00 – 12:15  \n地点：未提及  \n任务优先级重要性：未提及  \n任务描述信息：起飞至指定高度，使用GPS定位系统确认当前位置，确保与地面指挥中心建立稳定的通信连接。"
    },
    {
        "paragraph": "快递物品装载\n（2023年10月25日 12:15 – 12:30）\nUAV-04、UAV-05\n将紧急快递物品装载至无人机快递箱，确保固定牢固，避免在飞行过程中掉落。",
        "key_message": "无人机名字或代号：UAV-04、UAV-05  \n时间：2023年10月25日 12:15 – 12:30  \n地点：未提及  \n任务优先级重要性：紧急  \n任务描述信息：将紧急快递物品装载至无人机快递箱，确保固定牢固，避免在飞行过程中掉落。"
    },
    {
        "paragraph": "航线规划与飞行\n（2023年10月25日 12:30 – 13:30）\nUAV-04\n从起点起飞，按照规划好的“直线”航线进行投递，确保快递物品快速送达至医院。\nUAV-05\n从起点起飞，按照规划好的“直线”航线进行投递，确保快递物品快速送达至急诊室。",
        "key_message": "无人机名字或代号：UAV-04、UAV-05  \n时间：2023年10月25日 12:30 – 13:30  \n地点：未提及  \n任务优先级重要性：未提及  \n任务描述信息：从起点起飞，按照规划好的“直线”航线进行投递，确保快递物品快速送达至医院。、从起点起飞，按照规划好的“直线”航线进行投递，确保快递物品快速送达至急诊室。"
    },
    {
        "paragraph": "实时监控与调整\n（2023年10月25日 13:30 – 14:00）\n地面指挥中心实时监控无人机飞行情况，根据实时反馈调整无人机航线，确保快递物品及时送达。",
        "key_message": "无人机名字或代号：未提及  \n时间：2023年10月25日 13:30 – 14:00  \n地点：未提及  \n任务优先级重要性：未提及  \n任务描述信息：地面指挥中心实时监控无人机飞行情况，根据实时反馈调整无人机航线，确保快递物品及时送达。"
    },
    {
        "paragraph": "返航与充电\n（2023年10月25日 14:00 – 14:30）\nUAV-04、UAV-05\n完成投递任务后，按既定航线返航至充电桩，进行充电，确保后续任务能够正常进行。",
        "key_message": "无人机名字或代号：UAV-04、UAV-05  \n时间：2023年10月25日 14:00 – 14:30  \n地点：未提及  \n任务优先级重要性：未提及  \n任务描述信息：完成投递任务后，按既定航线返航至充电桩，进行充电，确保后续任务能够正常进行。"
    }
]