[
    {
        "paragraph": "无人机快递配送任务：紧急医疗物资投送\n执行时间\n：2025年8月15日 10:00 – 12:00\n执行地点\n：北京市朝阳区某居民区（具体坐标：39.9150°N, 116.3974°E）\n执行者\n：\nUAV-01至UAV-05\n：负责紧急医疗物资的投送任务\n任务优先级\n：紧急（医疗物资为心脏病患者所需，需在30分钟内送达）\n任务重要性\n：高（患者生命安全受到威胁）\n操作步骤\n：\n设备自检与环境适配\n（2025年8月15日 09:50 – 10:00）\nUAV-01至UAV-05\n依次完成以下设备自检：\n- 电池电量检查：每架无人机电量≥95%，保障飞行30分钟。\n- 飞行稳定性测试：确保无人机的飞行高度误差≤0.5m。\n- 导航与避障系统检查：确认无人机能够实时调整路径，规避障碍物。\n- 货物装载检查：确保医疗物资安全固定在无人机货舱内。\n\n任务执行\n（2025年8月15日 10:00 – 12:00）\n- 序号1：UAV-01（10:00）\n  - 描述：UAV-01起飞，前往医疗物资存放点（北京市朝阳区某医院，具体坐标：39.9175°N, 116.3970°E）。\n- 序号2：UAV-02（10:00",
        "key_message": "无人机名字或代号：UAV-01至UAV-05  \n时间：2025年8月15日 10:00 – 12:00、2025年8月15日 09:50 – 10:00、2025年8月15日 10:00  \n地点：北京市朝阳区某居民区（具体坐标：39.9150°N, 116.3974°E）、北京市朝阳区某医院（具体坐标：39.9175°N, 116.3970°E）  \n任务优先级重要性：紧急、高  \n任务描述信息：负责紧急医疗物资的投送任务、设备自检与环境适配、UAV-01起飞，前往医疗物资存放点。"
    },
    {
        "paragraph": " 116.3970°E）。\n- 序号2：UAV-02（10:00）\n  - 描述：UAV-02起飞，前往医疗物资存放点（北京市朝阳区某医院，具体坐标：39.9175°N, 116.3970°E）。\n- 序号3：UAV-03（10:00）\n  - 描述：UAV-03起飞，前往医疗物资存放点（北京市朝阳区某医院，具体坐标：39.9175°N, 116.3970°E）。\n- 序号4：UAV-04（10:00）\n  - 描述：UAV-04起飞，前往医疗物资存放点（北京市朝阳区某医院，具体坐标：39.9175°N, 116.3970°E）。\n- 序号5：UAV-05（10:00）\n  - 描述：UAV-05起飞，前往医疗物资存放点（北京市朝阳区某医院，具体坐标：39.9175°N, 116.3970°E）。\n\n- 序号6：UAV-01至UAV-05（10:10）\n  - 描述：UAV-01至UAV-05抵达医疗物资存放点，装载医疗物资。\n\n- 序号7：UAV-01至UAV-05（10:20）\n  - 描述：UAV-01至UAV-05起飞，前往接收点（北京市朝阳区某居民区，具体坐标：39.9150°N, 116.3974",
        "key_message": "无人机名字或代号：UAV-02、UAV-03、UAV-04、UAV-05、UAV-01至UAV-05  \n时间：10:00、10:10、10:20  \n地点：北京市朝阳区某医院（具体坐标：39.9175°N, 116.3970°E）、北京市朝阳区某居民区（具体坐标：39.9150°N, 116.3974°E）  \n任务优先级重要性：未提及  \n任务描述信息：UAV-02起飞，前往医疗物资存放点；UAV-03起飞，前往医疗物资存放点；UAV-04起飞，前往医疗物资存放点；UAV-05起飞，前往医疗物资存放点；UAV-01至UAV-05抵达医疗物资存放点，装载医疗物资；UAV-01至UAV-05起飞，前往接收点。"
    },
    {
        "paragraph": "朝阳区某居民区，具体坐标：39.9150°N, 116.3974°E）。\n\n- 序号8：UAV-01至UAV-05（10:30）\n  - 描述：UAV-01至UAV-05抵达接收点，投送医疗物资。\n\n- 序号9：UAV-01至UAV-05（10:35）\n  - 描述：UAV-01至UAV-05返回起飞点，准备降落。\n\n任务监控与数据记录\n（2025年8月15日 10:00 – 12:00）\n- 实时数据监测：监控各无人机电量、位置、飞行状态，确保任务顺利完成。\n- 每5分钟记录一次无人机飞行数据，包括电量、位置、飞行高度等。\n\n任务完成与设备维护\n（2025年8月15日 12:00 – 12:30）\n- 设备检查：检查无人机飞行系统、导航系统、电池状态，确保设备完好。\n- 数据记录与日志上传：将任务数据记录上传至监控系统，分析飞行过程。\n\n————————————————————————————————————————————————————————————————————————————————-",
        "key_message": "无人机名字或代号：UAV-01、UAV-02、UAV-03、UAV-04、UAV-05  \n时间：2025年8月15日 10:30、2025年8月15日 10:35、2025年8月15日 10:00 – 12:00、2025年8月15日 12:00 – 12:30  \n地点：朝阳区某居民区（坐标：39.9150°N, 116.3974°E）  \n任务优先级重要性：未提及  \n任务描述信息：UAV-01至UAV-05抵达接收点，投送医疗物资；UAV-01至UAV-05返回起飞点，准备降落；实时数据监测：监控各无人机电量、位置、飞行状态，确保任务顺利完成；每5分钟记录一次无人机飞行数据，包括电量、位置、飞行高度等；设备检查：检查无人机飞行系统、导航系统、电池状态，确保设备完好；数据记录与日志上传：将任务数据记录上传至监控系统，分析飞行过程。"
    },
    {
        "paragraph": "无人机快递配送任务：偏远地区食品投送\n执行时间\n：2025年8月16日 14:00 – 16:00\n执行地点\n：西藏自治区某偏远山区（具体坐标：29.6542°N, 91.1113°E）\n执行者\n：\nUAV-06至UAV-10\n：负责食品的投送任务\n任务优先级\n：高（偏远地区居民生活物资需求）\n任务重要性\n：中（保障居民基本生活）\n操作步骤\n：\n设备自检与环境适配\n（2025年8月16日 13:50 – 14:00）\nUAV-06至UAV-10\n依次完成以下设备自检：\n- 电池电量检查：每架无人机电量≥90%，保障飞行2小时。\n- 飞行稳定性测试：确保无人机的飞行高度误差≤1.0m。\n- 导航与避障系统检查：确认无人机能够实时调整路径，规避障碍物。\n- 货物装载检查：确保食品安全固定在无人机货舱内。\n\n任务执行\n（2025年8月16日 14:00 – 16:00）\n- 序号1：UAV-06（14:00）\n  - 描述：UAV-06起飞，前往食品存放点（西藏自治区某食品仓库，具体坐标：29.6542°N, 91.1113°E）。\n- 序号2：UAV-07（14:00）\n  - 描述：UAV-07起飞，前往食品存",
        "key_message": "无人机名字或代号：UAV-06、UAV-07、UAV-08、UAV-09、UAV-10  \n时间：2025年8月16日 13:50 – 14:00、2025年8月16日 14:00 – 16:00、2025年8月16日 14:00  \n地点：西藏自治区某偏远山区（具体坐标：29.6542°N, 91.1113°E）、西藏自治区某食品仓库（具体坐标：29.6542°N, 91.1113°E）  \n任务优先级重要性：高（偏远地区居民生活物资需求）、中（保障居民基本生活）  \n任务描述信息：  \n- 设备自检与环境适配：电池电量检查、飞行稳定性测试、导航与避障系统检查、货物装载检查。  \n- UAV-06起飞，前往食品存放点（西藏自治区某食品仓库）。  \n- UAV-07起飞，前往食品存放点（未完整提及，推测类似UAV-06任务）。"
    },
    {
        "paragraph": "-07（14:00）\n  - 描述：UAV-07起飞，前往食品存放点（西藏自治区某食品仓库，具体坐标：29.6542°N, 91.1113°E）。\n- 序号3：UAV-08（14:00）\n  - 描述：UAV-08起飞，前往食品存放点（西藏自治区某食品仓库，具体坐标：29.6542°N, 91.1113°E）。\n- 序号4：UAV-09（14:00）\n  - 描述：UAV-09起飞，前往食品存放点（西藏自治区某食品仓库，具体坐标：29.6542°N, 91.1113°E）。\n- 序号5：UAV-10（14:00）\n  - 描述：UAV-10起飞，前往食品存放点（西藏自治区某食品仓库，具体坐标：29.6542°N, 91.1113°E）。\n\n- 序号6：UAV-06至UAV-10（14:10）\n  - 描述：UAV-06至UAV-10抵达食品存放点，装载食品。\n\n- 序号7：UAV-06至UAV-10（14:20）\n  - 描述：UAV-06至UAV-10起飞，前往接收点（西藏自治区某偏远山区，具体坐标：29.6542°N, 91.1113°E）。\n\n- 序号8：UAV-06至UAV-10（14:40）\n  -",
        "key_message": "无人机名字或代号：UAV-07、UAV-08、UAV-09、UAV-10、UAV-06  \n时间：14:00、14:10、14:20、14:40  \n地点：西藏自治区某食品仓库（具体坐标：29.6542°N, 91.1113°E）、西藏自治区某偏远山区（具体坐标：29.6542°N, 91.1113°E）  \n任务优先级重要性：未提及  \n任务描述信息：  \n- UAV-07起飞，前往食品存放点。  \n- UAV-08起飞，前往食品存放点。  \n- UAV-09起飞，前往食品存放点。  \n- UAV-10起飞，前往食品存放点。  \n- UAV-06至UAV-10抵达食品存放点，装载食品。  \n- UAV-06至UAV-10起飞，前往接收点。"
    },
    {
        "paragraph": "\n\n- 序号8：UAV-06至UAV-10（14:40）\n  - 描述：UAV-06至UAV-10抵达接收点，投送食品。\n\n- 序号9：UAV-06至UAV-10（14:45）\n  - 描述：UAV-06至UAV-10返回起飞点，准备降落。\n\n任务监控与数据记录\n（2025年8月16日 14:00 – 16:00）\n- 实时数据监测：监控各无人机电量、位置、飞行状态，确保任务顺利完成。\n- 每10分钟记录一次无人机飞行数据，包括电量、位置、飞行高度等。\n\n任务完成与设备维护\n（2025年8月16日 16:00 – 16:30）\n- 设备检查：检查无人机飞行系统、导航系统、电池状态，确保设备完好。\n- 数据记录与日志上传：将任务数据记录上传至监控系统，分析飞行过程。",
        "key_message": "无人机名字或代号：UAV-06、UAV-07、UAV-08、UAV-09、UAV-10  \n时间：2025年8月16日 14:00 – 16:00、2025年8月16日 16:00 – 16:30、14:40、14:45  \n地点：接收点、起飞点  \n任务优先级重要性：未提及  \n任务描述信息：UAV-06至UAV-10抵达接收点投送食品、UAV-06至UAV-10返回起飞点准备降落、监控各无人机电量位置飞行状态确保任务顺利完成、每10分钟记录一次无人机飞行数据包括电量位置飞行高度等、检查无人机飞行系统导航系统电池状态确保设备完好、将任务数据记录上传至监控系统分析飞行过程。"
    }
]