[
    {
        "paragraph": "UAV-01:\n实体关系：快递配送\n时间：2025年11月10日 08:00\n地点：北京市朝阳区核心商业区\n任务优先级重要性：高\n具体任务：08:00-08:05，检查GPS定位系统准确性。"
    },
    {
        "paragraph": "UAV-02:\n实体关系：快递配送\n时间：2025年11月10日 08:05\n地点：北京市朝阳区核心商业区\n任务优先级重要性：高\n具体任务：08:05-08:10，测试通信模块与地面指挥中心连接。"
    },
    {
        "paragraph": "UAV-03:\n实体关系：快递配送\n时间：2025年11月10日 08:10\n地点：北京市朝阳区核心商业区\n任务优先级重要性：高\n具体任务：08:10-08:15，校准飞行控制系统。"
    },
    {
        "paragraph": "UAV-04:\n实体关系：快递配送\n时间：2025年11月10日 08:15\n地点：北京市朝阳区核心商业区\n任务优先级重要性：高\n具体任务：08:15-08:20，确认快递箱装载与锁定系统正常。"
    },
    {
        "paragraph": "UAV-05:\n实体关系：快递配送\n时间：2025年11月10日 08:20\n地点：北京市朝阳区核心商业区\n任务优先级重要性：高\n具体任务：08:20-08:25，检查电池电量并补充至80%。"
    },
    {
        "paragraph": "UAV-06至UAV-10:\n实体关系：快递配送\n时间：2025年11月10日 08:25-08:50\n地点：北京市朝阳区核心商业区\n任务优先级重要性：高\n具体任务：依次重复UAV-01至UAV-05步骤。"
    },
    {
        "paragraph": "UAV-01至UAV-10:\n实体关系：起飞与航线规划\n时间：2025年11月10日 08:50\n地点：北京市朝阳区核心商业区\n任务优先级重要性：高\n具体任务：起飞并确认航线规划。"
    },
    {
        "paragraph": "UAV-01至UAV-10:\n实体关系：快递配送执行\n时间：2025年11月10日 09:40\n地点：北京市朝阳区核心商业区\n任务优先级重要性：高\n具体任务：依次执行快递配送任务。"
    },
    {
        "paragraph": "UAV-01至UAV-10:\n实体关系：任务监控与数据回传\n时间：2025年11月10日 11:40\n地点：北京市朝阳区核心商业区\n任务优先级重要性：高\n具体任务：上传配送进度和状态。"
    },
    {
        "paragraph": "UAV-01至UAV-10:\n实体关系：返航与数据备份\n时间：2025年11月10日 12:30\n地点：北京市朝阳区核心商业区\n任务优先级重要性：高\n具体任务：返航并完成数据备份。"
    },
    {
        "paragraph": "**任务目标与考核标准**\n目标达成标准：\n- 所有快递在预定时间内送达，无延误。\n- 无人机集群运行过程中无故障，返航安全。\n- 数据传输稳定，无数据丢失。"
    },
    {
        "paragraph": "**总结报告**\n- 无人机配送任务执行情况概述。\n- 配送效率分析，包括平均配送时间、配送成功率等。\n- 对配送流程优化建议。"
    }
]