[
    {
        "content2_para": "- **时间点**：2025年3月15日 08:00\n- **地点**：上海市浦东新区某快递中心\n- **任务**：完成快递装载，确认重量，启动自检。",
        "matches": [
            {
                "content1_para": "无人机快递配送任务\n执行时间：2025年3月15日 08:00 – 12:00\n执行地点：上海市浦东新区某快递中心（坐标：31.2304°N, 121.4737°E）至上海市徐汇区某居民区（坐标：31.2000°N, 121.4908°E）\n执行者：\n快递-UAV01\n：负责装载快递并执行配送任务\n快递-UAV02\n：负责监控配送路线，确保安全\n快递-UAV03\n：备用无人机，随时待命\n任务优先级：高（确保快递准时送达，提高客户满意度）\n任务重要性：重要（快递内容为紧急医疗用品，需尽快送达）\n操作步骤：\n————————————————————————————————————————————————————————————————————————————————-\n1.1 快递装载与起飞\n快递-UAV01\n于2025年3月15日 08:00在快递中心完成快递装载，确认快递重量不超过无人机最大载重，并启动自检。\n快递-UAV02\n于2025年3月15日 08:05在快递中心同步进行起飞前的检查，确保通信设备正常。\n快递-UAV01\n于2025年3月15日 08:10在快递中心起飞，保持飞行高度50米，前往目的地",
                "content1_msg": "无人机名字或代号：快递-UAV01、快递-UAV02、快递-UAV03  \n时间：2025年3月15日 08:00 – 12:00、2025年3月15日 08:00、2025年3月15日 08:05、2025年3月15日 08:10  \n地点：上海市浦东新区某快递中心（坐标：31.2304°N, 121.4737°E）、上海市徐汇区某居民区（坐标：31.2000°N, 121.4908°E）  \n任务优先级重要性：高、重要  \n任务描述信息：负责装载快递并执行配送任务、负责监控配送路线，确保安全、备用无人机，随时待命、完成快递装载并启动自检、进行起飞前的检查，确保通信设备正常、在快递中心起飞，保持飞行高度50米，前往目的地",
                "similarity": 0.7475429479696049
            },
            {
                "content1_para": "15日 08:10在快递中心起飞，保持飞行高度50米，前往目的地。\n快递-UAV02\n于2025年3月15日 08:15起飞，跟随快递-UAV01，保持安全距离，监控配送路线。\n\n1.2 航路规划与导航\n快递-UAV01\n于2025年3月15日 08:20开启自动导航模式，按照预设航线前往目的地。\n快递-UAV02\n于2025年3月15日 08:25实时监控快递-UAV01的飞行高度和速度，确保在安全范围内。\n快递-UAV01\n于2025年3月15日 08:30到达指定区域上空，准备进行快递投放。\n\n1.3 快递投放\n快递-UAV01\n于2025年3月15日 08:35将快递投放到指定地点，确认快递安全着陆。\n快递-UAV02\n于2025年3月15日 08:40检查快递投放情况，确认无误后返回快递中心。\n\n1.4 返回与降落\n快递-UAV01\n于2025年3月15日 08:45返回快递中心，保持飞行高度50米，沿原航线返回。\n快递-UAV02\n于2025年3月15日 08:50跟随快递-UAV01，确保通信链路稳定。\n快递-UAV01\n于2025年3月15日 09:00安全降落至快递中心。\n\n————————",
                "content1_msg": "无人机名字或代号：快递-UAV01、快递-UAV02  \n时间：2025年3月15日 08:10、2025年3月15日 08:15、2025年3月15日 08:20、2025年3月15日 08:25、2025年3月15日 08:30、2025年3月15日 08:35、2025年3月15日 08:40、2025年3月15日 08:45、2025年3月15日 08:50、2025年3月15日 09:00  \n地点：快递中心、指定区域上空、目的地  \n任务优先级重要性：未提及  \n任务描述信息：起飞，保持飞行高度50米，前往目的地；跟随快递-UAV01，保持安全距离，监控配送路线；开启自动导航模式，按照预设航线前往目的地；实时监控快递-UAV01的飞行高度和速度，确保在安全范围内；到达指定区域上空，准备进行快递投放；将快递投放到指定地点，确认快递安全着陆；检查快递投放情况，确认无误后返回快递中心；返回快递中心，保持飞行高度50米，沿原航线返回；跟随快递-UAV01，确保通信链路稳定；安全降落至快递中心。",
                "similarity": 0.6836668555782931
            }
        ]
    },
    {
        "content2_para": "- **时间点**：2025年3月15日 08:05\n- **地点**：上海市浦东新区某快递中心\n- **任务**：同步起飞前检查，确保通信设备正常。",
        "matches": [
            {
                "content1_para": "无人机快递配送任务\n执行时间：2025年3月15日 08:00 – 12:00\n执行地点：上海市浦东新区某快递中心（坐标：31.2304°N, 121.4737°E）至上海市徐汇区某居民区（坐标：31.2000°N, 121.4908°E）\n执行者：\n快递-UAV01\n：负责装载快递并执行配送任务\n快递-UAV02\n：负责监控配送路线，确保安全\n快递-UAV03\n：备用无人机，随时待命\n任务优先级：高（确保快递准时送达，提高客户满意度）\n任务重要性：重要（快递内容为紧急医疗用品，需尽快送达）\n操作步骤：\n————————————————————————————————————————————————————————————————————————————————-\n1.1 快递装载与起飞\n快递-UAV01\n于2025年3月15日 08:00在快递中心完成快递装载，确认快递重量不超过无人机最大载重，并启动自检。\n快递-UAV02\n于2025年3月15日 08:05在快递中心同步进行起飞前的检查，确保通信设备正常。\n快递-UAV01\n于2025年3月15日 08:10在快递中心起飞，保持飞行高度50米，前往目的地",
                "content1_msg": "无人机名字或代号：快递-UAV01、快递-UAV02、快递-UAV03  \n时间：2025年3月15日 08:00 – 12:00、2025年3月15日 08:00、2025年3月15日 08:05、2025年3月15日 08:10  \n地点：上海市浦东新区某快递中心（坐标：31.2304°N, 121.4737°E）、上海市徐汇区某居民区（坐标：31.2000°N, 121.4908°E）  \n任务优先级重要性：高、重要  \n任务描述信息：负责装载快递并执行配送任务、负责监控配送路线，确保安全、备用无人机，随时待命、完成快递装载并启动自检、进行起飞前的检查，确保通信设备正常、在快递中心起飞，保持飞行高度50米，前往目的地",
                "similarity": 0.7259201697729512
            },
            {
                "content1_para": "15日 08:10在快递中心起飞，保持飞行高度50米，前往目的地。\n快递-UAV02\n于2025年3月15日 08:15起飞，跟随快递-UAV01，保持安全距离，监控配送路线。\n\n1.2 航路规划与导航\n快递-UAV01\n于2025年3月15日 08:20开启自动导航模式，按照预设航线前往目的地。\n快递-UAV02\n于2025年3月15日 08:25实时监控快递-UAV01的飞行高度和速度，确保在安全范围内。\n快递-UAV01\n于2025年3月15日 08:30到达指定区域上空，准备进行快递投放。\n\n1.3 快递投放\n快递-UAV01\n于2025年3月15日 08:35将快递投放到指定地点，确认快递安全着陆。\n快递-UAV02\n于2025年3月15日 08:40检查快递投放情况，确认无误后返回快递中心。\n\n1.4 返回与降落\n快递-UAV01\n于2025年3月15日 08:45返回快递中心，保持飞行高度50米，沿原航线返回。\n快递-UAV02\n于2025年3月15日 08:50跟随快递-UAV01，确保通信链路稳定。\n快递-UAV01\n于2025年3月15日 09:00安全降落至快递中心。\n\n————————",
                "content1_msg": "无人机名字或代号：快递-UAV01、快递-UAV02  \n时间：2025年3月15日 08:10、2025年3月15日 08:15、2025年3月15日 08:20、2025年3月15日 08:25、2025年3月15日 08:30、2025年3月15日 08:35、2025年3月15日 08:40、2025年3月15日 08:45、2025年3月15日 08:50、2025年3月15日 09:00  \n地点：快递中心、指定区域上空、目的地  \n任务优先级重要性：未提及  \n任务描述信息：起飞，保持飞行高度50米，前往目的地；跟随快递-UAV01，保持安全距离，监控配送路线；开启自动导航模式，按照预设航线前往目的地；实时监控快递-UAV01的飞行高度和速度，确保在安全范围内；到达指定区域上空，准备进行快递投放；将快递投放到指定地点，确认快递安全着陆；检查快递投放情况，确认无误后返回快递中心；返回快递中心，保持飞行高度50米，沿原航线返回；跟随快递-UAV01，确保通信链路稳定；安全降落至快递中心。",
                "similarity": 0.6803125271822935
            }
        ]
    },
    {
        "content2_para": "- **时间点**：2025年3月15日 08:10\n- **地点**：上海市浦东新区某快递中心\n- **任务**：起飞，保持飞行高度50米，前往目的地。",
        "matches": [
            {
                "content1_para": "无人机快递配送任务\n执行时间：2025年3月15日 08:00 – 12:00\n执行地点：上海市浦东新区某快递中心（坐标：31.2304°N, 121.4737°E）至上海市徐汇区某居民区（坐标：31.2000°N, 121.4908°E）\n执行者：\n快递-UAV01\n：负责装载快递并执行配送任务\n快递-UAV02\n：负责监控配送路线，确保安全\n快递-UAV03\n：备用无人机，随时待命\n任务优先级：高（确保快递准时送达，提高客户满意度）\n任务重要性：重要（快递内容为紧急医疗用品，需尽快送达）\n操作步骤：\n————————————————————————————————————————————————————————————————————————————————-\n1.1 快递装载与起飞\n快递-UAV01\n于2025年3月15日 08:00在快递中心完成快递装载，确认快递重量不超过无人机最大载重，并启动自检。\n快递-UAV02\n于2025年3月15日 08:05在快递中心同步进行起飞前的检查，确保通信设备正常。\n快递-UAV01\n于2025年3月15日 08:10在快递中心起飞，保持飞行高度50米，前往目的地",
                "content1_msg": "无人机名字或代号：快递-UAV01、快递-UAV02、快递-UAV03  \n时间：2025年3月15日 08:00 – 12:00、2025年3月15日 08:00、2025年3月15日 08:05、2025年3月15日 08:10  \n地点：上海市浦东新区某快递中心（坐标：31.2304°N, 121.4737°E）、上海市徐汇区某居民区（坐标：31.2000°N, 121.4908°E）  \n任务优先级重要性：高、重要  \n任务描述信息：负责装载快递并执行配送任务、负责监控配送路线，确保安全、备用无人机，随时待命、完成快递装载并启动自检、进行起飞前的检查，确保通信设备正常、在快递中心起飞，保持飞行高度50米，前往目的地",
                "similarity": 0.703352821615531
            },
            {
                "content1_para": "15日 08:10在快递中心起飞，保持飞行高度50米，前往目的地。\n快递-UAV02\n于2025年3月15日 08:15起飞，跟随快递-UAV01，保持安全距离，监控配送路线。\n\n1.2 航路规划与导航\n快递-UAV01\n于2025年3月15日 08:20开启自动导航模式，按照预设航线前往目的地。\n快递-UAV02\n于2025年3月15日 08:25实时监控快递-UAV01的飞行高度和速度，确保在安全范围内。\n快递-UAV01\n于2025年3月15日 08:30到达指定区域上空，准备进行快递投放。\n\n1.3 快递投放\n快递-UAV01\n于2025年3月15日 08:35将快递投放到指定地点，确认快递安全着陆。\n快递-UAV02\n于2025年3月15日 08:40检查快递投放情况，确认无误后返回快递中心。\n\n1.4 返回与降落\n快递-UAV01\n于2025年3月15日 08:45返回快递中心，保持飞行高度50米，沿原航线返回。\n快递-UAV02\n于2025年3月15日 08:50跟随快递-UAV01，确保通信链路稳定。\n快递-UAV01\n于2025年3月15日 09:00安全降落至快递中心。\n\n————————",
                "content1_msg": "无人机名字或代号：快递-UAV01、快递-UAV02  \n时间：2025年3月15日 08:10、2025年3月15日 08:15、2025年3月15日 08:20、2025年3月15日 08:25、2025年3月15日 08:30、2025年3月15日 08:35、2025年3月15日 08:40、2025年3月15日 08:45、2025年3月15日 08:50、2025年3月15日 09:00  \n地点：快递中心、指定区域上空、目的地  \n任务优先级重要性：未提及  \n任务描述信息：起飞，保持飞行高度50米，前往目的地；跟随快递-UAV01，保持安全距离，监控配送路线；开启自动导航模式，按照预设航线前往目的地；实时监控快递-UAV01的飞行高度和速度，确保在安全范围内；到达指定区域上空，准备进行快递投放；将快递投放到指定地点，确认快递安全着陆；检查快递投放情况，确认无误后返回快递中心；返回快递中心，保持飞行高度50米，沿原航线返回；跟随快递-UAV01，确保通信链路稳定；安全降落至快递中心。",
                "similarity": 0.6980071918203197
            }
        ]
    },
    {
        "content2_para": "- **时间点**：2025年3月15日 08:15\n- **地点**：空中\n- **任务**：跟随快递-UAV01，保持安全距离，监控配送路线。",
        "matches": [
            {
                "content1_para": "15日 08:10在快递中心起飞，保持飞行高度50米，前往目的地。\n快递-UAV02\n于2025年3月15日 08:15起飞，跟随快递-UAV01，保持安全距离，监控配送路线。\n\n1.2 航路规划与导航\n快递-UAV01\n于2025年3月15日 08:20开启自动导航模式，按照预设航线前往目的地。\n快递-UAV02\n于2025年3月15日 08:25实时监控快递-UAV01的飞行高度和速度，确保在安全范围内。\n快递-UAV01\n于2025年3月15日 08:30到达指定区域上空，准备进行快递投放。\n\n1.3 快递投放\n快递-UAV01\n于2025年3月15日 08:35将快递投放到指定地点，确认快递安全着陆。\n快递-UAV02\n于2025年3月15日 08:40检查快递投放情况，确认无误后返回快递中心。\n\n1.4 返回与降落\n快递-UAV01\n于2025年3月15日 08:45返回快递中心，保持飞行高度50米，沿原航线返回。\n快递-UAV02\n于2025年3月15日 08:50跟随快递-UAV01，确保通信链路稳定。\n快递-UAV01\n于2025年3月15日 09:00安全降落至快递中心。\n\n————————",
                "content1_msg": "无人机名字或代号：快递-UAV01、快递-UAV02  \n时间：2025年3月15日 08:10、2025年3月15日 08:15、2025年3月15日 08:20、2025年3月15日 08:25、2025年3月15日 08:30、2025年3月15日 08:35、2025年3月15日 08:40、2025年3月15日 08:45、2025年3月15日 08:50、2025年3月15日 09:00  \n地点：快递中心、指定区域上空、目的地  \n任务优先级重要性：未提及  \n任务描述信息：起飞，保持飞行高度50米，前往目的地；跟随快递-UAV01，保持安全距离，监控配送路线；开启自动导航模式，按照预设航线前往目的地；实时监控快递-UAV01的飞行高度和速度，确保在安全范围内；到达指定区域上空，准备进行快递投放；将快递投放到指定地点，确认快递安全着陆；检查快递投放情况，确认无误后返回快递中心；返回快递中心，保持飞行高度50米，沿原航线返回；跟随快递-UAV01，确保通信链路稳定；安全降落至快递中心。",
                "similarity": 0.7359219067107488
            },
            {
                "content1_para": "无人机快递配送任务\n执行时间：2025年3月15日 08:00 – 12:00\n执行地点：上海市浦东新区某快递中心（坐标：31.2304°N, 121.4737°E）至上海市徐汇区某居民区（坐标：31.2000°N, 121.4908°E）\n执行者：\n快递-UAV01\n：负责装载快递并执行配送任务\n快递-UAV02\n：负责监控配送路线，确保安全\n快递-UAV03\n：备用无人机，随时待命\n任务优先级：高（确保快递准时送达，提高客户满意度）\n任务重要性：重要（快递内容为紧急医疗用品，需尽快送达）\n操作步骤：\n————————————————————————————————————————————————————————————————————————————————-\n1.1 快递装载与起飞\n快递-UAV01\n于2025年3月15日 08:00在快递中心完成快递装载，确认快递重量不超过无人机最大载重，并启动自检。\n快递-UAV02\n于2025年3月15日 08:05在快递中心同步进行起飞前的检查，确保通信设备正常。\n快递-UAV01\n于2025年3月15日 08:10在快递中心起飞，保持飞行高度50米，前往目的地",
                "content1_msg": "无人机名字或代号：快递-UAV01、快递-UAV02、快递-UAV03  \n时间：2025年3月15日 08:00 – 12:00、2025年3月15日 08:00、2025年3月15日 08:05、2025年3月15日 08:10  \n地点：上海市浦东新区某快递中心（坐标：31.2304°N, 121.4737°E）、上海市徐汇区某居民区（坐标：31.2000°N, 121.4908°E）  \n任务优先级重要性：高、重要  \n任务描述信息：负责装载快递并执行配送任务、负责监控配送路线，确保安全、备用无人机，随时待命、完成快递装载并启动自检、进行起飞前的检查，确保通信设备正常、在快递中心起飞，保持飞行高度50米，前往目的地",
                "similarity": 0.6897645719728032
            }
        ]
    },
    {
        "content2_para": "- **时间点**：2025年3月15日 08:20\n- **地点**：空中\n- **任务**：开启自动导航模式，按照预设航线前往目的地。",
        "matches": [
            {
                "content1_para": "15日 08:10在快递中心起飞，保持飞行高度50米，前往目的地。\n快递-UAV02\n于2025年3月15日 08:15起飞，跟随快递-UAV01，保持安全距离，监控配送路线。\n\n1.2 航路规划与导航\n快递-UAV01\n于2025年3月15日 08:20开启自动导航模式，按照预设航线前往目的地。\n快递-UAV02\n于2025年3月15日 08:25实时监控快递-UAV01的飞行高度和速度，确保在安全范围内。\n快递-UAV01\n于2025年3月15日 08:30到达指定区域上空，准备进行快递投放。\n\n1.3 快递投放\n快递-UAV01\n于2025年3月15日 08:35将快递投放到指定地点，确认快递安全着陆。\n快递-UAV02\n于2025年3月15日 08:40检查快递投放情况，确认无误后返回快递中心。\n\n1.4 返回与降落\n快递-UAV01\n于2025年3月15日 08:45返回快递中心，保持飞行高度50米，沿原航线返回。\n快递-UAV02\n于2025年3月15日 08:50跟随快递-UAV01，确保通信链路稳定。\n快递-UAV01\n于2025年3月15日 09:00安全降落至快递中心。\n\n————————",
                "content1_msg": "无人机名字或代号：快递-UAV01、快递-UAV02  \n时间：2025年3月15日 08:10、2025年3月15日 08:15、2025年3月15日 08:20、2025年3月15日 08:25、2025年3月15日 08:30、2025年3月15日 08:35、2025年3月15日 08:40、2025年3月15日 08:45、2025年3月15日 08:50、2025年3月15日 09:00  \n地点：快递中心、指定区域上空、目的地  \n任务优先级重要性：未提及  \n任务描述信息：起飞，保持飞行高度50米，前往目的地；跟随快递-UAV01，保持安全距离，监控配送路线；开启自动导航模式，按照预设航线前往目的地；实时监控快递-UAV01的飞行高度和速度，确保在安全范围内；到达指定区域上空，准备进行快递投放；将快递投放到指定地点，确认快递安全着陆；检查快递投放情况，确认无误后返回快递中心；返回快递中心，保持飞行高度50米，沿原航线返回；跟随快递-UAV01，确保通信链路稳定；安全降落至快递中心。",
                "similarity": 0.7040267635506728
            },
            {
                "content1_para": "无人机快递配送任务\n执行时间：2025年3月15日 08:00 – 12:00\n执行地点：上海市浦东新区某快递中心（坐标：31.2304°N, 121.4737°E）至上海市徐汇区某居民区（坐标：31.2000°N, 121.4908°E）\n执行者：\n快递-UAV01\n：负责装载快递并执行配送任务\n快递-UAV02\n：负责监控配送路线，确保安全\n快递-UAV03\n：备用无人机，随时待命\n任务优先级：高（确保快递准时送达，提高客户满意度）\n任务重要性：重要（快递内容为紧急医疗用品，需尽快送达）\n操作步骤：\n————————————————————————————————————————————————————————————————————————————————-\n1.1 快递装载与起飞\n快递-UAV01\n于2025年3月15日 08:00在快递中心完成快递装载，确认快递重量不超过无人机最大载重，并启动自检。\n快递-UAV02\n于2025年3月15日 08:05在快递中心同步进行起飞前的检查，确保通信设备正常。\n快递-UAV01\n于2025年3月15日 08:10在快递中心起飞，保持飞行高度50米，前往目的地",
                "content1_msg": "无人机名字或代号：快递-UAV01、快递-UAV02、快递-UAV03  \n时间：2025年3月15日 08:00 – 12:00、2025年3月15日 08:00、2025年3月15日 08:05、2025年3月15日 08:10  \n地点：上海市浦东新区某快递中心（坐标：31.2304°N, 121.4737°E）、上海市徐汇区某居民区（坐标：31.2000°N, 121.4908°E）  \n任务优先级重要性：高、重要  \n任务描述信息：负责装载快递并执行配送任务、负责监控配送路线，确保安全、备用无人机，随时待命、完成快递装载并启动自检、进行起飞前的检查，确保通信设备正常、在快递中心起飞，保持飞行高度50米，前往目的地",
                "similarity": 0.6597899278178165
            }
        ]
    },
    {
        "content2_para": "- **时间点**：2025年3月15日 08:25\n- **地点**：空中\n- **任务**：实时监控快递-UAV01的飞行高度和速度，确保安全。",
        "matches": [
            {
                "content1_para": "15日 08:10在快递中心起飞，保持飞行高度50米，前往目的地。\n快递-UAV02\n于2025年3月15日 08:15起飞，跟随快递-UAV01，保持安全距离，监控配送路线。\n\n1.2 航路规划与导航\n快递-UAV01\n于2025年3月15日 08:20开启自动导航模式，按照预设航线前往目的地。\n快递-UAV02\n于2025年3月15日 08:25实时监控快递-UAV01的飞行高度和速度，确保在安全范围内。\n快递-UAV01\n于2025年3月15日 08:30到达指定区域上空，准备进行快递投放。\n\n1.3 快递投放\n快递-UAV01\n于2025年3月15日 08:35将快递投放到指定地点，确认快递安全着陆。\n快递-UAV02\n于2025年3月15日 08:40检查快递投放情况，确认无误后返回快递中心。\n\n1.4 返回与降落\n快递-UAV01\n于2025年3月15日 08:45返回快递中心，保持飞行高度50米，沿原航线返回。\n快递-UAV02\n于2025年3月15日 08:50跟随快递-UAV01，确保通信链路稳定。\n快递-UAV01\n于2025年3月15日 09:00安全降落至快递中心。\n\n————————",
                "content1_msg": "无人机名字或代号：快递-UAV01、快递-UAV02  \n时间：2025年3月15日 08:10、2025年3月15日 08:15、2025年3月15日 08:20、2025年3月15日 08:25、2025年3月15日 08:30、2025年3月15日 08:35、2025年3月15日 08:40、2025年3月15日 08:45、2025年3月15日 08:50、2025年3月15日 09:00  \n地点：快递中心、指定区域上空、目的地  \n任务优先级重要性：未提及  \n任务描述信息：起飞，保持飞行高度50米，前往目的地；跟随快递-UAV01，保持安全距离，监控配送路线；开启自动导航模式，按照预设航线前往目的地；实时监控快递-UAV01的飞行高度和速度，确保在安全范围内；到达指定区域上空，准备进行快递投放；将快递投放到指定地点，确认快递安全着陆；检查快递投放情况，确认无误后返回快递中心；返回快递中心，保持飞行高度50米，沿原航线返回；跟随快递-UAV01，确保通信链路稳定；安全降落至快递中心。",
                "similarity": 0.7054161301577966
            },
            {
                "content1_para": "无人机快递配送任务\n执行时间：2025年3月15日 08:00 – 12:00\n执行地点：上海市浦东新区某快递中心（坐标：31.2304°N, 121.4737°E）至上海市徐汇区某居民区（坐标：31.2000°N, 121.4908°E）\n执行者：\n快递-UAV01\n：负责装载快递并执行配送任务\n快递-UAV02\n：负责监控配送路线，确保安全\n快递-UAV03\n：备用无人机，随时待命\n任务优先级：高（确保快递准时送达，提高客户满意度）\n任务重要性：重要（快递内容为紧急医疗用品，需尽快送达）\n操作步骤：\n————————————————————————————————————————————————————————————————————————————————-\n1.1 快递装载与起飞\n快递-UAV01\n于2025年3月15日 08:00在快递中心完成快递装载，确认快递重量不超过无人机最大载重，并启动自检。\n快递-UAV02\n于2025年3月15日 08:05在快递中心同步进行起飞前的检查，确保通信设备正常。\n快递-UAV01\n于2025年3月15日 08:10在快递中心起飞，保持飞行高度50米，前往目的地",
                "content1_msg": "无人机名字或代号：快递-UAV01、快递-UAV02、快递-UAV03  \n时间：2025年3月15日 08:00 – 12:00、2025年3月15日 08:00、2025年3月15日 08:05、2025年3月15日 08:10  \n地点：上海市浦东新区某快递中心（坐标：31.2304°N, 121.4737°E）、上海市徐汇区某居民区（坐标：31.2000°N, 121.4908°E）  \n任务优先级重要性：高、重要  \n任务描述信息：负责装载快递并执行配送任务、负责监控配送路线，确保安全、备用无人机，随时待命、完成快递装载并启动自检、进行起飞前的检查，确保通信设备正常、在快递中心起飞，保持飞行高度50米，前往目的地",
                "similarity": 0.6994704837716507
            }
        ]
    },
    {
        "content2_para": "- **时间点**：2025年3月15日 08:30\n- **地点**：指定区域上空\n- **任务**：准备进行快递投放。",
        "matches": [
            {
                "content1_para": "15日 08:10在快递中心起飞，保持飞行高度50米，前往目的地。\n快递-UAV02\n于2025年3月15日 08:15起飞，跟随快递-UAV01，保持安全距离，监控配送路线。\n\n1.2 航路规划与导航\n快递-UAV01\n于2025年3月15日 08:20开启自动导航模式，按照预设航线前往目的地。\n快递-UAV02\n于2025年3月15日 08:25实时监控快递-UAV01的飞行高度和速度，确保在安全范围内。\n快递-UAV01\n于2025年3月15日 08:30到达指定区域上空，准备进行快递投放。\n\n1.3 快递投放\n快递-UAV01\n于2025年3月15日 08:35将快递投放到指定地点，确认快递安全着陆。\n快递-UAV02\n于2025年3月15日 08:40检查快递投放情况，确认无误后返回快递中心。\n\n1.4 返回与降落\n快递-UAV01\n于2025年3月15日 08:45返回快递中心，保持飞行高度50米，沿原航线返回。\n快递-UAV02\n于2025年3月15日 08:50跟随快递-UAV01，确保通信链路稳定。\n快递-UAV01\n于2025年3月15日 09:00安全降落至快递中心。\n\n————————",
                "content1_msg": "无人机名字或代号：快递-UAV01、快递-UAV02  \n时间：2025年3月15日 08:10、2025年3月15日 08:15、2025年3月15日 08:20、2025年3月15日 08:25、2025年3月15日 08:30、2025年3月15日 08:35、2025年3月15日 08:40、2025年3月15日 08:45、2025年3月15日 08:50、2025年3月15日 09:00  \n地点：快递中心、指定区域上空、目的地  \n任务优先级重要性：未提及  \n任务描述信息：起飞，保持飞行高度50米，前往目的地；跟随快递-UAV01，保持安全距离，监控配送路线；开启自动导航模式，按照预设航线前往目的地；实时监控快递-UAV01的飞行高度和速度，确保在安全范围内；到达指定区域上空，准备进行快递投放；将快递投放到指定地点，确认快递安全着陆；检查快递投放情况，确认无误后返回快递中心；返回快递中心，保持飞行高度50米，沿原航线返回；跟随快递-UAV01，确保通信链路稳定；安全降落至快递中心。",
                "similarity": 0.68713671456996
            },
            {
                "content1_para": "无人机快递配送任务\n执行时间：2025年3月15日 08:00 – 12:00\n执行地点：上海市浦东新区某快递中心（坐标：31.2304°N, 121.4737°E）至上海市徐汇区某居民区（坐标：31.2000°N, 121.4908°E）\n执行者：\n快递-UAV01\n：负责装载快递并执行配送任务\n快递-UAV02\n：负责监控配送路线，确保安全\n快递-UAV03\n：备用无人机，随时待命\n任务优先级：高（确保快递准时送达，提高客户满意度）\n任务重要性：重要（快递内容为紧急医疗用品，需尽快送达）\n操作步骤：\n————————————————————————————————————————————————————————————————————————————————-\n1.1 快递装载与起飞\n快递-UAV01\n于2025年3月15日 08:00在快递中心完成快递装载，确认快递重量不超过无人机最大载重，并启动自检。\n快递-UAV02\n于2025年3月15日 08:05在快递中心同步进行起飞前的检查，确保通信设备正常。\n快递-UAV01\n于2025年3月15日 08:10在快递中心起飞，保持飞行高度50米，前往目的地",
                "content1_msg": "无人机名字或代号：快递-UAV01、快递-UAV02、快递-UAV03  \n时间：2025年3月15日 08:00 – 12:00、2025年3月15日 08:00、2025年3月15日 08:05、2025年3月15日 08:10  \n地点：上海市浦东新区某快递中心（坐标：31.2304°N, 121.4737°E）、上海市徐汇区某居民区（坐标：31.2000°N, 121.4908°E）  \n任务优先级重要性：高、重要  \n任务描述信息：负责装载快递并执行配送任务、负责监控配送路线，确保安全、备用无人机，随时待命、完成快递装载并启动自检、进行起飞前的检查，确保通信设备正常、在快递中心起飞，保持飞行高度50米，前往目的地",
                "similarity": 0.6695664604678104
            }
        ]
    },
    {
        "content2_para": "- **时间点**：2025年3月15日 08:35\n- **地点**：指定地点\n- **任务**：将快递投放到指定地点，确认安全着陆。",
        "matches": [
            {
                "content1_para": "15日 08:10在快递中心起飞，保持飞行高度50米，前往目的地。\n快递-UAV02\n于2025年3月15日 08:15起飞，跟随快递-UAV01，保持安全距离，监控配送路线。\n\n1.2 航路规划与导航\n快递-UAV01\n于2025年3月15日 08:20开启自动导航模式，按照预设航线前往目的地。\n快递-UAV02\n于2025年3月15日 08:25实时监控快递-UAV01的飞行高度和速度，确保在安全范围内。\n快递-UAV01\n于2025年3月15日 08:30到达指定区域上空，准备进行快递投放。\n\n1.3 快递投放\n快递-UAV01\n于2025年3月15日 08:35将快递投放到指定地点，确认快递安全着陆。\n快递-UAV02\n于2025年3月15日 08:40检查快递投放情况，确认无误后返回快递中心。\n\n1.4 返回与降落\n快递-UAV01\n于2025年3月15日 08:45返回快递中心，保持飞行高度50米，沿原航线返回。\n快递-UAV02\n于2025年3月15日 08:50跟随快递-UAV01，确保通信链路稳定。\n快递-UAV01\n于2025年3月15日 09:00安全降落至快递中心。\n\n————————",
                "content1_msg": "无人机名字或代号：快递-UAV01、快递-UAV02  \n时间：2025年3月15日 08:10、2025年3月15日 08:15、2025年3月15日 08:20、2025年3月15日 08:25、2025年3月15日 08:30、2025年3月15日 08:35、2025年3月15日 08:40、2025年3月15日 08:45、2025年3月15日 08:50、2025年3月15日 09:00  \n地点：快递中心、指定区域上空、目的地  \n任务优先级重要性：未提及  \n任务描述信息：起飞，保持飞行高度50米，前往目的地；跟随快递-UAV01，保持安全距离，监控配送路线；开启自动导航模式，按照预设航线前往目的地；实时监控快递-UAV01的飞行高度和速度，确保在安全范围内；到达指定区域上空，准备进行快递投放；将快递投放到指定地点，确认快递安全着陆；检查快递投放情况，确认无误后返回快递中心；返回快递中心，保持飞行高度50米，沿原航线返回；跟随快递-UAV01，确保通信链路稳定；安全降落至快递中心。",
                "similarity": 0.7125140862397463
            },
            {
                "content1_para": "无人机快递配送任务\n执行时间：2025年3月15日 08:00 – 12:00\n执行地点：上海市浦东新区某快递中心（坐标：31.2304°N, 121.4737°E）至上海市徐汇区某居民区（坐标：31.2000°N, 121.4908°E）\n执行者：\n快递-UAV01\n：负责装载快递并执行配送任务\n快递-UAV02\n：负责监控配送路线，确保安全\n快递-UAV03\n：备用无人机，随时待命\n任务优先级：高（确保快递准时送达，提高客户满意度）\n任务重要性：重要（快递内容为紧急医疗用品，需尽快送达）\n操作步骤：\n————————————————————————————————————————————————————————————————————————————————-\n1.1 快递装载与起飞\n快递-UAV01\n于2025年3月15日 08:00在快递中心完成快递装载，确认快递重量不超过无人机最大载重，并启动自检。\n快递-UAV02\n于2025年3月15日 08:05在快递中心同步进行起飞前的检查，确保通信设备正常。\n快递-UAV01\n于2025年3月15日 08:10在快递中心起飞，保持飞行高度50米，前往目的地",
                "content1_msg": "无人机名字或代号：快递-UAV01、快递-UAV02、快递-UAV03  \n时间：2025年3月15日 08:00 – 12:00、2025年3月15日 08:00、2025年3月15日 08:05、2025年3月15日 08:10  \n地点：上海市浦东新区某快递中心（坐标：31.2304°N, 121.4737°E）、上海市徐汇区某居民区（坐标：31.2000°N, 121.4908°E）  \n任务优先级重要性：高、重要  \n任务描述信息：负责装载快递并执行配送任务、负责监控配送路线，确保安全、备用无人机，随时待命、完成快递装载并启动自检、进行起飞前的检查，确保通信设备正常、在快递中心起飞，保持飞行高度50米，前往目的地",
                "similarity": 0.6968804800013494
            }
        ]
    },
    {
        "content2_para": "- **时间点**：2025年3月15日 08:40\n- **地点**：空中\n- **任务**：检查快递投放情况，确认无误后返回快递中心。",
        "matches": [
            {
                "content1_para": "15日 08:10在快递中心起飞，保持飞行高度50米，前往目的地。\n快递-UAV02\n于2025年3月15日 08:15起飞，跟随快递-UAV01，保持安全距离，监控配送路线。\n\n1.2 航路规划与导航\n快递-UAV01\n于2025年3月15日 08:20开启自动导航模式，按照预设航线前往目的地。\n快递-UAV02\n于2025年3月15日 08:25实时监控快递-UAV01的飞行高度和速度，确保在安全范围内。\n快递-UAV01\n于2025年3月15日 08:30到达指定区域上空，准备进行快递投放。\n\n1.3 快递投放\n快递-UAV01\n于2025年3月15日 08:35将快递投放到指定地点，确认快递安全着陆。\n快递-UAV02\n于2025年3月15日 08:40检查快递投放情况，确认无误后返回快递中心。\n\n1.4 返回与降落\n快递-UAV01\n于2025年3月15日 08:45返回快递中心，保持飞行高度50米，沿原航线返回。\n快递-UAV02\n于2025年3月15日 08:50跟随快递-UAV01，确保通信链路稳定。\n快递-UAV01\n于2025年3月15日 09:00安全降落至快递中心。\n\n————————",
                "content1_msg": "无人机名字或代号：快递-UAV01、快递-UAV02  \n时间：2025年3月15日 08:10、2025年3月15日 08:15、2025年3月15日 08:20、2025年3月15日 08:25、2025年3月15日 08:30、2025年3月15日 08:35、2025年3月15日 08:40、2025年3月15日 08:45、2025年3月15日 08:50、2025年3月15日 09:00  \n地点：快递中心、指定区域上空、目的地  \n任务优先级重要性：未提及  \n任务描述信息：起飞，保持飞行高度50米，前往目的地；跟随快递-UAV01，保持安全距离，监控配送路线；开启自动导航模式，按照预设航线前往目的地；实时监控快递-UAV01的飞行高度和速度，确保在安全范围内；到达指定区域上空，准备进行快递投放；将快递投放到指定地点，确认快递安全着陆；检查快递投放情况，确认无误后返回快递中心；返回快递中心，保持飞行高度50米，沿原航线返回；跟随快递-UAV01，确保通信链路稳定；安全降落至快递中心。",
                "similarity": 0.696621303669844
            },
            {
                "content1_para": "无人机快递配送任务\n执行时间：2025年3月15日 08:00 – 12:00\n执行地点：上海市浦东新区某快递中心（坐标：31.2304°N, 121.4737°E）至上海市徐汇区某居民区（坐标：31.2000°N, 121.4908°E）\n执行者：\n快递-UAV01\n：负责装载快递并执行配送任务\n快递-UAV02\n：负责监控配送路线，确保安全\n快递-UAV03\n：备用无人机，随时待命\n任务优先级：高（确保快递准时送达，提高客户满意度）\n任务重要性：重要（快递内容为紧急医疗用品，需尽快送达）\n操作步骤：\n————————————————————————————————————————————————————————————————————————————————-\n1.1 快递装载与起飞\n快递-UAV01\n于2025年3月15日 08:00在快递中心完成快递装载，确认快递重量不超过无人机最大载重，并启动自检。\n快递-UAV02\n于2025年3月15日 08:05在快递中心同步进行起飞前的检查，确保通信设备正常。\n快递-UAV01\n于2025年3月15日 08:10在快递中心起飞，保持飞行高度50米，前往目的地",
                "content1_msg": "无人机名字或代号：快递-UAV01、快递-UAV02、快递-UAV03  \n时间：2025年3月15日 08:00 – 12:00、2025年3月15日 08:00、2025年3月15日 08:05、2025年3月15日 08:10  \n地点：上海市浦东新区某快递中心（坐标：31.2304°N, 121.4737°E）、上海市徐汇区某居民区（坐标：31.2000°N, 121.4908°E）  \n任务优先级重要性：高、重要  \n任务描述信息：负责装载快递并执行配送任务、负责监控配送路线，确保安全、备用无人机，随时待命、完成快递装载并启动自检、进行起飞前的检查，确保通信设备正常、在快递中心起飞，保持飞行高度50米，前往目的地",
                "similarity": 0.6807117541804264
            }
        ]
    },
    {
        "content2_para": "- **时间点**：2025年3月15日 08:45\n- **地点**：空中\n- **任务**：返回快递中心，保持飞行高度50米，沿原航线返回。",
        "matches": [
            {
                "content1_para": "15日 08:10在快递中心起飞，保持飞行高度50米，前往目的地。\n快递-UAV02\n于2025年3月15日 08:15起飞，跟随快递-UAV01，保持安全距离，监控配送路线。\n\n1.2 航路规划与导航\n快递-UAV01\n于2025年3月15日 08:20开启自动导航模式，按照预设航线前往目的地。\n快递-UAV02\n于2025年3月15日 08:25实时监控快递-UAV01的飞行高度和速度，确保在安全范围内。\n快递-UAV01\n于2025年3月15日 08:30到达指定区域上空，准备进行快递投放。\n\n1.3 快递投放\n快递-UAV01\n于2025年3月15日 08:35将快递投放到指定地点，确认快递安全着陆。\n快递-UAV02\n于2025年3月15日 08:40检查快递投放情况，确认无误后返回快递中心。\n\n1.4 返回与降落\n快递-UAV01\n于2025年3月15日 08:45返回快递中心，保持飞行高度50米，沿原航线返回。\n快递-UAV02\n于2025年3月15日 08:50跟随快递-UAV01，确保通信链路稳定。\n快递-UAV01\n于2025年3月15日 09:00安全降落至快递中心。\n\n————————",
                "content1_msg": "无人机名字或代号：快递-UAV01、快递-UAV02  \n时间：2025年3月15日 08:10、2025年3月15日 08:15、2025年3月15日 08:20、2025年3月15日 08:25、2025年3月15日 08:30、2025年3月15日 08:35、2025年3月15日 08:40、2025年3月15日 08:45、2025年3月15日 08:50、2025年3月15日 09:00  \n地点：快递中心、指定区域上空、目的地  \n任务优先级重要性：未提及  \n任务描述信息：起飞，保持飞行高度50米，前往目的地；跟随快递-UAV01，保持安全距离，监控配送路线；开启自动导航模式，按照预设航线前往目的地；实时监控快递-UAV01的飞行高度和速度，确保在安全范围内；到达指定区域上空，准备进行快递投放；将快递投放到指定地点，确认快递安全着陆；检查快递投放情况，确认无误后返回快递中心；返回快递中心，保持飞行高度50米，沿原航线返回；跟随快递-UAV01，确保通信链路稳定；安全降落至快递中心。",
                "similarity": 0.7230772218383481
            },
            {
                "content1_para": "无人机快递配送任务\n执行时间：2025年3月15日 08:00 – 12:00\n执行地点：上海市浦东新区某快递中心（坐标：31.2304°N, 121.4737°E）至上海市徐汇区某居民区（坐标：31.2000°N, 121.4908°E）\n执行者：\n快递-UAV01\n：负责装载快递并执行配送任务\n快递-UAV02\n：负责监控配送路线，确保安全\n快递-UAV03\n：备用无人机，随时待命\n任务优先级：高（确保快递准时送达，提高客户满意度）\n任务重要性：重要（快递内容为紧急医疗用品，需尽快送达）\n操作步骤：\n————————————————————————————————————————————————————————————————————————————————-\n1.1 快递装载与起飞\n快递-UAV01\n于2025年3月15日 08:00在快递中心完成快递装载，确认快递重量不超过无人机最大载重，并启动自检。\n快递-UAV02\n于2025年3月15日 08:05在快递中心同步进行起飞前的检查，确保通信设备正常。\n快递-UAV01\n于2025年3月15日 08:10在快递中心起飞，保持飞行高度50米，前往目的地",
                "content1_msg": "无人机名字或代号：快递-UAV01、快递-UAV02、快递-UAV03  \n时间：2025年3月15日 08:00 – 12:00、2025年3月15日 08:00、2025年3月15日 08:05、2025年3月15日 08:10  \n地点：上海市浦东新区某快递中心（坐标：31.2304°N, 121.4737°E）、上海市徐汇区某居民区（坐标：31.2000°N, 121.4908°E）  \n任务优先级重要性：高、重要  \n任务描述信息：负责装载快递并执行配送任务、负责监控配送路线，确保安全、备用无人机，随时待命、完成快递装载并启动自检、进行起飞前的检查，确保通信设备正常、在快递中心起飞，保持飞行高度50米，前往目的地",
                "similarity": 0.6814904177507026
            }
        ]
    },
    {
        "content2_para": "- **时间点**：2025年3月15日 08:50\n- **地点**：空中\n- **任务**：跟随快递-UAV01，确保通信链路稳定。",
        "matches": [
            {
                "content1_para": "15日 08:10在快递中心起飞，保持飞行高度50米，前往目的地。\n快递-UAV02\n于2025年3月15日 08:15起飞，跟随快递-UAV01，保持安全距离，监控配送路线。\n\n1.2 航路规划与导航\n快递-UAV01\n于2025年3月15日 08:20开启自动导航模式，按照预设航线前往目的地。\n快递-UAV02\n于2025年3月15日 08:25实时监控快递-UAV01的飞行高度和速度，确保在安全范围内。\n快递-UAV01\n于2025年3月15日 08:30到达指定区域上空，准备进行快递投放。\n\n1.3 快递投放\n快递-UAV01\n于2025年3月15日 08:35将快递投放到指定地点，确认快递安全着陆。\n快递-UAV02\n于2025年3月15日 08:40检查快递投放情况，确认无误后返回快递中心。\n\n1.4 返回与降落\n快递-UAV01\n于2025年3月15日 08:45返回快递中心，保持飞行高度50米，沿原航线返回。\n快递-UAV02\n于2025年3月15日 08:50跟随快递-UAV01，确保通信链路稳定。\n快递-UAV01\n于2025年3月15日 09:00安全降落至快递中心。\n\n————————",
                "content1_msg": "无人机名字或代号：快递-UAV01、快递-UAV02  \n时间：2025年3月15日 08:10、2025年3月15日 08:15、2025年3月15日 08:20、2025年3月15日 08:25、2025年3月15日 08:30、2025年3月15日 08:35、2025年3月15日 08:40、2025年3月15日 08:45、2025年3月15日 08:50、2025年3月15日 09:00  \n地点：快递中心、指定区域上空、目的地  \n任务优先级重要性：未提及  \n任务描述信息：起飞，保持飞行高度50米，前往目的地；跟随快递-UAV01，保持安全距离，监控配送路线；开启自动导航模式，按照预设航线前往目的地；实时监控快递-UAV01的飞行高度和速度，确保在安全范围内；到达指定区域上空，准备进行快递投放；将快递投放到指定地点，确认快递安全着陆；检查快递投放情况，确认无误后返回快递中心；返回快递中心，保持飞行高度50米，沿原航线返回；跟随快递-UAV01，确保通信链路稳定；安全降落至快递中心。",
                "similarity": 0.7232224489607255
            },
            {
                "content1_para": "无人机快递配送任务\n执行时间：2025年3月15日 08:00 – 12:00\n执行地点：上海市浦东新区某快递中心（坐标：31.2304°N, 121.4737°E）至上海市徐汇区某居民区（坐标：31.2000°N, 121.4908°E）\n执行者：\n快递-UAV01\n：负责装载快递并执行配送任务\n快递-UAV02\n：负责监控配送路线，确保安全\n快递-UAV03\n：备用无人机，随时待命\n任务优先级：高（确保快递准时送达，提高客户满意度）\n任务重要性：重要（快递内容为紧急医疗用品，需尽快送达）\n操作步骤：\n————————————————————————————————————————————————————————————————————————————————-\n1.1 快递装载与起飞\n快递-UAV01\n于2025年3月15日 08:00在快递中心完成快递装载，确认快递重量不超过无人机最大载重，并启动自检。\n快递-UAV02\n于2025年3月15日 08:05在快递中心同步进行起飞前的检查，确保通信设备正常。\n快递-UAV01\n于2025年3月15日 08:10在快递中心起飞，保持飞行高度50米，前往目的地",
                "content1_msg": "无人机名字或代号：快递-UAV01、快递-UAV02、快递-UAV03  \n时间：2025年3月15日 08:00 – 12:00、2025年3月15日 08:00、2025年3月15日 08:05、2025年3月15日 08:10  \n地点：上海市浦东新区某快递中心（坐标：31.2304°N, 121.4737°E）、上海市徐汇区某居民区（坐标：31.2000°N, 121.4908°E）  \n任务优先级重要性：高、重要  \n任务描述信息：负责装载快递并执行配送任务、负责监控配送路线，确保安全、备用无人机，随时待命、完成快递装载并启动自检、进行起飞前的检查，确保通信设备正常、在快递中心起飞，保持飞行高度50米，前往目的地",
                "similarity": 0.6885001955815758
            }
        ]
    },
    {
        "content2_para": "- **时间点**：2025年3月15日 09:00\n- **地点**：快递中心\n- **任务**：安全降落至快递中心。",
        "matches": [
            {
                "content1_para": "快递配送任务中的紧急情况应对\n执行时间：2025年3月15日 09:00 – 10:00\n执行地点：上海市徐汇区某居民区周边\n执行者：\n快递-UAV01\n：负责应对紧急情况，确保快递安全\n快递-UAV02\n：提供辅助，确保通信链路稳定\n快递-UAV03\n：备用无人机，随时待命\n任务优先级：紧急（确保快递安全，避免损失）\n任务重要性：高（快递内容为紧急医疗用品，需尽快送达）\n操作步骤：\n————————————————————————————————————————————————————————————————————————————————-\n2.1 紧急情况监测\n快递-UAV02\n于2025年3月15日 09:00实时监控快递-UAV01的飞行状态，突然发现快递-UAV01偏离预定航线。\n\n2.2 紧急情况处理\n快递-UAV02\n于2025年3月15日 09:05立即通知快递-UAV01，要求其报告情况。\n快递-UAV01\n于2025年3月15日 09:10报告无人机遭遇突发强风，正在采取措施稳定飞行。\n快递-UAV02\n于2025年3月15日 09:15建议快递-UAV01降低飞行高度，寻找避风区域。\n",
                "content1_msg": "无人机名字或代号：快递-UAV01、快递-UAV02、快递-UAV03  \n时间：2025年3月15日 09:00 – 10:00、2025年3月15日 09:00、2025年3月15日 09:05、2025年3月15日 09:10、2025年3月15日 09:15  \n地点：上海市徐汇区某居民区周边  \n任务优先级重要性：紧急（确保快递安全，避免损失）、高（快递内容为紧急医疗用品，需尽快送达）  \n任务描述信息：负责应对紧急情况，确保快递安全；提供辅助，确保通信链路稳定；备用无人机，随时待命；实时监控快递-UAV01的飞行状态；通知快递-UAV01报告情况；报告遭遇突发强风，采取措施稳定飞行；建议降低飞行高度，寻找避风区域。",
                "similarity": 0.7057566052872417
            },
            {
                "content1_para": "年3月15日 09:00安全降落至快递中心。\n\n————————————————————————————————————————————————————————————————————————————————-",
                "content1_msg": "无人机名字或代号：未提及  \n时间：年3月15日 09:00  \n地点：快递中心  \n任务优先级重要性：未提及  \n任务描述信息：安全降落至快递中心",
                "similarity": 0.7017669814614532
            }
        ]
    },
    {
        "content2_para": "- **时间点**：2025年3月15日 09:00\n- **地点**：上海市徐汇区某居民区周边\n- **任务**：实时监控快递-UAV01的飞行状态，发现偏离预定航线。",
        "matches": [
            {
                "content1_para": "快递配送任务中的紧急情况应对\n执行时间：2025年3月15日 09:00 – 10:00\n执行地点：上海市徐汇区某居民区周边\n执行者：\n快递-UAV01\n：负责应对紧急情况，确保快递安全\n快递-UAV02\n：提供辅助，确保通信链路稳定\n快递-UAV03\n：备用无人机，随时待命\n任务优先级：紧急（确保快递安全，避免损失）\n任务重要性：高（快递内容为紧急医疗用品，需尽快送达）\n操作步骤：\n————————————————————————————————————————————————————————————————————————————————-\n2.1 紧急情况监测\n快递-UAV02\n于2025年3月15日 09:00实时监控快递-UAV01的飞行状态，突然发现快递-UAV01偏离预定航线。\n\n2.2 紧急情况处理\n快递-UAV02\n于2025年3月15日 09:05立即通知快递-UAV01，要求其报告情况。\n快递-UAV01\n于2025年3月15日 09:10报告无人机遭遇突发强风，正在采取措施稳定飞行。\n快递-UAV02\n于2025年3月15日 09:15建议快递-UAV01降低飞行高度，寻找避风区域。\n",
                "content1_msg": "无人机名字或代号：快递-UAV01、快递-UAV02、快递-UAV03  \n时间：2025年3月15日 09:00 – 10:00、2025年3月15日 09:00、2025年3月15日 09:05、2025年3月15日 09:10、2025年3月15日 09:15  \n地点：上海市徐汇区某居民区周边  \n任务优先级重要性：紧急（确保快递安全，避免损失）、高（快递内容为紧急医疗用品，需尽快送达）  \n任务描述信息：负责应对紧急情况，确保快递安全；提供辅助，确保通信链路稳定；备用无人机，随时待命；实时监控快递-UAV01的飞行状态；通知快递-UAV01报告情况；报告遭遇突发强风，采取措施稳定飞行；建议降低飞行高度，寻找避风区域。",
                "similarity": 0.7349091547145531
            },
            {
                "content1_para": "日 09:15建议快递-UAV01降低飞行高度，寻找避风区域。\n\n2.3 紧急情况应对\n快递-UAV01\n于2025年3月15日 09:20降低飞行高度至30米，寻找避风区域。\n快递-UAV02\n于2025年3月15日 09:25实时监控快递-UAV01的飞行状态，确保其安全。\n快递-UAV01\n于2025年3月15日 09:30在避风区域稳定飞行，等待风力减弱。\n\n2.4 恢复正常配送\n快递-UAV01\n于2025年3月15日 09:35风力减弱，恢复原航线，继续配送任务。\n快递-UAV02\n于2025年3月15日 09:40确认快递-UAV01恢复正常飞行，继续监控配送路线。\n\n————————————————————————————————————————————————————————————————————————————————-",
                "content1_msg": "无人机名字或代号：快递-UAV01、快递-UAV02  \n时间：2025年3月15日 09:15、2025年3月15日 09:20、2025年3月15日 09:25、2025年3月15日 09:30、2025年3月15日 09:35、2025年3月15日 09:40  \n地点：未提及  \n任务优先级重要性：紧急  \n任务描述信息：降低飞行高度，寻找避风区域；实时监控快递-UAV01的飞行状态，确保其安全；在避风区域稳定飞行，等待风力减弱；风力减弱，恢复原航线，继续配送任务；确认快递-UAV01恢复正常飞行，继续监控配送路线。",
                "similarity": 0.6719347016062965
            }
        ]
    },
    {
        "content2_para": "- **时间点**：2025年3月15日 09:05\n- **地点**：空中\n- **任务**：立即通知快递-UAV01，要求报告情况。",
        "matches": [
            {
                "content1_para": "快递配送任务中的紧急情况应对\n执行时间：2025年3月15日 09:00 – 10:00\n执行地点：上海市徐汇区某居民区周边\n执行者：\n快递-UAV01\n：负责应对紧急情况，确保快递安全\n快递-UAV02\n：提供辅助，确保通信链路稳定\n快递-UAV03\n：备用无人机，随时待命\n任务优先级：紧急（确保快递安全，避免损失）\n任务重要性：高（快递内容为紧急医疗用品，需尽快送达）\n操作步骤：\n————————————————————————————————————————————————————————————————————————————————-\n2.1 紧急情况监测\n快递-UAV02\n于2025年3月15日 09:00实时监控快递-UAV01的飞行状态，突然发现快递-UAV01偏离预定航线。\n\n2.2 紧急情况处理\n快递-UAV02\n于2025年3月15日 09:05立即通知快递-UAV01，要求其报告情况。\n快递-UAV01\n于2025年3月15日 09:10报告无人机遭遇突发强风，正在采取措施稳定飞行。\n快递-UAV02\n于2025年3月15日 09:15建议快递-UAV01降低飞行高度，寻找避风区域。\n",
                "content1_msg": "无人机名字或代号：快递-UAV01、快递-UAV02、快递-UAV03  \n时间：2025年3月15日 09:00 – 10:00、2025年3月15日 09:00、2025年3月15日 09:05、2025年3月15日 09:10、2025年3月15日 09:15  \n地点：上海市徐汇区某居民区周边  \n任务优先级重要性：紧急（确保快递安全，避免损失）、高（快递内容为紧急医疗用品，需尽快送达）  \n任务描述信息：负责应对紧急情况，确保快递安全；提供辅助，确保通信链路稳定；备用无人机，随时待命；实时监控快递-UAV01的飞行状态；通知快递-UAV01报告情况；报告遭遇突发强风，采取措施稳定飞行；建议降低飞行高度，寻找避风区域。",
                "similarity": 0.7186981102798278
            },
            {
                "content1_para": "年3月15日 09:00安全降落至快递中心。\n\n————————————————————————————————————————————————————————————————————————————————-",
                "content1_msg": "无人机名字或代号：未提及  \n时间：年3月15日 09:00  \n地点：快递中心  \n任务优先级重要性：未提及  \n任务描述信息：安全降落至快递中心",
                "similarity": 0.6759584582390695
            }
        ]
    },
    {
        "content2_para": "- **时间点**：2025年3月15日 09:10\n- **地点**：空中\n- **任务**：报告遭遇突发强风，正在采取措施稳定飞行。",
        "matches": [
            {
                "content1_para": "快递配送任务中的紧急情况应对\n执行时间：2025年3月15日 09:00 – 10:00\n执行地点：上海市徐汇区某居民区周边\n执行者：\n快递-UAV01\n：负责应对紧急情况，确保快递安全\n快递-UAV02\n：提供辅助，确保通信链路稳定\n快递-UAV03\n：备用无人机，随时待命\n任务优先级：紧急（确保快递安全，避免损失）\n任务重要性：高（快递内容为紧急医疗用品，需尽快送达）\n操作步骤：\n————————————————————————————————————————————————————————————————————————————————-\n2.1 紧急情况监测\n快递-UAV02\n于2025年3月15日 09:00实时监控快递-UAV01的飞行状态，突然发现快递-UAV01偏离预定航线。\n\n2.2 紧急情况处理\n快递-UAV02\n于2025年3月15日 09:05立即通知快递-UAV01，要求其报告情况。\n快递-UAV01\n于2025年3月15日 09:10报告无人机遭遇突发强风，正在采取措施稳定飞行。\n快递-UAV02\n于2025年3月15日 09:15建议快递-UAV01降低飞行高度，寻找避风区域。\n",
                "content1_msg": "无人机名字或代号：快递-UAV01、快递-UAV02、快递-UAV03  \n时间：2025年3月15日 09:00 – 10:00、2025年3月15日 09:00、2025年3月15日 09:05、2025年3月15日 09:10、2025年3月15日 09:15  \n地点：上海市徐汇区某居民区周边  \n任务优先级重要性：紧急（确保快递安全，避免损失）、高（快递内容为紧急医疗用品，需尽快送达）  \n任务描述信息：负责应对紧急情况，确保快递安全；提供辅助，确保通信链路稳定；备用无人机，随时待命；实时监控快递-UAV01的飞行状态；通知快递-UAV01报告情况；报告遭遇突发强风，采取措施稳定飞行；建议降低飞行高度，寻找避风区域。",
                "similarity": 0.6703963584576975
            },
            {
                "content1_para": "日 09:15建议快递-UAV01降低飞行高度，寻找避风区域。\n\n2.3 紧急情况应对\n快递-UAV01\n于2025年3月15日 09:20降低飞行高度至30米，寻找避风区域。\n快递-UAV02\n于2025年3月15日 09:25实时监控快递-UAV01的飞行状态，确保其安全。\n快递-UAV01\n于2025年3月15日 09:30在避风区域稳定飞行，等待风力减弱。\n\n2.4 恢复正常配送\n快递-UAV01\n于2025年3月15日 09:35风力减弱，恢复原航线，继续配送任务。\n快递-UAV02\n于2025年3月15日 09:40确认快递-UAV01恢复正常飞行，继续监控配送路线。\n\n————————————————————————————————————————————————————————————————————————————————-",
                "content1_msg": "无人机名字或代号：快递-UAV01、快递-UAV02  \n时间：2025年3月15日 09:15、2025年3月15日 09:20、2025年3月15日 09:25、2025年3月15日 09:30、2025年3月15日 09:35、2025年3月15日 09:40  \n地点：未提及  \n任务优先级重要性：紧急  \n任务描述信息：降低飞行高度，寻找避风区域；实时监控快递-UAV01的飞行状态，确保其安全；在避风区域稳定飞行，等待风力减弱；风力减弱，恢复原航线，继续配送任务；确认快递-UAV01恢复正常飞行，继续监控配送路线。",
                "similarity": 0.6265639017675027
            }
        ]
    },
    {
        "content2_para": "- **时间点**：2025年3月15日 09:15\n- **地点**：空中\n- **任务**：建议快递-UAV01降低飞行高度，寻找避风区域。",
        "matches": [
            {
                "content1_para": "日 09:15建议快递-UAV01降低飞行高度，寻找避风区域。\n\n2.3 紧急情况应对\n快递-UAV01\n于2025年3月15日 09:20降低飞行高度至30米，寻找避风区域。\n快递-UAV02\n于2025年3月15日 09:25实时监控快递-UAV01的飞行状态，确保其安全。\n快递-UAV01\n于2025年3月15日 09:30在避风区域稳定飞行，等待风力减弱。\n\n2.4 恢复正常配送\n快递-UAV01\n于2025年3月15日 09:35风力减弱，恢复原航线，继续配送任务。\n快递-UAV02\n于2025年3月15日 09:40确认快递-UAV01恢复正常飞行，继续监控配送路线。\n\n————————————————————————————————————————————————————————————————————————————————-",
                "content1_msg": "无人机名字或代号：快递-UAV01、快递-UAV02  \n时间：2025年3月15日 09:15、2025年3月15日 09:20、2025年3月15日 09:25、2025年3月15日 09:30、2025年3月15日 09:35、2025年3月15日 09:40  \n地点：未提及  \n任务优先级重要性：紧急  \n任务描述信息：降低飞行高度，寻找避风区域；实时监控快递-UAV01的飞行状态，确保其安全；在避风区域稳定飞行，等待风力减弱；风力减弱，恢复原航线，继续配送任务；确认快递-UAV01恢复正常飞行，继续监控配送路线。",
                "similarity": 0.7075105663916057
            },
            {
                "content1_para": "快递配送任务中的紧急情况应对\n执行时间：2025年3月15日 09:00 – 10:00\n执行地点：上海市徐汇区某居民区周边\n执行者：\n快递-UAV01\n：负责应对紧急情况，确保快递安全\n快递-UAV02\n：提供辅助，确保通信链路稳定\n快递-UAV03\n：备用无人机，随时待命\n任务优先级：紧急（确保快递安全，避免损失）\n任务重要性：高（快递内容为紧急医疗用品，需尽快送达）\n操作步骤：\n————————————————————————————————————————————————————————————————————————————————-\n2.1 紧急情况监测\n快递-UAV02\n于2025年3月15日 09:00实时监控快递-UAV01的飞行状态，突然发现快递-UAV01偏离预定航线。\n\n2.2 紧急情况处理\n快递-UAV02\n于2025年3月15日 09:05立即通知快递-UAV01，要求其报告情况。\n快递-UAV01\n于2025年3月15日 09:10报告无人机遭遇突发强风，正在采取措施稳定飞行。\n快递-UAV02\n于2025年3月15日 09:15建议快递-UAV01降低飞行高度，寻找避风区域。\n",
                "content1_msg": "无人机名字或代号：快递-UAV01、快递-UAV02、快递-UAV03  \n时间：2025年3月15日 09:00 – 10:00、2025年3月15日 09:00、2025年3月15日 09:05、2025年3月15日 09:10、2025年3月15日 09:15  \n地点：上海市徐汇区某居民区周边  \n任务优先级重要性：紧急（确保快递安全，避免损失）、高（快递内容为紧急医疗用品，需尽快送达）  \n任务描述信息：负责应对紧急情况，确保快递安全；提供辅助，确保通信链路稳定；备用无人机，随时待命；实时监控快递-UAV01的飞行状态；通知快递-UAV01报告情况；报告遭遇突发强风，采取措施稳定飞行；建议降低飞行高度，寻找避风区域。",
                "similarity": 0.6974913121291262
            }
        ]
    },
    {
        "content2_para": "- **时间点**：2025年3月15日 09:20\n- **地点**：空中\n- **任务**：降低飞行高度至30米，寻找避风区域。",
        "matches": [
            {
                "content1_para": "日 09:15建议快递-UAV01降低飞行高度，寻找避风区域。\n\n2.3 紧急情况应对\n快递-UAV01\n于2025年3月15日 09:20降低飞行高度至30米，寻找避风区域。\n快递-UAV02\n于2025年3月15日 09:25实时监控快递-UAV01的飞行状态，确保其安全。\n快递-UAV01\n于2025年3月15日 09:30在避风区域稳定飞行，等待风力减弱。\n\n2.4 恢复正常配送\n快递-UAV01\n于2025年3月15日 09:35风力减弱，恢复原航线，继续配送任务。\n快递-UAV02\n于2025年3月15日 09:40确认快递-UAV01恢复正常飞行，继续监控配送路线。\n\n————————————————————————————————————————————————————————————————————————————————-",
                "content1_msg": "无人机名字或代号：快递-UAV01、快递-UAV02  \n时间：2025年3月15日 09:15、2025年3月15日 09:20、2025年3月15日 09:25、2025年3月15日 09:30、2025年3月15日 09:35、2025年3月15日 09:40  \n地点：未提及  \n任务优先级重要性：紧急  \n任务描述信息：降低飞行高度，寻找避风区域；实时监控快递-UAV01的飞行状态，确保其安全；在避风区域稳定飞行，等待风力减弱；风力减弱，恢复原航线，继续配送任务；确认快递-UAV01恢复正常飞行，继续监控配送路线。",
                "similarity": 0.6826938821961231
            },
            {
                "content1_para": "快递配送任务中的紧急情况应对\n执行时间：2025年3月15日 09:00 – 10:00\n执行地点：上海市徐汇区某居民区周边\n执行者：\n快递-UAV01\n：负责应对紧急情况，确保快递安全\n快递-UAV02\n：提供辅助，确保通信链路稳定\n快递-UAV03\n：备用无人机，随时待命\n任务优先级：紧急（确保快递安全，避免损失）\n任务重要性：高（快递内容为紧急医疗用品，需尽快送达）\n操作步骤：\n————————————————————————————————————————————————————————————————————————————————-\n2.1 紧急情况监测\n快递-UAV02\n于2025年3月15日 09:00实时监控快递-UAV01的飞行状态，突然发现快递-UAV01偏离预定航线。\n\n2.2 紧急情况处理\n快递-UAV02\n于2025年3月15日 09:05立即通知快递-UAV01，要求其报告情况。\n快递-UAV01\n于2025年3月15日 09:10报告无人机遭遇突发强风，正在采取措施稳定飞行。\n快递-UAV02\n于2025年3月15日 09:15建议快递-UAV01降低飞行高度，寻找避风区域。\n",
                "content1_msg": "无人机名字或代号：快递-UAV01、快递-UAV02、快递-UAV03  \n时间：2025年3月15日 09:00 – 10:00、2025年3月15日 09:00、2025年3月15日 09:05、2025年3月15日 09:10、2025年3月15日 09:15  \n地点：上海市徐汇区某居民区周边  \n任务优先级重要性：紧急（确保快递安全，避免损失）、高（快递内容为紧急医疗用品，需尽快送达）  \n任务描述信息：负责应对紧急情况，确保快递安全；提供辅助，确保通信链路稳定；备用无人机，随时待命；实时监控快递-UAV01的飞行状态；通知快递-UAV01报告情况；报告遭遇突发强风，采取措施稳定飞行；建议降低飞行高度，寻找避风区域。",
                "similarity": 0.6652832408747095
            }
        ]
    },
    {
        "content2_para": "- **时间点**：2025年3月15日 09:25\n- **地点**：空中\n- **任务**：实时监控快递-UAV01的飞行状态，确保安全。",
        "matches": [
            {
                "content1_para": "快递配送任务中的紧急情况应对\n执行时间：2025年3月15日 09:00 – 10:00\n执行地点：上海市徐汇区某居民区周边\n执行者：\n快递-UAV01\n：负责应对紧急情况，确保快递安全\n快递-UAV02\n：提供辅助，确保通信链路稳定\n快递-UAV03\n：备用无人机，随时待命\n任务优先级：紧急（确保快递安全，避免损失）\n任务重要性：高（快递内容为紧急医疗用品，需尽快送达）\n操作步骤：\n————————————————————————————————————————————————————————————————————————————————-\n2.1 紧急情况监测\n快递-UAV02\n于2025年3月15日 09:00实时监控快递-UAV01的飞行状态，突然发现快递-UAV01偏离预定航线。\n\n2.2 紧急情况处理\n快递-UAV02\n于2025年3月15日 09:05立即通知快递-UAV01，要求其报告情况。\n快递-UAV01\n于2025年3月15日 09:10报告无人机遭遇突发强风，正在采取措施稳定飞行。\n快递-UAV02\n于2025年3月15日 09:15建议快递-UAV01降低飞行高度，寻找避风区域。\n",
                "content1_msg": "无人机名字或代号：快递-UAV01、快递-UAV02、快递-UAV03  \n时间：2025年3月15日 09:00 – 10:00、2025年3月15日 09:00、2025年3月15日 09:05、2025年3月15日 09:10、2025年3月15日 09:15  \n地点：上海市徐汇区某居民区周边  \n任务优先级重要性：紧急（确保快递安全，避免损失）、高（快递内容为紧急医疗用品，需尽快送达）  \n任务描述信息：负责应对紧急情况，确保快递安全；提供辅助，确保通信链路稳定；备用无人机，随时待命；实时监控快递-UAV01的飞行状态；通知快递-UAV01报告情况；报告遭遇突发强风，采取措施稳定飞行；建议降低飞行高度，寻找避风区域。",
                "similarity": 0.6866121630248344
            },
            {
                "content1_para": "日 09:15建议快递-UAV01降低飞行高度，寻找避风区域。\n\n2.3 紧急情况应对\n快递-UAV01\n于2025年3月15日 09:20降低飞行高度至30米，寻找避风区域。\n快递-UAV02\n于2025年3月15日 09:25实时监控快递-UAV01的飞行状态，确保其安全。\n快递-UAV01\n于2025年3月15日 09:30在避风区域稳定飞行，等待风力减弱。\n\n2.4 恢复正常配送\n快递-UAV01\n于2025年3月15日 09:35风力减弱，恢复原航线，继续配送任务。\n快递-UAV02\n于2025年3月15日 09:40确认快递-UAV01恢复正常飞行，继续监控配送路线。\n\n————————————————————————————————————————————————————————————————————————————————-",
                "content1_msg": "无人机名字或代号：快递-UAV01、快递-UAV02  \n时间：2025年3月15日 09:15、2025年3月15日 09:20、2025年3月15日 09:25、2025年3月15日 09:30、2025年3月15日 09:35、2025年3月15日 09:40  \n地点：未提及  \n任务优先级重要性：紧急  \n任务描述信息：降低飞行高度，寻找避风区域；实时监控快递-UAV01的飞行状态，确保其安全；在避风区域稳定飞行，等待风力减弱；风力减弱，恢复原航线，继续配送任务；确认快递-UAV01恢复正常飞行，继续监控配送路线。",
                "similarity": 0.6631066506714589
            }
        ]
    },
    {
        "content2_para": "- **时间点**：2025年3月15日 09:30\n- **地点**：避风区域\n- **任务**：在避风区域稳定飞行，等待风力减弱。",
        "matches": [
            {
                "content1_para": "日 09:15建议快递-UAV01降低飞行高度，寻找避风区域。\n\n2.3 紧急情况应对\n快递-UAV01\n于2025年3月15日 09:20降低飞行高度至30米，寻找避风区域。\n快递-UAV02\n于2025年3月15日 09:25实时监控快递-UAV01的飞行状态，确保其安全。\n快递-UAV01\n于2025年3月15日 09:30在避风区域稳定飞行，等待风力减弱。\n\n2.4 恢复正常配送\n快递-UAV01\n于2025年3月15日 09:35风力减弱，恢复原航线，继续配送任务。\n快递-UAV02\n于2025年3月15日 09:40确认快递-UAV01恢复正常飞行，继续监控配送路线。\n\n————————————————————————————————————————————————————————————————————————————————-",
                "content1_msg": "无人机名字或代号：快递-UAV01、快递-UAV02  \n时间：2025年3月15日 09:15、2025年3月15日 09:20、2025年3月15日 09:25、2025年3月15日 09:30、2025年3月15日 09:35、2025年3月15日 09:40  \n地点：未提及  \n任务优先级重要性：紧急  \n任务描述信息：降低飞行高度，寻找避风区域；实时监控快递-UAV01的飞行状态，确保其安全；在避风区域稳定飞行，等待风力减弱；风力减弱，恢复原航线，继续配送任务；确认快递-UAV01恢复正常飞行，继续监控配送路线。",
                "similarity": 0.6753658140941551
            },
            {
                "content1_para": "快递配送任务中的紧急情况应对\n执行时间：2025年3月15日 09:00 – 10:00\n执行地点：上海市徐汇区某居民区周边\n执行者：\n快递-UAV01\n：负责应对紧急情况，确保快递安全\n快递-UAV02\n：提供辅助，确保通信链路稳定\n快递-UAV03\n：备用无人机，随时待命\n任务优先级：紧急（确保快递安全，避免损失）\n任务重要性：高（快递内容为紧急医疗用品，需尽快送达）\n操作步骤：\n————————————————————————————————————————————————————————————————————————————————-\n2.1 紧急情况监测\n快递-UAV02\n于2025年3月15日 09:00实时监控快递-UAV01的飞行状态，突然发现快递-UAV01偏离预定航线。\n\n2.2 紧急情况处理\n快递-UAV02\n于2025年3月15日 09:05立即通知快递-UAV01，要求其报告情况。\n快递-UAV01\n于2025年3月15日 09:10报告无人机遭遇突发强风，正在采取措施稳定飞行。\n快递-UAV02\n于2025年3月15日 09:15建议快递-UAV01降低飞行高度，寻找避风区域。\n",
                "content1_msg": "无人机名字或代号：快递-UAV01、快递-UAV02、快递-UAV03  \n时间：2025年3月15日 09:00 – 10:00、2025年3月15日 09:00、2025年3月15日 09:05、2025年3月15日 09:10、2025年3月15日 09:15  \n地点：上海市徐汇区某居民区周边  \n任务优先级重要性：紧急（确保快递安全，避免损失）、高（快递内容为紧急医疗用品，需尽快送达）  \n任务描述信息：负责应对紧急情况，确保快递安全；提供辅助，确保通信链路稳定；备用无人机，随时待命；实时监控快递-UAV01的飞行状态；通知快递-UAV01报告情况；报告遭遇突发强风，采取措施稳定飞行；建议降低飞行高度，寻找避风区域。",
                "similarity": 0.6551856004288558
            }
        ]
    },
    {
        "content2_para": "- **时间点**：2025年3月15日 09:35\n- **地点**：空中\n- **任务**：风力减弱后，恢复原航线，继续配送任务。",
        "matches": [
            {
                "content1_para": "日 09:15建议快递-UAV01降低飞行高度，寻找避风区域。\n\n2.3 紧急情况应对\n快递-UAV01\n于2025年3月15日 09:20降低飞行高度至30米，寻找避风区域。\n快递-UAV02\n于2025年3月15日 09:25实时监控快递-UAV01的飞行状态，确保其安全。\n快递-UAV01\n于2025年3月15日 09:30在避风区域稳定飞行，等待风力减弱。\n\n2.4 恢复正常配送\n快递-UAV01\n于2025年3月15日 09:35风力减弱，恢复原航线，继续配送任务。\n快递-UAV02\n于2025年3月15日 09:40确认快递-UAV01恢复正常飞行，继续监控配送路线。\n\n————————————————————————————————————————————————————————————————————————————————-",
                "content1_msg": "无人机名字或代号：快递-UAV01、快递-UAV02  \n时间：2025年3月15日 09:15、2025年3月15日 09:20、2025年3月15日 09:25、2025年3月15日 09:30、2025年3月15日 09:35、2025年3月15日 09:40  \n地点：未提及  \n任务优先级重要性：紧急  \n任务描述信息：降低飞行高度，寻找避风区域；实时监控快递-UAV01的飞行状态，确保其安全；在避风区域稳定飞行，等待风力减弱；风力减弱，恢复原航线，继续配送任务；确认快递-UAV01恢复正常飞行，继续监控配送路线。",
                "similarity": 0.6786476446555036
            },
            {
                "content1_para": "年3月15日 09:00安全降落至快递中心。\n\n————————————————————————————————————————————————————————————————————————————————-",
                "content1_msg": "无人机名字或代号：未提及  \n时间：年3月15日 09:00  \n地点：快递中心  \n任务优先级重要性：未提及  \n任务描述信息：安全降落至快递中心",
                "similarity": 0.650378333704857
            }
        ]
    },
    {
        "content2_para": "- **时间点**：2025年3月15日 09:40\n- **地点**：空中\n- **任务**：确认快递-UAV01恢复正常飞行，继续监控配送路线。",
        "matches": [
            {
                "content1_para": "日 09:15建议快递-UAV01降低飞行高度，寻找避风区域。\n\n2.3 紧急情况应对\n快递-UAV01\n于2025年3月15日 09:20降低飞行高度至30米，寻找避风区域。\n快递-UAV02\n于2025年3月15日 09:25实时监控快递-UAV01的飞行状态，确保其安全。\n快递-UAV01\n于2025年3月15日 09:30在避风区域稳定飞行，等待风力减弱。\n\n2.4 恢复正常配送\n快递-UAV01\n于2025年3月15日 09:35风力减弱，恢复原航线，继续配送任务。\n快递-UAV02\n于2025年3月15日 09:40确认快递-UAV01恢复正常飞行，继续监控配送路线。\n\n————————————————————————————————————————————————————————————————————————————————-",
                "content1_msg": "无人机名字或代号：快递-UAV01、快递-UAV02  \n时间：2025年3月15日 09:15、2025年3月15日 09:20、2025年3月15日 09:25、2025年3月15日 09:30、2025年3月15日 09:35、2025年3月15日 09:40  \n地点：未提及  \n任务优先级重要性：紧急  \n任务描述信息：降低飞行高度，寻找避风区域；实时监控快递-UAV01的飞行状态，确保其安全；在避风区域稳定飞行，等待风力减弱；风力减弱，恢复原航线，继续配送任务；确认快递-UAV01恢复正常飞行，继续监控配送路线。",
                "similarity": 0.7008250428603071
            },
            {
                "content1_para": "快递配送任务中的紧急情况应对\n执行时间：2025年3月15日 09:00 – 10:00\n执行地点：上海市徐汇区某居民区周边\n执行者：\n快递-UAV01\n：负责应对紧急情况，确保快递安全\n快递-UAV02\n：提供辅助，确保通信链路稳定\n快递-UAV03\n：备用无人机，随时待命\n任务优先级：紧急（确保快递安全，避免损失）\n任务重要性：高（快递内容为紧急医疗用品，需尽快送达）\n操作步骤：\n————————————————————————————————————————————————————————————————————————————————-\n2.1 紧急情况监测\n快递-UAV02\n于2025年3月15日 09:00实时监控快递-UAV01的飞行状态，突然发现快递-UAV01偏离预定航线。\n\n2.2 紧急情况处理\n快递-UAV02\n于2025年3月15日 09:05立即通知快递-UAV01，要求其报告情况。\n快递-UAV01\n于2025年3月15日 09:10报告无人机遭遇突发强风，正在采取措施稳定飞行。\n快递-UAV02\n于2025年3月15日 09:15建议快递-UAV01降低飞行高度，寻找避风区域。\n",
                "content1_msg": "无人机名字或代号：快递-UAV01、快递-UAV02、快递-UAV03  \n时间：2025年3月15日 09:00 – 10:00、2025年3月15日 09:00、2025年3月15日 09:05、2025年3月15日 09:10、2025年3月15日 09:15  \n地点：上海市徐汇区某居民区周边  \n任务优先级重要性：紧急（确保快递安全，避免损失）、高（快递内容为紧急医疗用品，需尽快送达）  \n任务描述信息：负责应对紧急情况，确保快递安全；提供辅助，确保通信链路稳定；备用无人机，随时待命；实时监控快递-UAV01的飞行状态；通知快递-UAV01报告情况；报告遭遇突发强风，采取措施稳定飞行；建议降低飞行高度，寻找避风区域。",
                "similarity": 0.6712762625751286
            }
        ]
    }
]