[
    {
        "paragraph": "- **时间点**：2025年3月15日 08:00\n- **地点**：上海市浦东新区某快递中心\n- **任务**：完成快递装载，确认重量，启动自检。"
    },
    {
        "paragraph": "- **时间点**：2025年3月15日 08:05\n- **地点**：上海市浦东新区某快递中心\n- **任务**：同步起飞前检查，确保通信设备正常。"
    },
    {
        "paragraph": "- **时间点**：2025年3月15日 08:10\n- **地点**：上海市浦东新区某快递中心\n- **任务**：起飞，保持飞行高度50米，前往目的地。"
    },
    {
        "paragraph": "- **时间点**：2025年3月15日 08:15\n- **地点**：空中\n- **任务**：跟随快递-UAV01，保持安全距离，监控配送路线。"
    },
    {
        "paragraph": "- **时间点**：2025年3月15日 08:20\n- **地点**：空中\n- **任务**：开启自动导航模式，按照预设航线前往目的地。"
    },
    {
        "paragraph": "- **时间点**：2025年3月15日 08:25\n- **地点**：空中\n- **任务**：实时监控快递-UAV01的飞行高度和速度，确保安全。"
    },
    {
        "paragraph": "- **时间点**：2025年3月15日 08:30\n- **地点**：指定区域上空\n- **任务**：准备进行快递投放。"
    },
    {
        "paragraph": "- **时间点**：2025年3月15日 08:35\n- **地点**：指定地点\n- **任务**：将快递投放到指定地点，确认安全着陆。"
    },
    {
        "paragraph": "- **时间点**：2025年3月15日 08:40\n- **地点**：空中\n- **任务**：检查快递投放情况，确认无误后返回快递中心。"
    },
    {
        "paragraph": "- **时间点**：2025年3月15日 08:45\n- **地点**：空中\n- **任务**：返回快递中心，保持飞行高度50米，沿原航线返回。"
    },
    {
        "paragraph": "- **时间点**：2025年3月15日 08:50\n- **地点**：空中\n- **任务**：跟随快递-UAV01，确保通信链路稳定。"
    },
    {
        "paragraph": "- **时间点**：2025年3月15日 09:00\n- **地点**：快递中心\n- **任务**：安全降落至快递中心。"
    },
    {
        "paragraph": "- **时间点**：2025年3月15日 09:00\n- **地点**：上海市徐汇区某居民区周边\n- **任务**：实时监控快递-UAV01的飞行状态，发现偏离预定航线。"
    },
    {
        "paragraph": "- **时间点**：2025年3月15日 09:05\n- **地点**：空中\n- **任务**：立即通知快递-UAV01，要求报告情况。"
    },
    {
        "paragraph": "- **时间点**：2025年3月15日 09:10\n- **地点**：空中\n- **任务**：报告遭遇突发强风，正在采取措施稳定飞行。"
    },
    {
        "paragraph": "- **时间点**：2025年3月15日 09:15\n- **地点**：空中\n- **任务**：建议快递-UAV01降低飞行高度，寻找避风区域。"
    },
    {
        "paragraph": "- **时间点**：2025年3月15日 09:20\n- **地点**：空中\n- **任务**：降低飞行高度至30米，寻找避风区域。"
    },
    {
        "paragraph": "- **时间点**：2025年3月15日 09:25\n- **地点**：空中\n- **任务**：实时监控快递-UAV01的飞行状态，确保安全。"
    },
    {
        "paragraph": "- **时间点**：2025年3月15日 09:30\n- **地点**：避风区域\n- **任务**：在避风区域稳定飞行，等待风力减弱。"
    },
    {
        "paragraph": "- **时间点**：2025年3月15日 09:35\n- **地点**：空中\n- **任务**：风力减弱后，恢复原航线，继续配送任务。"
    },
    {
        "paragraph": "- **时间点**：2025年3月15日 09:40\n- **地点**：空中\n- **任务**：确认快递-UAV01恢复正常飞行，继续监控配送路线。"
    }
]