[
    {
        "content2_para": "UAV-01:\n实体关系：花木路东侧快递配送\n时间：2023年10月25日 08:00 – 10:00\n地点：上海市浦东新区花木路东侧（31.2235°N, 121.5067°E）\n任务优先级重要性：高\n具体任务：起飞后沿花木路东侧进行低空飞行，每隔3分钟停靠一次，将快递投放到指定地点。",
        "matches": [
            {
                "content1_para": "无人机快递配送任务执行\n\n执行时间\n：2023年10月25日 08:00 – 10:00\n执行地点\n：上海市浦东新区花木路附近区域\n执行者\n：\nUAV-01\n：负责花木路东侧区域快递配送（坐标：31.2235°N, 121.5067°E）\nUAV-02\n：负责花木路西侧区域快递配送（坐标：31.2225°N, 121.5050°E）\nUAV-03\n：负责花木路中心区域快递配送（坐标：31.2240°N, 121.5045°E）\n任务优先级\n：高（保证快递配送时效性，满足客户需求）\n重要性\n：重要（影响客户满意度与公司形象）\n操作步骤\n：\n无人机起飞与航线规划\n（2023年10月25日 08:00 – 08:15）\nUAV-01\n：从浦东新区快递配送中心起飞（坐标：31.2240°N, 121.5070°E），起飞后沿花木路东侧进行低空飞行。\nUAV-02\n：从浦东新区快递配送中心起飞（坐标：31.2240°N, 121.5070°E），起飞后沿花木路西侧进行低空飞行。\nUAV-03\n：从浦东新区快递配送中心起飞（坐标：31.2240°N, 121.5070°E），起飞后沿花木路中心线进行低空飞行。\n\n无人机快",
                "content1_msg": "无人机名字或代号：UAV-01、UAV-02、UAV-03  \n时间：2023年10月25日 08:00 – 10:00、2023年10月25日 08:00 – 08:15  \n地点：上海市浦东新区花木路附近区域、花木路东侧区域（坐标：31.2235°N, 121.5067°E）、花木路西侧区域（坐标：31.2225°N, 121.5050°E）、花木路中心区域（坐标：31.2240°N, 121.5045°E）、浦东新区快递配送中心（坐标：31.2240°N, 121.5070°E）  \n任务优先级重要性：高、重要  \n任务描述信息：负责花木路东侧区域快递配送、负责花木路西侧区域快递配送、负责花木路中心区域快递配送、从浦东新区快递配送中心起飞后沿花木路东侧/西侧/中心线进行低空飞行",
                "similarity": 0.7794976563776382
            },
            {
                "content1_para": "快递包裹紧急投送任务执行\n\n执行时间\n：2023年10月25日 10:30 – 11:30\n执行地点\n：上海市浦东新区世纪大道附近区域\n执行者\n：\nUAV-01\n：负责世纪大道东侧紧急快递投送（坐标：31.2300°N, 121.5100°E）\nUAV-02\n：负责世纪大道西侧紧急快递投送（坐标：31.2290°N, 121.5090°E）\nUAV-03\n：备用无人机，待命状态\n任务优先级\n：最高（确保紧急快递及时送达）\n重要性\n：极高（影响客户利益与公司信誉）\n操作步骤\n：\n无人机起飞与航线规划\n（2023年10月25日 10:30 – 10:45）\nUAV-01\n：从浦东新区快递配送中心起飞（坐标：31.2240°N, 121.5070°E），直接飞往世纪大道东侧指定投递点。\nUAV-02\n：从浦东新区快递配送中心起飞（坐标：31.2240°N, 121.5070°E），直接飞往世纪大道西侧指定投递点。\nUAV-03\n：保持待命状态，随时准备起飞。\n\n无人机紧急快递投送\n（2023年10月25日 10:45 – 11:20）\nUAV-01\n：按照预定的紧急投送路线，以最快速度将快递投放到指定地点。\nUAV",
                "content1_msg": "无人机名字或代号：UAV-01、UAV-02、UAV-03  \n时间：2023年10月25日 10:30 – 11:30、2023年10月25日 10:30 – 10:45、2023年10月25日 10:45 – 11:20  \n地点：上海市浦东新区世纪大道附近区域、世纪大道东侧（坐标：31.2300°N, 121.5100°E）、世纪大道西侧（坐标：31.2290°N, 121.5090°E）、浦东新区快递配送中心（坐标：31.2240°N, 121.5070°E）  \n任务优先级重要性：最高、极高  \n任务描述信息：负责世纪大道东侧紧急快递投送、负责世纪大道西侧紧急快递投送、备用无人机待命状态、从浦东新区快递配送中心起飞飞往世纪大道东侧指定投递点、从浦东新区快递配送中心起飞飞往世纪大道西侧指定投递点、按照预定的紧急投送路线以最快速度将快递投放到指定地点",
                "similarity": 0.7197367844739438
            }
        ]
    },
    {
        "content2_para": "UAV-02:\n实体关系：花木路西侧快递配送\n时间：2023年10月25日 08:00 – 10:00\n地点：上海市浦东新区花木路西侧（31.2225°N, 121.5050°E）\n任务优先级重要性：高\n具体任务：起飞后沿花木路西侧进行低空飞行，每隔3分钟停靠一次，将快递投放到指定地点。",
        "matches": [
            {
                "content1_para": "无人机快递配送任务执行\n\n执行时间\n：2023年10月25日 08:00 – 10:00\n执行地点\n：上海市浦东新区花木路附近区域\n执行者\n：\nUAV-01\n：负责花木路东侧区域快递配送（坐标：31.2235°N, 121.5067°E）\nUAV-02\n：负责花木路西侧区域快递配送（坐标：31.2225°N, 121.5050°E）\nUAV-03\n：负责花木路中心区域快递配送（坐标：31.2240°N, 121.5045°E）\n任务优先级\n：高（保证快递配送时效性，满足客户需求）\n重要性\n：重要（影响客户满意度与公司形象）\n操作步骤\n：\n无人机起飞与航线规划\n（2023年10月25日 08:00 – 08:15）\nUAV-01\n：从浦东新区快递配送中心起飞（坐标：31.2240°N, 121.5070°E），起飞后沿花木路东侧进行低空飞行。\nUAV-02\n：从浦东新区快递配送中心起飞（坐标：31.2240°N, 121.5070°E），起飞后沿花木路西侧进行低空飞行。\nUAV-03\n：从浦东新区快递配送中心起飞（坐标：31.2240°N, 121.5070°E），起飞后沿花木路中心线进行低空飞行。\n\n无人机快",
                "content1_msg": "无人机名字或代号：UAV-01、UAV-02、UAV-03  \n时间：2023年10月25日 08:00 – 10:00、2023年10月25日 08:00 – 08:15  \n地点：上海市浦东新区花木路附近区域、花木路东侧区域（坐标：31.2235°N, 121.5067°E）、花木路西侧区域（坐标：31.2225°N, 121.5050°E）、花木路中心区域（坐标：31.2240°N, 121.5045°E）、浦东新区快递配送中心（坐标：31.2240°N, 121.5070°E）  \n任务优先级重要性：高、重要  \n任务描述信息：负责花木路东侧区域快递配送、负责花木路西侧区域快递配送、负责花木路中心区域快递配送、从浦东新区快递配送中心起飞后沿花木路东侧/西侧/中心线进行低空飞行",
                "similarity": 0.7795466513956436
            },
            {
                "content1_para": "快递包裹紧急投送任务执行\n\n执行时间\n：2023年10月25日 10:30 – 11:30\n执行地点\n：上海市浦东新区世纪大道附近区域\n执行者\n：\nUAV-01\n：负责世纪大道东侧紧急快递投送（坐标：31.2300°N, 121.5100°E）\nUAV-02\n：负责世纪大道西侧紧急快递投送（坐标：31.2290°N, 121.5090°E）\nUAV-03\n：备用无人机，待命状态\n任务优先级\n：最高（确保紧急快递及时送达）\n重要性\n：极高（影响客户利益与公司信誉）\n操作步骤\n：\n无人机起飞与航线规划\n（2023年10月25日 10:30 – 10:45）\nUAV-01\n：从浦东新区快递配送中心起飞（坐标：31.2240°N, 121.5070°E），直接飞往世纪大道东侧指定投递点。\nUAV-02\n：从浦东新区快递配送中心起飞（坐标：31.2240°N, 121.5070°E），直接飞往世纪大道西侧指定投递点。\nUAV-03\n：保持待命状态，随时准备起飞。\n\n无人机紧急快递投送\n（2023年10月25日 10:45 – 11:20）\nUAV-01\n：按照预定的紧急投送路线，以最快速度将快递投放到指定地点。\nUAV",
                "content1_msg": "无人机名字或代号：UAV-01、UAV-02、UAV-03  \n时间：2023年10月25日 10:30 – 11:30、2023年10月25日 10:30 – 10:45、2023年10月25日 10:45 – 11:20  \n地点：上海市浦东新区世纪大道附近区域、世纪大道东侧（坐标：31.2300°N, 121.5100°E）、世纪大道西侧（坐标：31.2290°N, 121.5090°E）、浦东新区快递配送中心（坐标：31.2240°N, 121.5070°E）  \n任务优先级重要性：最高、极高  \n任务描述信息：负责世纪大道东侧紧急快递投送、负责世纪大道西侧紧急快递投送、备用无人机待命状态、从浦东新区快递配送中心起飞飞往世纪大道东侧指定投递点、从浦东新区快递配送中心起飞飞往世纪大道西侧指定投递点、按照预定的紧急投送路线以最快速度将快递投放到指定地点",
                "similarity": 0.7168947885718442
            }
        ]
    },
    {
        "content2_para": "UAV-03:\n实体关系：花木路中心区域快递配送\n时间：2023年10月25日 08:00 – 10:00\n地点：上海市浦东新区花木路中心区域（31.2240°N, 121.5045°E）\n任务优先级重要性：高\n具体任务：起飞后沿花木路中心线进行低空飞行，每隔2分钟停靠一次，优先配送紧急快递。",
        "matches": [
            {
                "content1_para": "无人机快递配送任务执行\n\n执行时间\n：2023年10月25日 08:00 – 10:00\n执行地点\n：上海市浦东新区花木路附近区域\n执行者\n：\nUAV-01\n：负责花木路东侧区域快递配送（坐标：31.2235°N, 121.5067°E）\nUAV-02\n：负责花木路西侧区域快递配送（坐标：31.2225°N, 121.5050°E）\nUAV-03\n：负责花木路中心区域快递配送（坐标：31.2240°N, 121.5045°E）\n任务优先级\n：高（保证快递配送时效性，满足客户需求）\n重要性\n：重要（影响客户满意度与公司形象）\n操作步骤\n：\n无人机起飞与航线规划\n（2023年10月25日 08:00 – 08:15）\nUAV-01\n：从浦东新区快递配送中心起飞（坐标：31.2240°N, 121.5070°E），起飞后沿花木路东侧进行低空飞行。\nUAV-02\n：从浦东新区快递配送中心起飞（坐标：31.2240°N, 121.5070°E），起飞后沿花木路西侧进行低空飞行。\nUAV-03\n：从浦东新区快递配送中心起飞（坐标：31.2240°N, 121.5070°E），起飞后沿花木路中心线进行低空飞行。\n\n无人机快",
                "content1_msg": "无人机名字或代号：UAV-01、UAV-02、UAV-03  \n时间：2023年10月25日 08:00 – 10:00、2023年10月25日 08:00 – 08:15  \n地点：上海市浦东新区花木路附近区域、花木路东侧区域（坐标：31.2235°N, 121.5067°E）、花木路西侧区域（坐标：31.2225°N, 121.5050°E）、花木路中心区域（坐标：31.2240°N, 121.5045°E）、浦东新区快递配送中心（坐标：31.2240°N, 121.5070°E）  \n任务优先级重要性：高、重要  \n任务描述信息：负责花木路东侧区域快递配送、负责花木路西侧区域快递配送、负责花木路中心区域快递配送、从浦东新区快递配送中心起飞后沿花木路东侧/西侧/中心线进行低空飞行",
                "similarity": 0.790037758975111
            },
            {
                "content1_para": "快递包裹紧急投送任务执行\n\n执行时间\n：2023年10月25日 10:30 – 11:30\n执行地点\n：上海市浦东新区世纪大道附近区域\n执行者\n：\nUAV-01\n：负责世纪大道东侧紧急快递投送（坐标：31.2300°N, 121.5100°E）\nUAV-02\n：负责世纪大道西侧紧急快递投送（坐标：31.2290°N, 121.5090°E）\nUAV-03\n：备用无人机，待命状态\n任务优先级\n：最高（确保紧急快递及时送达）\n重要性\n：极高（影响客户利益与公司信誉）\n操作步骤\n：\n无人机起飞与航线规划\n（2023年10月25日 10:30 – 10:45）\nUAV-01\n：从浦东新区快递配送中心起飞（坐标：31.2240°N, 121.5070°E），直接飞往世纪大道东侧指定投递点。\nUAV-02\n：从浦东新区快递配送中心起飞（坐标：31.2240°N, 121.5070°E），直接飞往世纪大道西侧指定投递点。\nUAV-03\n：保持待命状态，随时准备起飞。\n\n无人机紧急快递投送\n（2023年10月25日 10:45 – 11:20）\nUAV-01\n：按照预定的紧急投送路线，以最快速度将快递投放到指定地点。\nUAV",
                "content1_msg": "无人机名字或代号：UAV-01、UAV-02、UAV-03  \n时间：2023年10月25日 10:30 – 11:30、2023年10月25日 10:30 – 10:45、2023年10月25日 10:45 – 11:20  \n地点：上海市浦东新区世纪大道附近区域、世纪大道东侧（坐标：31.2300°N, 121.5100°E）、世纪大道西侧（坐标：31.2290°N, 121.5090°E）、浦东新区快递配送中心（坐标：31.2240°N, 121.5070°E）  \n任务优先级重要性：最高、极高  \n任务描述信息：负责世纪大道东侧紧急快递投送、负责世纪大道西侧紧急快递投送、备用无人机待命状态、从浦东新区快递配送中心起飞飞往世纪大道东侧指定投递点、从浦东新区快递配送中心起飞飞往世纪大道西侧指定投递点、按照预定的紧急投送路线以最快速度将快递投放到指定地点",
                "similarity": 0.7321279914184456
            }
        ]
    },
    {
        "content2_para": "UAV-01:\n实体关系：世纪大道东侧紧急快递投送\n时间：2023年10月25日 10:30 – 11:30\n地点：上海市浦东新区世纪大道东侧（31.2300°N, 121.5100°E）\n任务优先级重要性：最高\n具体任务：直接飞往世纪大道东侧指定投递点，以最快速度将快递投放到指定地点。",
        "matches": [
            {
                "content1_para": "快递包裹紧急投送任务执行\n\n执行时间\n：2023年10月25日 10:30 – 11:30\n执行地点\n：上海市浦东新区世纪大道附近区域\n执行者\n：\nUAV-01\n：负责世纪大道东侧紧急快递投送（坐标：31.2300°N, 121.5100°E）\nUAV-02\n：负责世纪大道西侧紧急快递投送（坐标：31.2290°N, 121.5090°E）\nUAV-03\n：备用无人机，待命状态\n任务优先级\n：最高（确保紧急快递及时送达）\n重要性\n：极高（影响客户利益与公司信誉）\n操作步骤\n：\n无人机起飞与航线规划\n（2023年10月25日 10:30 – 10:45）\nUAV-01\n：从浦东新区快递配送中心起飞（坐标：31.2240°N, 121.5070°E），直接飞往世纪大道东侧指定投递点。\nUAV-02\n：从浦东新区快递配送中心起飞（坐标：31.2240°N, 121.5070°E），直接飞往世纪大道西侧指定投递点。\nUAV-03\n：保持待命状态，随时准备起飞。\n\n无人机紧急快递投送\n（2023年10月25日 10:45 – 11:20）\nUAV-01\n：按照预定的紧急投送路线，以最快速度将快递投放到指定地点。\nUAV",
                "content1_msg": "无人机名字或代号：UAV-01、UAV-02、UAV-03  \n时间：2023年10月25日 10:30 – 11:30、2023年10月25日 10:30 – 10:45、2023年10月25日 10:45 – 11:20  \n地点：上海市浦东新区世纪大道附近区域、世纪大道东侧（坐标：31.2300°N, 121.5100°E）、世纪大道西侧（坐标：31.2290°N, 121.5090°E）、浦东新区快递配送中心（坐标：31.2240°N, 121.5070°E）  \n任务优先级重要性：最高、极高  \n任务描述信息：负责世纪大道东侧紧急快递投送、负责世纪大道西侧紧急快递投送、备用无人机待命状态、从浦东新区快递配送中心起飞飞往世纪大道东侧指定投递点、从浦东新区快递配送中心起飞飞往世纪大道西侧指定投递点、按照预定的紧急投送路线以最快速度将快递投放到指定地点",
                "similarity": 0.8360198811931014
            },
            {
                "content1_para": "按照预定的紧急投送路线，以最快速度将快递投放到指定地点。\nUAV-02\n：按照预定的紧急投送路线，以最快速度将快递投放到指定地点。\n\n无人机返航与设备检查\n（2023年10月25日 11:20 – 11:30）\nUAV-01、UAV-02\n：在完成紧急投送任务后，按既定航线返航至浦东新区快递配送中心（坐标：31.2240°N, 121.5070°E），飞行高度100m，避开障碍物。\n维护团队\n：对无人机进行快速检查，确保设备状态良好，电量充足。",
                "content1_msg": "无人机名字或代号：UAV-02、UAV-01  \n时间：2023年10月25日 11:20 – 11:30  \n地点：浦东新区快递配送中心（坐标：31.2240°N, 121.5070°E）  \n任务优先级重要性：紧急  \n任务描述信息：按照预定的紧急投送路线，以最快速度将快递投放到指定地点。在完成紧急投送任务后，按既定航线返航至浦东新区快递配送中心，飞行高度100m，避开障碍物。对无人机进行快速检查，确保设备状态良好，电量充足。",
                "similarity": 0.7440136666613719
            }
        ]
    },
    {
        "content2_para": "UAV-02:\n实体关系：世纪大道西侧紧急快递投送\n时间：2023年10月25日 10:30 – 11:30\n地点：上海市浦东新区世纪大道西侧（31.2290°N, 121.5090°E）\n任务优先级重要性：最高\n具体任务：直接飞往世纪大道西侧指定投递点，以最快速度将快递投放到指定地点。",
        "matches": [
            {
                "content1_para": "快递包裹紧急投送任务执行\n\n执行时间\n：2023年10月25日 10:30 – 11:30\n执行地点\n：上海市浦东新区世纪大道附近区域\n执行者\n：\nUAV-01\n：负责世纪大道东侧紧急快递投送（坐标：31.2300°N, 121.5100°E）\nUAV-02\n：负责世纪大道西侧紧急快递投送（坐标：31.2290°N, 121.5090°E）\nUAV-03\n：备用无人机，待命状态\n任务优先级\n：最高（确保紧急快递及时送达）\n重要性\n：极高（影响客户利益与公司信誉）\n操作步骤\n：\n无人机起飞与航线规划\n（2023年10月25日 10:30 – 10:45）\nUAV-01\n：从浦东新区快递配送中心起飞（坐标：31.2240°N, 121.5070°E），直接飞往世纪大道东侧指定投递点。\nUAV-02\n：从浦东新区快递配送中心起飞（坐标：31.2240°N, 121.5070°E），直接飞往世纪大道西侧指定投递点。\nUAV-03\n：保持待命状态，随时准备起飞。\n\n无人机紧急快递投送\n（2023年10月25日 10:45 – 11:20）\nUAV-01\n：按照预定的紧急投送路线，以最快速度将快递投放到指定地点。\nUAV",
                "content1_msg": "无人机名字或代号：UAV-01、UAV-02、UAV-03  \n时间：2023年10月25日 10:30 – 11:30、2023年10月25日 10:30 – 10:45、2023年10月25日 10:45 – 11:20  \n地点：上海市浦东新区世纪大道附近区域、世纪大道东侧（坐标：31.2300°N, 121.5100°E）、世纪大道西侧（坐标：31.2290°N, 121.5090°E）、浦东新区快递配送中心（坐标：31.2240°N, 121.5070°E）  \n任务优先级重要性：最高、极高  \n任务描述信息：负责世纪大道东侧紧急快递投送、负责世纪大道西侧紧急快递投送、备用无人机待命状态、从浦东新区快递配送中心起飞飞往世纪大道东侧指定投递点、从浦东新区快递配送中心起飞飞往世纪大道西侧指定投递点、按照预定的紧急投送路线以最快速度将快递投放到指定地点",
                "similarity": 0.8303291064579742
            },
            {
                "content1_para": "按照预定的紧急投送路线，以最快速度将快递投放到指定地点。\nUAV-02\n：按照预定的紧急投送路线，以最快速度将快递投放到指定地点。\n\n无人机返航与设备检查\n（2023年10月25日 11:20 – 11:30）\nUAV-01、UAV-02\n：在完成紧急投送任务后，按既定航线返航至浦东新区快递配送中心（坐标：31.2240°N, 121.5070°E），飞行高度100m，避开障碍物。\n维护团队\n：对无人机进行快速检查，确保设备状态良好，电量充足。",
                "content1_msg": "无人机名字或代号：UAV-02、UAV-01  \n时间：2023年10月25日 11:20 – 11:30  \n地点：浦东新区快递配送中心（坐标：31.2240°N, 121.5070°E）  \n任务优先级重要性：紧急  \n任务描述信息：按照预定的紧急投送路线，以最快速度将快递投放到指定地点。在完成紧急投送任务后，按既定航线返航至浦东新区快递配送中心，飞行高度100m，避开障碍物。对无人机进行快速检查，确保设备状态良好，电量充足。",
                "similarity": 0.7475431316588119
            }
        ]
    },
    {
        "content2_para": "UAV-03:\n实体关系：备用无人机\n时间：2023年10月25日 10:30 – 11:30\n地点：浦东新区快递配送中心\n任务优先级重要性：极高\n具体任务：保持待命状态，随时准备起飞执行紧急任务。",
        "matches": [
            {
                "content1_para": "快递包裹紧急投送任务执行\n\n执行时间\n：2023年10月25日 10:30 – 11:30\n执行地点\n：上海市浦东新区世纪大道附近区域\n执行者\n：\nUAV-01\n：负责世纪大道东侧紧急快递投送（坐标：31.2300°N, 121.5100°E）\nUAV-02\n：负责世纪大道西侧紧急快递投送（坐标：31.2290°N, 121.5090°E）\nUAV-03\n：备用无人机，待命状态\n任务优先级\n：最高（确保紧急快递及时送达）\n重要性\n：极高（影响客户利益与公司信誉）\n操作步骤\n：\n无人机起飞与航线规划\n（2023年10月25日 10:30 – 10:45）\nUAV-01\n：从浦东新区快递配送中心起飞（坐标：31.2240°N, 121.5070°E），直接飞往世纪大道东侧指定投递点。\nUAV-02\n：从浦东新区快递配送中心起飞（坐标：31.2240°N, 121.5070°E），直接飞往世纪大道西侧指定投递点。\nUAV-03\n：保持待命状态，随时准备起飞。\n\n无人机紧急快递投送\n（2023年10月25日 10:45 – 11:20）\nUAV-01\n：按照预定的紧急投送路线，以最快速度将快递投放到指定地点。\nUAV",
                "content1_msg": "无人机名字或代号：UAV-01、UAV-02、UAV-03  \n时间：2023年10月25日 10:30 – 11:30、2023年10月25日 10:30 – 10:45、2023年10月25日 10:45 – 11:20  \n地点：上海市浦东新区世纪大道附近区域、世纪大道东侧（坐标：31.2300°N, 121.5100°E）、世纪大道西侧（坐标：31.2290°N, 121.5090°E）、浦东新区快递配送中心（坐标：31.2240°N, 121.5070°E）  \n任务优先级重要性：最高、极高  \n任务描述信息：负责世纪大道东侧紧急快递投送、负责世纪大道西侧紧急快递投送、备用无人机待命状态、从浦东新区快递配送中心起飞飞往世纪大道东侧指定投递点、从浦东新区快递配送中心起飞飞往世纪大道西侧指定投递点、按照预定的紧急投送路线以最快速度将快递投放到指定地点",
                "similarity": 0.7836605055302855
            },
            {
                "content1_para": "按照预定的紧急投送路线，以最快速度将快递投放到指定地点。\nUAV-02\n：按照预定的紧急投送路线，以最快速度将快递投放到指定地点。\n\n无人机返航与设备检查\n（2023年10月25日 11:20 – 11:30）\nUAV-01、UAV-02\n：在完成紧急投送任务后，按既定航线返航至浦东新区快递配送中心（坐标：31.2240°N, 121.5070°E），飞行高度100m，避开障碍物。\n维护团队\n：对无人机进行快速检查，确保设备状态良好，电量充足。",
                "content1_msg": "无人机名字或代号：UAV-02、UAV-01  \n时间：2023年10月25日 11:20 – 11:30  \n地点：浦东新区快递配送中心（坐标：31.2240°N, 121.5070°E）  \n任务优先级重要性：紧急  \n任务描述信息：按照预定的紧急投送路线，以最快速度将快递投放到指定地点。在完成紧急投送任务后，按既定航线返航至浦东新区快递配送中心，飞行高度100m，避开障碍物。对无人机进行快速检查，确保设备状态良好，电量充足。",
                "similarity": 0.6949092591461795
            }
        ]
    },
    {
        "content2_para": "UAV-01、UAV-02、UAV-03:\n实体关系：返航与设备检查\n时间：2023年10月25日 09:45 – 10:00（快递配送任务）及 11:20 – 11:30（紧急投送任务）\n地点：浦东新区快递配送中心（31.2240°N, 121.5070°E）\n任务优先级重要性：高\n具体任务：完成任务后返航至快递配送中心，飞行高度100m，避开障碍物。维护团队进行快速检查，确保设备状态良好，电量充足。",
        "matches": [
            {
                "content1_para": "按照预定的紧急投送路线，以最快速度将快递投放到指定地点。\nUAV-02\n：按照预定的紧急投送路线，以最快速度将快递投放到指定地点。\n\n无人机返航与设备检查\n（2023年10月25日 11:20 – 11:30）\nUAV-01、UAV-02\n：在完成紧急投送任务后，按既定航线返航至浦东新区快递配送中心（坐标：31.2240°N, 121.5070°E），飞行高度100m，避开障碍物。\n维护团队\n：对无人机进行快速检查，确保设备状态良好，电量充足。",
                "content1_msg": "无人机名字或代号：UAV-02、UAV-01  \n时间：2023年10月25日 11:20 – 11:30  \n地点：浦东新区快递配送中心（坐标：31.2240°N, 121.5070°E）  \n任务优先级重要性：紧急  \n任务描述信息：按照预定的紧急投送路线，以最快速度将快递投放到指定地点。在完成紧急投送任务后，按既定航线返航至浦东新区快递配送中心，飞行高度100m，避开障碍物。对无人机进行快速检查，确保设备状态良好，电量充足。",
                "similarity": 0.8553095354644918
            },
            {
                "content1_para": "快递包裹紧急投送任务执行\n\n执行时间\n：2023年10月25日 10:30 – 11:30\n执行地点\n：上海市浦东新区世纪大道附近区域\n执行者\n：\nUAV-01\n：负责世纪大道东侧紧急快递投送（坐标：31.2300°N, 121.5100°E）\nUAV-02\n：负责世纪大道西侧紧急快递投送（坐标：31.2290°N, 121.5090°E）\nUAV-03\n：备用无人机，待命状态\n任务优先级\n：最高（确保紧急快递及时送达）\n重要性\n：极高（影响客户利益与公司信誉）\n操作步骤\n：\n无人机起飞与航线规划\n（2023年10月25日 10:30 – 10:45）\nUAV-01\n：从浦东新区快递配送中心起飞（坐标：31.2240°N, 121.5070°E），直接飞往世纪大道东侧指定投递点。\nUAV-02\n：从浦东新区快递配送中心起飞（坐标：31.2240°N, 121.5070°E），直接飞往世纪大道西侧指定投递点。\nUAV-03\n：保持待命状态，随时准备起飞。\n\n无人机紧急快递投送\n（2023年10月25日 10:45 – 11:20）\nUAV-01\n：按照预定的紧急投送路线，以最快速度将快递投放到指定地点。\nUAV",
                "content1_msg": "无人机名字或代号：UAV-01、UAV-02、UAV-03  \n时间：2023年10月25日 10:30 – 11:30、2023年10月25日 10:30 – 10:45、2023年10月25日 10:45 – 11:20  \n地点：上海市浦东新区世纪大道附近区域、世纪大道东侧（坐标：31.2300°N, 121.5100°E）、世纪大道西侧（坐标：31.2290°N, 121.5090°E）、浦东新区快递配送中心（坐标：31.2240°N, 121.5070°E）  \n任务优先级重要性：最高、极高  \n任务描述信息：负责世纪大道东侧紧急快递投送、负责世纪大道西侧紧急快递投送、备用无人机待命状态、从浦东新区快递配送中心起飞飞往世纪大道东侧指定投递点、从浦东新区快递配送中心起飞飞往世纪大道西侧指定投递点、按照预定的紧急投送路线以最快速度将快递投放到指定地点",
                "similarity": 0.8366179768570556
            }
        ]
    }
]