[
    {
        "paragraph": "无人机快递配送任务：城市区域包裹投递\n执行时间\n：2023年11月5日 08:00 – 10:00\n执行地点\n：上海市浦东新区（核心商务区）\n执行者\n：\nUAV-01\n：负责配送至上海市浦东新区第一商业中心\nUAV-02\n：负责配送至上海市浦东新区第二商业中心\nUAV-03\n：备用机，执行故障应急接替与补充配送任务\nUAV-04\n：监控无人机飞行环境与信号中继，确保数据传输稳定\nUAV-05\n：实时监控全程飞行数据，回传至指挥中心，保障任务执行可视化\n任务优先级\n：高（确保包裹在预定时间内送达）\n任务重要性\n：确保客户满意度与商业信誉\n操作步骤\n：\nUAV-01\n于2023年11月5日 08:00在指定起飞点执行系统自检，确保以下核心设备正常：\n导航系统\n（GNSS+RTK，定位精度≤0.5米）\n电池电量\n≥ 95%，确保完成单程配送\nUAV-02\n于2023年11月5日 08:05同步执行设备检查，确认包裹封装完好，完成以下检查：\n货物重量\n与\n平衡校准\n（≤5kg，误差≤0.1kg）\n自动避障模块\n激活，确保飞行途中识别障碍物并规避\nUAV-03\n于2023年11月5日 08:10进行备用检查，确保可随时",
        "key_message": "无人机名字或代号：UAV-01、UAV-02、UAV-03、UAV-04、UAV-05  \n时间：2023年11月5日 08:00 – 10:00、2023年11月5日 08:00、2023年11月5日 08:05、2023年11月5日 08:10  \n地点：上海市浦东新区（核心商务区）、上海市浦东新区第一商业中心、上海市浦东新区第二商业中心  \n任务优先级重要性：高  \n任务描述信息：配送至上海市浦东新区第一商业中心、配送至上海市浦东新区第二商业中心、备用机执行故障应急接替与补充配送任务、监控无人机飞行环境与信号中继确保数据传输稳定、实时监控全程飞行数据回传至指挥中心保障任务执行可视化、执行系统自检（导航系统、电池电量检查）、同步执行设备检查（货物重量与平衡校准、自动避障模块激活）、备用检查确保可随时启用"
    },
    {
        "paragraph": "03\n于2023年11月5日 08:10进行备用检查，确保可随时接管故障任务，主要测试：\n应急切换模块\n，确保接收来自指挥中心的备用飞行指令\n备用航线预设\n，覆盖主航线与替代路径\nUAV-04\n与\nUAV-05\n于2023年11月5日 08:20完成数据链路检查，确保以下监控内容实时回传：\n飞行速度、姿态与航迹偏差（≤1°）\n物资舱温度、货物稳定性与环境变化\n\n————————————————————————————————————————————————————————————————————————————————-",
        "key_message": "无人机名字或代号：UAV-04、UAV-05  \n时间：2023年11月5日 08:10、2023年11月5日 08:20  \n地点：未提及  \n任务优先级重要性：未提及  \n任务描述信息：备用检查，确保可随时接管故障任务；主要测试应急切换模块和备用航线预设；数据链路检查，确保飞行速度、姿态与航迹偏差（≤1°）、物资舱温度、货物稳定性与环境变化的实时回传。"
    },
    {
        "paragraph": "起飞与航线执行\n执行时间\n：2023年11月5日 08:30 – 09:00\n执行地点\n：上海市浦东新区指定起飞点至目标商业中心\n执行者\n：\nUAV-01\n：向上海市浦东新区第一商业中心执行包裹配送任务\nUAV-02\n：向上海市浦东新区第二商业中心执行包裹配送任务\nUAV-04\n：环境监测与导航路径辅助修正\n任务优先级\n：高（确保包裹在预定时间内送达）\n操作步骤\n：\nUAV-01\n于2023年11月5日 08:30起飞，按预设路径以\n60 km/h\n速度前往上海市浦东新区第一商业中心，航线要求：\n飞行高度：150米，避免与城市低空航班冲突\n预计到达时间：08:50，实时报告航迹与设备状态\nUAV-02\n于2023年11月5日 08:40起飞，飞往上海市浦东新区第二商业中心，飞行参数要求：\n高度100米，速度50 km/h，确保高效避障\n抵达目标时间：09:00，进行自动降落与精准投放\nUAV-04\n于2023年11月5日 08:45起飞，沿主航线执行环境监测，实时回传以下数据至指挥中心：\n风速、风向监测（误差≤0.5 m/s）\n突发障碍物检测，若发现异常，向执行无人机发送避障指令\n\n—————————————",
        "key_message": "无人机名字或代号：UAV-01、UAV-02、UAV-04  \n时间：2023年11月5日 08:30 – 09:00、2023年11月5日 08:30、2023年11月5日 08:40、2023年11月5日 08:45  \n地点：上海市浦东新区指定起飞点至目标商业中心、上海市浦东新区第一商业中心、上海市浦东新区第二商业中心  \n任务优先级重要性：高  \n任务描述信息：  \n- UAV-01：按预设路径以60 km/h速度前往上海市浦东新区第一商业中心，飞行高度150米，避免与城市低空航班冲突，预计到达时间08:50，实时报告航迹与设备状态。  \n- UAV-02：飞往上海市浦东新区第二商业中心，高度100米，速度50 km/h，确保高效避障，抵达目标时间09:00，进行自动降落与精准投放。  \n- UAV-04：沿主航线执行环境监测，实时回传风速、风向监测数据（误差≤ 0.5 m/s），突发障碍物检测，若发现异常，向执行无人机发送避障指令。"
    },
    {
        "paragraph": "发现异常，向执行无人机发送避障指令\n\n————————————————————————————————————————————————————————————————————————————————-",
        "key_message": "无人机名字或代号：未提及  \n时间：未提及  \n地点：未提及  \n任务优先级重要性：未提及  \n任务描述信息：发送避障指令"
    },
    {
        "paragraph": "包裹投放与交付确认\n执行时间\n：2023年11月5日 08:50 – 09:10\n执行地点\n：上海市浦东新区第一商业中心、第二商业中心\n执行者\n：\nUAV-01\n：执行包裹投放与交付确认\nUAV-02\n：执行包裹交付并采集目标环境数据\nUAV-05\n：监控投放过程，记录数据并实时上传\n任务优先级\n：高（确保包裹安全无误投放并获得接收反馈）\n操作步骤\n：\nUAV-01\n于2023年11月5日 08:50在上海市浦东新区第一商业中心指定区域悬停，执行以下操作：\n启动\n精准投放系统\n，确认投放高度30米\n投放完成后，接收确认码并向指挥中心回传\nUAV-02\n于2023年11月5日 09:00在上海市浦东新区第二商业中心进行精准投放，完成以下操作：\n采集目标环境数据（风速、障碍物位置）\n确认包裹投放完成，获取商业中心回执并实时上传\n\n————————————————————————————————————————————————————————————————————————————————-",
        "key_message": "无人机名字或代号：UAV-01、UAV-02、UAV-05  \n时间：2023年11月5日 08:50 – 09:10、2023年11月5日 08:50、2023年11月5日 09:00  \n地点：上海市浦东新区第一商业中心、上海市浦东新区第二商业中心  \n任务优先级重要性：高  \n任务描述信息：执行包裹投放与交付确认、执行包裹交付并采集目标环境数据、监控投放过程，记录数据并实时上传、启动精准投放系统，确认投放高度30米，投放完成后接收确认码并向指挥中心回传、采集目标环境数据（风速、障碍物位置），确认包裹投放完成，获取商业中心回执并实时上传"
    },
    {
        "paragraph": "数据回传与应急响应\n执行时间\n：2023年11月5日 09:10 – 09:30\n执行地点\n：全程数据监测与反馈系统\n执行者\n：\nUAV-05\n：实时回传任务执行数据\nUAV-03\n：备用无人机，执行故障接替任务\n任务优先级\n：高（确保全程监控与数据安全回传）\n操作步骤\n：\nUAV-05\n于2023年11月5日 09:10进行数据汇总，实时传输以下信息至指挥中心：\n包裹投放精度（误差≤2米）\n投放完成时间与接收确认码\n若\nUAV-01\n或\nUAV-02\n出现故障，\nUAV-03\n立即执行替代任务，遵循以下流程：\n根据备用航线导航至目标区域，确保包裹在5分钟内完成补投\n\n————————————————————————————————————————————————————————————————————————————————-",
        "key_message": "无人机名字或代号：UAV-05、UAV-03、UAV-01、UAV-02  \n时间：2023年11月5日 09:10 – 09:30、2023年11月5日 09:10  \n地点：全程数据监测与反馈系统  \n任务优先级重要性：高  \n任务描述信息：实时回传任务执行数据、数据汇总并传输至指挥中心（包括包裹投放精度和投放完成时间与接收确认码）、备用无人机执行故障接替任务、根据备用航线导航至目标区域确保包裹补投。"
    },
    {
        "paragraph": "返航与任务总结\n执行时间\n：2023年11月5日 09:30 – 10:00\n执行地点\n：上海市浦东新区指定起飞点\n执行者\n：\nUAV-01、UAV-02、UAV-04\n：执行返航\nUAV-05\n：整理数据并生成任务总结\n任务优先级\n：高（确保数据完整性并安全返航）\n操作步骤\n：\nUAV-01、UAV-02\n于2023年11月5日 09:30按原航线返航，预计10:00抵达。\nUAV-05\n于2023年11月5日 10:00完成以下任务总结：\n配送时间、投放精度、信号稳定性统计\n异常情况分析及改进建议，提交至指挥中心。",
        "key_message": "无人机名字或代号：UAV-01、UAV-02、UAV-04、UAV-05  \n时间：2023年11月5日 09:30 – 10:00、2023年11月5日 09:30、2023年11月5日 10:00  \n地点：上海市浦东新区指定起飞点  \n任务优先级重要性：高  \n任务描述信息：执行返航、整理数据并生成任务总结、按原航线返航、完成配送时间统计、投放精度统计、信号稳定性统计、异常情况分析及改进建议"
    }
]