[
    {
        "paragraph": "灾害救援无人机集群快速部署与侦察\n\n执行时间\n：2023年9月15日 08:00 – 09:30\n执行地点\n：四川省成都市都江堰市青城山镇地震灾区（坐标：31.0218°N, 103.8384°E）\n执行者\n：\nUAV-01至UAV-05\n：无人机集群\n任务优先级\n：极高（时间敏感，需快速响应灾区情况）\n重要性\n：紧急救援，提供实时情报支持\n操作步骤\n：\n侦察与定位\n（2023年9月15日 08:00 – 08:30）\nUAV-01\n：起飞至灾区上空，飞行高度500m，进行全区域侦察，记录灾区整体情况，并在08:05时将初步影像发送至指挥中心。\nUAV-02\n：跟随UAV-01，在同一高度进行辅助侦察，特别关注桥梁、道路和建筑物损毁情况，在08:10时反馈侦察结果。\nUAV-03\n：下降至300m高度，对UAV-01和UAV-02侦察区域进行细节扫描，重点关注人员密集区域，在08:15时发送详细侦察报告。\nUAV-04\n：使用热成像相机，在400m高度对灾区进行温度分布扫描，以识别可能被困人员的热源，在08:20时发送温度分布数据。\nUAV-05\n：搭载声纳设备，在100m高度对水域进行声纳扫描，寻找沉没的船",
        "key_message": "无人机名字或代号：UAV-01、UAV-02、UAV-03、UAV-04、UAV-05  \n时间：2023年9月15日 08:00 – 09:30、2023年9月15日 08:00 – 08:30、08:05、08:10、08:15、08:20  \n地点：四川省成都市都江堰市青城山镇地震灾区（坐标：31.0218°N, 103.8384°E）  \n任务优先级重要性：极高（时间敏感，需快速响应灾区情况）、紧急救援  \n任务描述信息：  \n- UAV-01：起飞至灾区上空，飞行高度500m，进行全区域侦察，记录灾区整体情况，并在08:05时将初步影像发送至指挥中心。  \n- UAV-02：跟随UAV-01，在同一高度进行辅助侦察，特别关注桥梁、道路和建筑物损毁情况，在08:10时反馈侦察结果。  \n- UAV-03：下降至300m高度，对UAV-01和UAV-02侦察区域进行细节扫描，重点关注人员密集区域，在08:15时发送详细侦察报告。  \n- UAV-04：使用热成像相机，在400m高度对灾区进行温度分布扫描，以识别可能被困人员的热源，在08:20时发送温度分布数据。  \n- UAV-05：搭载声纳设备，在100m高度对水域进行声纳扫描，寻找沉没的船。"
    },
    {
        "paragraph": "\n：搭载声纳设备，在100m高度对水域进行声纳扫描，寻找沉没的船只和被困人员，在08:25时发送声纳扫描结果。\n\n救援物资投送准备\n（2023年9月15日 08:30 – 08:45）\nUAV-01\n：根据侦察数据，规划物资投送区域和航线，确保覆盖所有需要救援的区域，在08:35时将投送方案发送至指挥中心。\nUAV-02\n：协助UAV-01，确认投送区域的空域安全，避免其他救援设备干扰，在08:40时确认空域安全。\n\n物资投送执行\n（2023年9月15日 08:45 – 09:30）\nUAV-01\n：携带紧急物资，按照UAV-01规划的航线进行投送，确保物资准确送达指定区域，在08:50至09:20期间完成物资投送。\nUAV-02\n：监控投送过程，确保物资投送安全，并在09:30时汇报物资投送完成情况。\n\n————————————————————————————————————————————————————————————————————————————————-",
        "key_message": "无人机名字或代号：UAV-01、UAV-02  \n时间：2023年9月15日 08:25、2023年9月15日 08:30 – 08:45、2023年9月15日 08:35、2023年9月15日 08:40、2023年9月15日 08:45 – 09:30、2023年9月15日 08:50 – 09:20、2023年9月15日 09:30  \n地点：未提及  \n任务优先级重要性：未提及  \n任务描述信息：搭载声纳设备，在100m高度对水域进行声纳扫描，寻找沉没的船只和被困人员，在08:25时发送声纳扫描结果。根据侦察数据，规划物资投送区域和航线，确保覆盖所有需要救援的区域，在08:35时将投送方案发送至指挥中心。协助UAV-01，确认投送区域的空域安全，避免其他救援设备干扰，在08:40时确认空域安全。携带紧急物资，按照UAV-01规划的航线进行投送，确保物资准确送达指定区域，在08:50至09:20期间完成物资投送。监控投送过程，确保物资投送安全，并在09:30时汇报物资投送完成情况。"
    },
    {
        "paragraph": "灾区通信恢复与实时信息传输\n\n执行时间\n：2023年9月15日 09:30 – 10:30\n执行地点\n：四川省成都市都江堰市青城山镇地震灾区（坐标：31.0218°N, 103.8384°E）\n执行者\n：\nUAV-06至UAV-10\n：无人机集群\n任务优先级\n：高（确保救援指挥与灾区实时沟通）\n重要性\n：救援效率，减少人员伤亡\n操作步骤\n：\n灾区通信网络检查\n（2023年9月15日 09:30 – 09:45）\nUAV-06\n：在灾区上空400m高度，利用通信检测设备扫描灾区通信网络，记录信号强度和覆盖范围，在09:35时发送信号强度报告。\nUAV-07\n：跟随UAV-06，在350m高度进行辅助扫描，特别关注信号弱区域，在09:40时发送信号覆盖分析。\n\n灾区通信恢复\n（2023年9月15日 09:45 – 10:00）\nUAV-08\n：携带便携式通信设备，飞至信号弱区域上空，进行通信设备部署，确保信号覆盖，在09:50至09:55期间完成部署。\nUAV-09\n：在UAV-08部署区域进行信号测试，确保通信稳定，在09:55至10:00期间发送测试结果。\n\n实时信息传输\n（2023年9月15日 10:00 ",
        "key_message": "无人机名字或代号：UAV-06、UAV-07、UAV-08、UAV-09、UAV-10  \n时间：2023年9月15日 09:30 – 10:30、2023年9月15日 09:30 – 09:45、2023年9月15日 09:45 – 10:00、2023年9月15日 10:00、09:35、09:40、09:50、09:55、10:00  \n地点：四川省成都市都江堰市青城山镇地震灾区（坐标：31.0218°N, 103.8384°E）  \n任务优先级重要性：高（确保救援指挥与灾区实时沟通）、救援效率，减少人员伤亡  \n任务描述信息：灾区通信网络检查（UAV-06在灾区上空400m高度扫描通信网络并发送报告，UAV-07辅助扫描信号弱区域并发送分析）、灾区通信恢复（UAV-08部署便携式通信设备，UAV-09测试信号稳定性并发送结果）、实时信息传输（未提及具体细节）"
    },
    {
        "paragraph": "测试结果。\n\n实时信息传输\n（2023年9月15日 10:00 – 10:30）\nUAV-10\n：在灾区上空500m高度，建立临时通信中继站，确保指挥中心与灾区之间实时信息传输，在10:00至10:30期间保持通信中继状态。\n\n————————————————————————————————————————————————————————————————————————————————-",
        "key_message": "无人机名字或代号：UAV-10  \n时间：2023年9月15日 10:00 – 10:30  \n地点：灾区上空500m高度  \n任务优先级重要性：未提及  \n任务描述信息：建立临时通信中继站，确保指挥中心与灾区之间实时信息传输，在10:00至10:30期间保持通信中继状态。"
    },
    {
        "paragraph": "灾区医疗救援物资与伤员定位\n\n执行时间\n：2023年9月15日 10:30 – 11:30\n执行地点\n：四川省成都市都江堰市青城山镇地震灾区（坐标：31.0218°N, 103.8384°E）\n执行者\n：\nUAV-11至UAV-15\n：无人机集群\n任务优先级\n：极高（伤员救治与医疗物资供应至关重要）\n重要性\n：挽救生命，提高救援效率\n操作步骤\n：\n伤员定位与医疗物资需求收集\n（2023年9月15日 10:30 – 10:45）\nUAV-11\n：使用红外热成像相机，在灾区上空500m高度进行伤员定位，记录伤员位置和伤情，在10:35时发送伤员定位信息。\nUAV-12\n：在UAV-11定位区域进行辅助定位，确保所有伤员被识别，在10:40时发送辅助定位结果。\n\n医疗物资投送准备\n（2023年9月15日 10:45 – 11:00）\nUAV-13\n：根据伤员定位信息，规划医疗物资投送区域和航线，确保覆盖所有伤员区域，在10:50时将投送方案发送至指挥中心。\nUAV-14\n：协助UAV-13，确认投送区域的空域安全，避免其他救援设备干扰，在10:55时确认空域安全。\n\n医疗物资投送与伤员转移\n（2023年9月15日 ",
        "key_message": "无人机名字或代号：UAV-11、UAV-12、UAV-13、UAV-14、UAV-15  \n时间：2023年9月15日 10:30 – 11:30、2023年9月15日 10:30 – 10:45、2023年9月15日 10:45 – 11:00、10:35、10:40、10:50、10:55  \n地点：四川省成都市都江堰市青城山镇地震灾区（坐标：31.0218°N, 103.8384°E）  \n任务优先级重要性：极高（伤员救治与医疗物资供应至关重要）  \n任务描述信息：  \n- UAV-11：使用红外热成像相机，在灾区上空500m高度进行伤员定位，记录伤员位置和伤情，在10:35时发送伤员定位信息。  \n- UAV-12：在UAV-11定位区域进行辅助定位，确保所有伤员被识别，在10:40时发送辅助定位结果。  \n- UAV-13：根据伤员定位信息，规划医疗物资投送区域和航线，确保覆盖所有伤员区域，在10:50时将投送方案发送至指挥中心。  \n- UAV-14：协助UAV-13，确认投送区域的空域安全，避免其他救援设备干扰，在10:55时确认空域安全。  \n- 未提及部分后续任务（医疗物资投送与伤员转移）。"
    },
    {
        "paragraph": "认空域安全。\n\n医疗物资投送与伤员转移\n（2023年9月15日 11:00 – 11:30）\nUAV-15\n：携带医疗物资，按照UAV-13规划的航线进行投送，确保物资准确送达指定区域，在11:00至11:25期间完成物资投送。\nUAV-11\n：同时，协助UAV-15，确保伤员得到及时救治和转移，在11:25至11:30期间完成伤员转移。",
        "key_message": "无人机名字或代号：UAV-15、UAV-11  \n时间：2023年9月15日 11:00 – 11:30、2023年9月15日 11:00 – 11:25、2023年9月15日 11:25 – 11:30  \n地点：未提及  \n任务优先级重要性：未提及  \n任务描述信息：UAV-15携带医疗物资，按照UAV-13规划的航线进行投送，确保物资准确送达指定区域；UAV-11协助UAV-15，确保伤员得到及时救治和转移。"
    }
]