[
    {
        "content2_para": "UAV-01:\n实体关系：快递配送\n时间：2025年10月15日 09:00 – 09:30\n地点：上海市浦东新区张江高科技园区A区至B区\n任务优先级重要性：高\n具体任务：从A区起飞，以30 km/h速度飞行至B区指定接收点，交接快递。",
        "matches": [
            {
                "content1_para": "无人机快递配送任务\n执行时间\n：2025年10月15日 09:00 – 11:00\n执行地点\n：上海市浦东新区张江高科技园区内，具体配送区域为张江高科技园区内A区至B区（A区坐标：31.2031°N, 121.5043°E，B区坐标：31.2027°N, 121.5050°E）\n执行者\n：\nUAV-01\n：负责从A区至B区的快递配送任务\nUAV-02\n：备用无人机，随时待命\n任务优先级\n：高（确保快递准时送达，满足客户需求）\n任务重要性\n：重要（快递内容为紧急文件，需尽快送达）\n操作步骤\n：\n无人机起飞与任务分配\n（2025年10月15日 09:00）\nUAV-01\n在A区起飞点起飞，执行以下任务：\n- 起飞时间：09:00\n- 飞行速度：30 km/h\n- 飞行高度：150m\n- 目标坐标：B区接收点坐标\n\n无人机配送任务执行\n（2025年10月15日 09:00 – 09:30）\nUAV-01\n- 到达B区指定接收点：09:00\n- 将快递交给地面工作人员：09:00 – 09:05\n- 确认快递接收无误：09:05 – 09:10\n- 返回A区起飞点：09:10 – 09:30\n\n无人机返航与待命\n（2",
                "content1_msg": "无人机名字或代号：UAV-01、UAV-02  \n时间：2025年10月15日 09:00 – 11:00、2025年10月15日 09:00、2025年10月15日 09:00 – 09:30  \n地点：上海市浦东新区张江高科技园区内，具体配送区域为张江高科技园区内A区至B区（A区坐标：31.2031°N, 121.5043°E，B区坐标：31.2027°N, 121.5050°E）  \n任务优先级重要性：高、重要  \n任务描述信息：  \n- UAV-01从A区起飞点起飞，飞行速度为30 km/h，飞行高度为150m，目标坐标为B区接收点坐标。  \n- UAV-01到达B区指定接收点后将快递交给地面工作人员，并确认快递接收无误。  \n- UAV-01完成任务后返回A区起飞点。  \n- UAV-02作为备用无人机，随时待命。",
                "similarity": 0.9006760486029517
            },
            {
                "content1_para": "A区起飞点：09:10 – 09:30\n\n无人机返航与待命\n（2025年10月15日 09:30）\nUAV-01\n- 返回A区起飞点：09:30\n- 在起飞点待命，准备下一次任务：09:30 – 11:00\n\n备用无人机待命\n（2025年10月15日 09:00 – 11:00）\nUAV-02\n- 在A区起飞点待命，随时准备接替UAV-01的任务：09:00 – 11:00\n\n————————————————————————————————————————————————————————————————————————————————-",
                "content1_msg": "无人机名字或代号：UAV-01、UAV-02  \n时间：2025年10月15日 09:10 – 09:30、2025年10月15日 09:30、2025年10月15日 09:00 – 11:00  \n地点：A区起飞点  \n任务优先级重要性：未提及  \n任务描述信息：返回A区起飞点、在起飞点待命，准备下一次任务、在A区起飞点待命，随时准备接替UAV-01的任务",
                "similarity": 0.8355439543258973
            }
        ]
    },
    {
        "content2_para": "UAV-02:\n实体关系：备用待命\n时间：2025年10月15日 09:00 – 11:00\n地点：上海市浦东新区张江高科技园区A区起飞点\n任务优先级重要性：高\n具体任务：在A区起飞点待命，随时准备接替UAV-01的任务。",
        "matches": [
            {
                "content1_para": "A区起飞点：09:10 – 09:30\n\n无人机返航与待命\n（2025年10月15日 09:30）\nUAV-01\n- 返回A区起飞点：09:30\n- 在起飞点待命，准备下一次任务：09:30 – 11:00\n\n备用无人机待命\n（2025年10月15日 09:00 – 11:00）\nUAV-02\n- 在A区起飞点待命，随时准备接替UAV-01的任务：09:00 – 11:00\n\n————————————————————————————————————————————————————————————————————————————————-",
                "content1_msg": "无人机名字或代号：UAV-01、UAV-02  \n时间：2025年10月15日 09:10 – 09:30、2025年10月15日 09:30、2025年10月15日 09:00 – 11:00  \n地点：A区起飞点  \n任务优先级重要性：未提及  \n任务描述信息：返回A区起飞点、在起飞点待命，准备下一次任务、在A区起飞点待命，随时准备接替UAV-01的任务",
                "similarity": 0.8631187220603116
            },
            {
                "content1_para": "无人机快递配送任务\n执行时间\n：2025年10月15日 09:00 – 11:00\n执行地点\n：上海市浦东新区张江高科技园区内，具体配送区域为张江高科技园区内A区至B区（A区坐标：31.2031°N, 121.5043°E，B区坐标：31.2027°N, 121.5050°E）\n执行者\n：\nUAV-01\n：负责从A区至B区的快递配送任务\nUAV-02\n：备用无人机，随时待命\n任务优先级\n：高（确保快递准时送达，满足客户需求）\n任务重要性\n：重要（快递内容为紧急文件，需尽快送达）\n操作步骤\n：\n无人机起飞与任务分配\n（2025年10月15日 09:00）\nUAV-01\n在A区起飞点起飞，执行以下任务：\n- 起飞时间：09:00\n- 飞行速度：30 km/h\n- 飞行高度：150m\n- 目标坐标：B区接收点坐标\n\n无人机配送任务执行\n（2025年10月15日 09:00 – 09:30）\nUAV-01\n- 到达B区指定接收点：09:00\n- 将快递交给地面工作人员：09:00 – 09:05\n- 确认快递接收无误：09:05 – 09:10\n- 返回A区起飞点：09:10 – 09:30\n\n无人机返航与待命\n（2",
                "content1_msg": "无人机名字或代号：UAV-01、UAV-02  \n时间：2025年10月15日 09:00 – 11:00、2025年10月15日 09:00、2025年10月15日 09:00 – 09:30  \n地点：上海市浦东新区张江高科技园区内，具体配送区域为张江高科技园区内A区至B区（A区坐标：31.2031°N, 121.5043°E，B区坐标：31.2027°N, 121.5050°E）  \n任务优先级重要性：高、重要  \n任务描述信息：  \n- UAV-01从A区起飞点起飞，飞行速度为30 km/h，飞行高度为150m，目标坐标为B区接收点坐标。  \n- UAV-01到达B区指定接收点后将快递交给地面工作人员，并确认快递接收无误。  \n- UAV-01完成任务后返回A区起飞点。  \n- UAV-02作为备用无人机，随时待命。",
                "similarity": 0.7904558123306087
            }
        ]
    },
    {
        "content2_para": "UAV-01:\n实体关系：紧急快递投送\n时间：2025年10月16日 12:00 – 12:30\n地点：上海市浦东新区张江高科技园区C区至D区\n任务优先级重要性：最高\n具体任务：从C区起飞，以40 km/h速度飞行至D区指定接收点，交接紧急快递。",
        "matches": [
            {
                "content1_para": "无人机紧急快递投送任务\n执行时间\n：2025年10月16日 12:00 – 13:30\n执行地点\n：上海市浦东新区张江高科技园区内，具体投送区域为张江高科技园区内C区至D区（C区坐标：31.2025°N, 121.5065°E，D区坐标：31.2020°N, 121.5070°E）\n执行者\n：\nUAV-01\n：负责从C区至D区的紧急快递投送任务\nUAV-02\n：备用无人机，随时待命\n任务优先级\n：最高（快递内容为医疗用品，需立即送达）\n任务重要性\n：极其重要（医疗用品的延误可能危及生命）\n操作步骤\n：\n无人机起飞与任务分配\n（2025年10月16日 12:00）\nUAV-01\n在C区起飞点起飞，执行以下任务：\n- 起飞时间：12:00\n- 飞行速度：40 km/h\n- 飞行高度：200m\n- 目标坐标：D区接收点坐标\n\n无人机紧急投送任务执行\n（2025年10月16日 12:00 – 12:30）\nUAV-01\n- 到达D区指定接收点：12:00\n- 将紧急快递交给地面工作人员：12:00 – 12:05\n- 确认快递接收无误：12:05 – 12:10\n- 返回C区起飞点：12:10 – 12:30\n\n无人",
                "content1_msg": "无人机名字或代号：UAV-01、UAV-02  \n时间：2025年10月16日 12:00 – 13:30、2025年10月16日 12:00、2025年10月16日 12:00 – 12:30  \n地点：上海市浦东新区张江高科技园区内，具体投送区域为张江高科技园区内C区至D区（C区坐标：31.2025°N, 121.5065°E，D区坐标：31.2020°N, 121.5070°E）  \n任务优先级重要性：最高（快递内容为医疗用品，需立即送达）、极其重要（医疗用品的延误可能危及生命）  \n任务描述信息：  \n- UAV-01在C区起飞点起飞，飞行速度40 km/h，飞行高度200m，目标坐标为D区接收点坐标。  \n- 到达D区指定接收点后将紧急快递交给地面工作人员，并确认快递接收无误。  \n- 返回C区起飞点。",
                "similarity": 0.889815519672063
            },
            {
                "content1_para": "2:10\n- 返回C区起飞点：12:10 – 12:30\n\n无人机返航与待命\n（2025年10月16日 12:30）\nUAV-01\n- 返回C区起飞点：12:30\n- 在起飞点待命，准备下一次任务：12:30 – 13:30\n\n备用无人机待命\n（2025年10月16日 12:00 – 13:30）\nUAV-02\n- 在C区起飞点待命，随时准备接替UAV-01的任务：12:00 – 13:30",
                "content1_msg": "无人机名字或代号：UAV-01、UAV-02  \n时间：2025年10月16日 12:10 – 12:30、2025年10月16日 12:30、2025年10月16日 12:00 – 13:30  \n地点：C区起飞点  \n任务优先级重要性：未提及  \n任务描述信息：返回C区起飞点、在起飞点待命，准备下一次任务、在C区起飞点待命，随时准备接替UAV-01的任务",
                "similarity": 0.8031490445205278
            }
        ]
    },
    {
        "content2_para": "UAV-02:\n实体关系：备用待命\n时间：2025年10月16日 12:00 – 13:30\n地点：上海市浦东新区张江高科技园区C区起飞点\n任务优先级重要性：最高\n具体任务：在C区起飞点待命，随时准备接替UAV-01的任务。",
        "matches": [
            {
                "content1_para": "2:10\n- 返回C区起飞点：12:10 – 12:30\n\n无人机返航与待命\n（2025年10月16日 12:30）\nUAV-01\n- 返回C区起飞点：12:30\n- 在起飞点待命，准备下一次任务：12:30 – 13:30\n\n备用无人机待命\n（2025年10月16日 12:00 – 13:30）\nUAV-02\n- 在C区起飞点待命，随时准备接替UAV-01的任务：12:00 – 13:30",
                "content1_msg": "无人机名字或代号：UAV-01、UAV-02  \n时间：2025年10月16日 12:10 – 12:30、2025年10月16日 12:30、2025年10月16日 12:00 – 13:30  \n地点：C区起飞点  \n任务优先级重要性：未提及  \n任务描述信息：返回C区起飞点、在起飞点待命，准备下一次任务、在C区起飞点待命，随时准备接替UAV-01的任务",
                "similarity": 0.8399681391385769
            },
            {
                "content1_para": "无人机紧急快递投送任务\n执行时间\n：2025年10月16日 12:00 – 13:30\n执行地点\n：上海市浦东新区张江高科技园区内，具体投送区域为张江高科技园区内C区至D区（C区坐标：31.2025°N, 121.5065°E，D区坐标：31.2020°N, 121.5070°E）\n执行者\n：\nUAV-01\n：负责从C区至D区的紧急快递投送任务\nUAV-02\n：备用无人机，随时待命\n任务优先级\n：最高（快递内容为医疗用品，需立即送达）\n任务重要性\n：极其重要（医疗用品的延误可能危及生命）\n操作步骤\n：\n无人机起飞与任务分配\n（2025年10月16日 12:00）\nUAV-01\n在C区起飞点起飞，执行以下任务：\n- 起飞时间：12:00\n- 飞行速度：40 km/h\n- 飞行高度：200m\n- 目标坐标：D区接收点坐标\n\n无人机紧急投送任务执行\n（2025年10月16日 12:00 – 12:30）\nUAV-01\n- 到达D区指定接收点：12:00\n- 将紧急快递交给地面工作人员：12:00 – 12:05\n- 确认快递接收无误：12:05 – 12:10\n- 返回C区起飞点：12:10 – 12:30\n\n无人",
                "content1_msg": "无人机名字或代号：UAV-01、UAV-02  \n时间：2025年10月16日 12:00 – 13:30、2025年10月16日 12:00、2025年10月16日 12:00 – 12:30  \n地点：上海市浦东新区张江高科技园区内，具体投送区域为张江高科技园区内C区至D区（C区坐标：31.2025°N, 121.5065°E，D区坐标：31.2020°N, 121.5070°E）  \n任务优先级重要性：最高（快递内容为医疗用品，需立即送达）、极其重要（医疗用品的延误可能危及生命）  \n任务描述信息：  \n- UAV-01在C区起飞点起飞，飞行速度40 km/h，飞行高度200m，目标坐标为D区接收点坐标。  \n- 到达D区指定接收点后将紧急快递交给地面工作人员，并确认快递接收无误。  \n- 返回C区起飞点。",
                "similarity": 0.7894298496873637
            }
        ]
    }
]