[
    {
        "paragraph": "无人机快递配送任务\n\n执行时间：\n2024年11月15日 10:00 – 12:00\n\n执行地点：\n上海市浦东新区某快递中心（坐标：31.2304°N, 121.5044°E）至上海市徐汇区某居民区（坐标：31.2058°N, 121.4323°E）\n\n执行者：\n快递-UAV1\n：负责起飞、导航至居民区\n快递-UAV2\n：负责货物装卸与投递\n快递-UAV3\n：负责实时监控与数据回传\n\n任务优先级：\n高（确保快递准时送达，货物安全）\n\n操作步骤：\n————————————————————————————————————————————————————————————————————————————————-\n\n1.1 快递无人机准备与设备检查\n快递-UAV1\n于2024年11月15日 10:00在快递中心启动自检，确认以下设备状态：\n- 电池电量：≥95%\n- 导航系统：精度≤1米\n- 数据传输系统：无延迟，数据传输速率≥10Mbps\n\n快递-UAV2\n于2024年11月15日 10:05检查货物装载设备，确保货物固定稳固。\n\n快递-UAV3\n于2024年11月15日 10:10完成数据传输系统自检，确保通信链",
        "key_message": "无人机名字或代号：快递-UAV1、快递-UAV2、快递-UAV3  \n时间：2024年11月15日 10:00 – 12:00、2024年11月15日 10:00、2024年11月15日 10:05、2024年11月15日 10:10  \n地点：上海市浦东新区某快递中心（坐标：31.2304°N, 121.5044°E）、上海市徐汇区某居民区（坐标：31.2058°N, 121.4323°E）  \n任务优先级重要性：高  \n任务描述信息：起飞、导航至居民区、货物装卸与投递、实时监控与数据回传、设备检查（自检电池电量、导航系统精度、数据传输系统状态、货物装载设备检查、通信链确保）"
    },
    {
        "paragraph": "024年11月15日 10:10完成数据传输系统自检，确保通信链路稳定。\n\n————————————————————————————————————————————————————————————————————————————————-\n\n1.2 起飞与航路导航\n快递-UAV1\n于2024年11月15日 10:15按指定航线起飞，飞行高度100米，速度20 km/h，前往徐汇区居民区。\n\n快递-UAV2\n于2024年11月15日 10:20在快递中心等待起飞指令。\n\n快递-UAV3\n于2024年11月15日 10:25开始实时监控快递-UAV1的飞行状态和数据传输情况。\n\n————————————————————————————————————————————————————————————————————————————————-\n\n1.3 货物装卸与投递\n快递-UAV1\n于2024年11月15日 10:50到达指定居民区上空，降低飞行高度至30米。\n\n快递-UAV2\n于2024年11月15日 10:55在快递-UAV1下方接取货物，确认货物固定后，进行货物投递。\n\n快递-UAV3\n于2024年11月15",
        "key_message": "无人机名字或代号：快递-UAV1、快递-UAV2、快递-UAV3  \n时间：2024年11月15日 10:10、2024年11月15日 10:15、2024年11月15日 10:20、2024年11月15日 10:25、2024年11月15日 10:50、2024年11月15日 10:55  \n地点：徐汇区居民区、快递中心、指定居民区上空  \n任务优先级重要性：未提及  \n任务描述信息：完成数据传输系统自检，确保通信链路稳定；按指定航线起飞，飞行高度100米，速度20 km/h，前往徐汇区居民区；在快递中心等待起飞指令；开始实时监控快递-UAV1的飞行状态和数据传输情况；降低飞行高度至30米；接取货物，确认货物固定后，进行货物投递。"
    },
    {
        "paragraph": "固定后，进行货物投递。\n\n快递-UAV3\n于2024年11月15日 10:58记录货物投递成功，并将信息实时回传给快递中心。\n\n————————————————————————————————————————————————————————————————————————————————-\n\n1.4 返回与降落在快递中心\n快递-UAV1\n于2024年11月15日 11:00起飞，返回快递中心。\n\n快递-UAV2\n于2024年11月15日 11:05返回快递中心，等待下一次任务。\n\n快递-UAV3\n于2024年11月15日 11:10结束任务，准备下一次监控任务。\n\n————————————————————————————————————————————————————————————————————————————————-",
        "key_message": "无人机名字或代号：快递-UAV3、快递-UAV1、快递-UAV2  \n时间：2024年11月15日 10:58、2024年11月15日 11:00、2024年11月15日 11:05、2024年11月15日 11:10  \n地点：未提及  \n任务优先级重要性：未提及  \n任务描述信息：固定后，进行货物投递；记录货物投递成功，并将信息实时回传给快递中心；起飞，返回快递中心；等待下一次任务；结束任务，准备下一次监控任务。"
    }
]