[
    {
        "paragraph": "UAV-01至UAV-10:\n实体关系：快递配送无人机\n时间：2023年8月15日 09:00 – 17:00\n地点：上海市浦东新区世纪大道与源深路交叉口快递分拣中心\n任务优先级重要性：高（时效性快递配送）\n具体任务：09:00 - 09:10，装载快递包裹，确保不超过最大承重限制。"
    },
    {
        "paragraph": "UAV-01:\n实体关系：配送任务\n时间：2023年8月15日 09:20 – 10:20\n地点：上海市徐汇区虹桥路XX号\n任务优先级重要性：高\n具体任务：配送快递至上海市徐汇区虹桥路XX号。"
    },
    {
        "paragraph": "UAV-02:\n实体关系：配送任务\n时间：2023年8月15日 09:20 – 10:20\n地点：上海市黄浦区南京东路XX号\n任务优先级重要性：高\n具体任务：配送快递至上海市黄浦区南京东路XX号。"
    },
    {
        "paragraph": "UAV-03至UAV-06:\n实体关系：跨区域转运任务\n时间：2023年8月15日 10:20 – 11:20\n地点：上海市青浦区XX路XX号\n任务优先级重要性：高\n具体任务：分别从浦东新区配送至上海市青浦区XX路XX号。"
    },
    {
        "paragraph": "UAV-07:\n实体关系：城区快递配送任务\n时间：2023年8月15日 11:20 – 12:20\n地点：上海市长宁区XX路XX号\n任务优先级重要性：高\n具体任务：配送快递至上海市长宁区XX路XX号。"
    },
    {
        "paragraph": "UAV-08:\n实体关系：城区快递配送任务\n时间：2023年8月15日 11:20 – 12:20\n地点：上海市静安区XX路XX号\n任务优先级重要性：高\n具体任务：配送快递至上海市静安区XX路XX号。"
    },
    {
        "paragraph": "UAV-09与UAV-10:\n实体关系：夜间配送任务\n时间：2023年8月15日 12:20 – 17:00\n地点：上海市普陀区XX路XX号\n任务优先级重要性：高\n具体任务：负责夜间配送至上海市普陀区XX路XX号。"
    },
    {
        "paragraph": "UAV-01至UAV-10:\n实体关系：无人机回收与维护\n时间：2023年8月15日 17:00 – 17:10\n地点：上海市浦东新区世纪大道与源深路交叉口快递分拣中心\n任务优先级重要性：高\n具体任务：完成配送后返回分拣中心，进行设备检查和维护。"
    }
]