[
    {
        "paragraph": "无人机快递配送任务执行\n\n执行时间：\n2023年11月15日 08:00 – 18:00（任务执行时间）\n执行地点：\n上海市浦东新区某物流中心（坐标：31.2304°N, 121.5042°E）\n执行者：\nUAV-01至UAV-10\n任务优先级：\n优先级A（确保快递及时送达，优先处理紧急订单）\n重要性：\n高（快递配送的时效性和准确性对客户体验至关重要）\n\n任务描述：\n无人机集群负责将快递从物流中心配送至上海市浦东新区内的多个指定收件点。\n\n具体实现步骤：\n————————————————————————————————————————————————————————————————————————————————-",
        "key_message": "无人机名字或代号：UAV-01至UAV-10  \n时间：2023年11月15日 08:00 – 18:00  \n地点：上海市浦东新区某物流中心（坐标：31.2304°N, 121.5042°E）、上海市浦东新区内的多个指定收件点  \n任务优先级重要性：优先级A、高  \n任务描述信息：无人机集群负责将快递从物流中心配送至上海市浦东新区内的多个指定收件点。"
    },
    {
        "paragraph": "无人机起飞与路径规划\n执行时间：\n08:00 – 08:15\n执行地点：\n上海市浦东新区某物流中心\n操作步骤：",
        "key_message": "无人机名字或代号：未提及  \n时间：08:00 – 08:15  \n地点：上海市浦东新区某物流中心  \n任务优先级重要性：未提及  \n任务描述信息：无人机起飞与路径规划"
    },
    {
        "paragraph": "UAV-01至UAV-10完成设备检查，确保电量充足、传感器正常。",
        "key_message": "无人机名字或代号：UAV-01、UAV-02、UAV-03、UAV-04、UAV-05、UAV-06、UAV-07、UAV-08、UAV-09、UAV-10  \n时间：未提及  \n地点：未提及  \n任务优先级重要性：未提及  \n任务描述信息：完成设备检查，确保电量充足、传感器正常。"
    },
    {
        "paragraph": "每台无人机进行起飞准备，确认GPS定位准确。",
        "key_message": "无人机名字或代号：未提及  \n时间：未提及  \n地点：未提及  \n任务优先级重要性：未提及  \n任务描述信息：每台无人机进行起飞准备，确认GPS定位准确。"
    },
    {
        "paragraph": "系统规划最优配送路径，考虑时间、距离和交通状况。",
        "key_message": "无人机名字或代号：未提及  \n时间：未提及  \n地点：未提及  \n任务优先级重要性：未提及  \n任务描述信息：系统规划最优配送路径，考虑时间、距离和交通状况。"
    },
    {
        "paragraph": "快递装载与起飞\n执行时间：\n08:15 – 08:30\n执行地点：\n上海市浦东新区某物流中心\n操作步骤：",
        "key_message": "无人机名字或代号：未提及  \n时间：08:15 – 08:30  \n地点：上海市浦东新区某物流中心  \n任务优先级重要性：未提及  \n任务描述信息：快递装载与起飞"
    },
    {
        "paragraph": "每台无人机在指定装载区装载快递包裹。",
        "key_message": "无人机名字或代号：未提及  \n时间：未提及  \n地点：指定装载区  \n优先级重要性：未提及  \n任务描述信息：装载快递包裹"
    },
    {
        "paragraph": "确认包裹重量和尺寸，确保不超过无人机承载能力。",
        "key_message": "无人机名字或代号：未提及  \n时间：未提及  \n地点：未提及  \n任务优先级重要性：未提及  \n任务描述信息：确认包裹重量和尺寸，确保不超过无人机承载能力。"
    },
    {
        "paragraph": "每台无人机起飞，按照预定航线前往第一个收件点。",
        "key_message": "无人机名字或代号：未提及  \n时间：未提及  \n地点：第一个收件点  \n优先级重要性：未提及  \n任务描述信息：起飞，按照预定航线前往"
    },
    {
        "paragraph": "快递配送与路径调整\n执行时间：\n08:30 – 18:00\n执行地点：\n上海市浦东新区各收件点\n操作步骤：",
        "key_message": "无人机名字或代号：未提及  \n时间：08:30 – 18:00  \n地点：上海市浦东新区各收件点  \n任务优先级重要性：未提及  \n任务描述信息：快递配送与路径调整"
    },
    {
        "paragraph": "每台无人机按照规划路径前往下一个收件点。",
        "key_message": "无人机名字或代号：未提及  \n时间：未提及  \n地点：下一个收件点  \n优先级重要性：未提及  \n任务描述信息：按照规划路径前往"
    },
    {
        "paragraph": "在接近收件点时，无人机自动降低高度，确保精准投放。",
        "key_message": "无人机名字或代号：未提及  \n时间：未提及  \n地点：收件点  \n优先级重要性：未提及  \n任务描述信息：自动降低高度，确保精准投放。"
    },
    {
        "paragraph": "每台无人机在配送过程中，实时监控路径，如遇交通拥堵或临时障碍，系统自动调整路径。",
        "key_message": "无人机名字或代号：未提及  \n时间：未提及  \n地点：未提及  \n任务优先级重要性：未提及  \n任务描述信息：实时监控路径，如遇交通拥堵或临时障碍，系统自动调整路径。"
    },
    {
        "paragraph": "快递送达与信息反馈\n执行时间：\n08:30 – 18:00\n执行地点：\n上海市浦东新区各收件点\n操作步骤：",
        "key_message": "无人机名字或代号：未提及  \n时间：08:30 – 18:00  \n地点：上海市浦东新区各收件点  \n任务优先级重要性：未提及  \n任务描述信息：快递送达与信息反馈"
    },
    {
        "paragraph": "每台无人机在到达收件点后，自动释放快递包裹。",
        "key_message": "无人机名字或代号：未提及  \n时间：未提及  \n地点：收件点  \n优先级重要性：未提及  \n任务描述信息：自动释放快递包裹"
    },
    {
        "paragraph": "收件人确认收货后，无人机系统自动记录配送成功信息。",
        "key_message": "无人机名字或代号：未提及  \n时间：未提及  \n地点：未提及  \n任务优先级重要性：未提及  \n任务描述信息：收件人确认收货，系统自动记录配送成功信息。"
    },
    {
        "paragraph": "如收件人未能即时确认收货，系统将通知物流中心进行后续处理。",
        "key_message": "无人机名字或代号：未提及  \n时间：未提及  \n地点：未提及  \n任务优先级重要性：未提及  \n任务描述信息：未提及"
    },
    {
        "paragraph": "任务结束与数据归档\n执行时间：\n18:00 – 18:15\n执行地点：\n上海市浦东新区某物流中心\n操作步骤：",
        "key_message": "无人机名字或代号：未提及  \n时间：18:00 – 18:15  \n地点：上海市浦东新区某物流中心  \n任务优先级重要性：未提及  \n任务描述信息：任务结束与数据归档"
    },
    {
        "paragraph": "每台无人机返回物流中心，进行电量补充和设备检查。",
        "key_message": "无人机名字或代号：未提及  \n时间：未提及  \n地点：物流中心  \n任务优先级重要性：未提及  \n任务描述信息：返回物流中心，进行电量补充和设备检查。"
    },
    {
        "paragraph": "汇总本次任务的数据，包括配送数量、路径用时、客户满意度等。",
        "key_message": "无人机名字或代号：未提及  \n时间：未提及  \n地点：未提及  \n任务优先级重要性：未提及  \n任务描述信息：汇总本次任务的数据，包括配送数量、路径用时、客户满意度等。"
    },
    {
        "paragraph": "将数据加密上传至物流中心数据库，进行归档和分析。\n\n————————————————————————————————————————————————————————————————————————————————-",
        "key_message": "无人机名字或代号：未提及  \n时间：未提及  \n地点：物流中心数据库  \n任务优先级重要性：未提及  \n任务描述信息：将数据加密上传至物流中心数据库，进行归档和分析。"
    },
    {
        "paragraph": "任务完成标准\n配送成功率\n≥98%\n配送时效性\n≤30分钟/单\n客户满意度\n≥90%\n飞行稳定性\n无人机电量消耗≤20%",
        "key_message": "无人机名字或代号：未提及  \n时间：未提及  \n地点：未提及  \n任务优先级重要性：未提及  \n任务描述信息：配送成功率≥98%，配送时效性≤30分钟/单，客户满意度≥90%，飞行稳定性（无人机电量消耗≤20%）"
    }
]