[
    {
        "content2_para": "UAV-21:\n实体关系：快递起点至快递点A\n时间：2025年10月15日 08:00 – 09:00\n地点：北京市中关村核心区至快递点A\n任务优先级重要性：高\n具体任务：08:00进行系统自检，08:15起飞，沿预设航线前往快递点A，飞行高度150米，速度50 km/h，08:30抵达快递点A，交接包裹给UAV-22。",
        "matches": [
            {
                "content1_para": "无人机快递配送任务\n\n执行时间：\n2025年10月15日 08:00 – 10:00\n\n执行地点：\n北京中关村核心区至北京市朝阳区某居民小区\n\n执行者：\nUAV-21：负责快递包裹从起点至快递点A的运送\nUAV-22：负责快递包裹从快递点A至最终收件人的运送\nUAV-23：备用无人机，执行故障应急接替任务\n\n任务优先级：\n高（确保快递在预定时间内送达）\n\n操作步骤：\n\nUAV-21\n- 2025年10月15日 08:00，UAV-21在北京市中关村核心区快递起点进行系统自检，确保以下设备正常：\n  - 导航系统（GNSS+RTK，定位精度≤0.5米）\n  - 电池电量≥ 95%\n- 2025年10月15日 08:15，UAV-21起飞，沿预设航线前往快递点A，飞行高度150米，速度50 km/h。\n- 2025年10月15日 08:30，UAV-21抵达快递点A，将包裹交给UAV-22。\n\nUAV-22\n- 2025年10月15日 08:35，UAV-22在快递点A进行系统自检，确保设备正常：\n  - 导航系统（GNSS+RTK，定位精度≤0.5米）\n  - 电池电量≥ 95%\n- 2025年10月15日 0",
                "content1_msg": "无人机名字或代号：UAV-21、UAV-22、UAV-23  \n时间：2025年10月15日 08:00 – 10:00、2025年10月15日 08:00、2025年10月15日 08:15、2025年10月15日 08:30、2025年10月15日 08:35  \n地点：北京中关村核心区至北京市朝阳区某居民小区、北京市中关村核心区快递起点、快递点A  \n任务优先级重要性：高  \n任务描述信息：  \n- UAV-21在北京市中关村核心区快递起点进行系统自检，确保导航系统和电池正常。  \n- UAV-21起飞，沿预设航线前往快递点A，飞行高度150米，速度50 km/h。  \n- UAV-21抵达快递点A，将包裹交给UAV-22。  \n- UAV-22在快递点A进行系统自检，确保导航系统和电池正常。",
                "similarity": 0.8442116661733888
            },
            {
                "content1_para": "米）\n  - 电池电量≥ 95%\n- 2025年10月15日 08:40，UAV-22起飞，沿预设航线前往北京市朝阳区某居民小区，飞行高度100米，速度40 km/h。\n- 2025年10月15日 09:00，UAV-22抵达目标小区，将包裹交付给收件人。\n\nUAV-23\n- 2025年10月15日 07:45，UAV-23在备用起飞点进行系统自检，确保设备正常：\n  - 导航系统（GNSS+RTK，定位精度≤0.5米）\n  - 电池电量≥ 95%\n- 2025年10月15日 07:55，UAV-23待命，准备随时接管故障任务。\n\n————————————————————————————————————————————————————————————————————————————————-",
                "content1_msg": "无人机名字或代号：UAV-22、UAV-23  \n时间：2025年10月15日 08:40、2025年10月15日 09:00、2025年10月15日 07:45、2025年10月15日 07:55  \n地点：北京市朝阳区某居民小区、备用起飞点  \n任务优先级重要性：未提及  \n任务描述信息：  \n- UAV-22起飞，沿预设航线前往北京市朝阳区某居民小区，飞行高度100米，速度40 km/h。  \n- UAV-22抵达目标小区，将包裹交付给收件人。  \n- UAV-23在备用起飞点进行系统自检，确保设备正常（导航系统GNSS+RTK，定位精度≤0.5米，电池电量≥ 95%）。  \n- UAV-23待命，准备随时接管故障任务。",
                "similarity": 0.7219102880037449
            }
        ]
    },
    {
        "content2_para": "UAV-22:\n实体关系：快递点A至收件人\n时间：2025年10月15日 08:40 – 09:00\n地点：快递点A至北京市朝阳区某居民小区\n任务优先级重要性：高\n具体任务：08:35进行系统自检，08:40起飞，沿预设航线前往目标小区，飞行高度100米，速度40 km/h，09:00抵达目标小区，交付包裹。",
        "matches": [
            {
                "content1_para": "无人机快递配送任务\n\n执行时间：\n2025年10月15日 08:00 – 10:00\n\n执行地点：\n北京中关村核心区至北京市朝阳区某居民小区\n\n执行者：\nUAV-21：负责快递包裹从起点至快递点A的运送\nUAV-22：负责快递包裹从快递点A至最终收件人的运送\nUAV-23：备用无人机，执行故障应急接替任务\n\n任务优先级：\n高（确保快递在预定时间内送达）\n\n操作步骤：\n\nUAV-21\n- 2025年10月15日 08:00，UAV-21在北京市中关村核心区快递起点进行系统自检，确保以下设备正常：\n  - 导航系统（GNSS+RTK，定位精度≤0.5米）\n  - 电池电量≥ 95%\n- 2025年10月15日 08:15，UAV-21起飞，沿预设航线前往快递点A，飞行高度150米，速度50 km/h。\n- 2025年10月15日 08:30，UAV-21抵达快递点A，将包裹交给UAV-22。\n\nUAV-22\n- 2025年10月15日 08:35，UAV-22在快递点A进行系统自检，确保设备正常：\n  - 导航系统（GNSS+RTK，定位精度≤0.5米）\n  - 电池电量≥ 95%\n- 2025年10月15日 0",
                "content1_msg": "无人机名字或代号：UAV-21、UAV-22、UAV-23  \n时间：2025年10月15日 08:00 – 10:00、2025年10月15日 08:00、2025年10月15日 08:15、2025年10月15日 08:30、2025年10月15日 08:35  \n地点：北京中关村核心区至北京市朝阳区某居民小区、北京市中关村核心区快递起点、快递点A  \n任务优先级重要性：高  \n任务描述信息：  \n- UAV-21在北京市中关村核心区快递起点进行系统自检，确保导航系统和电池正常。  \n- UAV-21起飞，沿预设航线前往快递点A，飞行高度150米，速度50 km/h。  \n- UAV-21抵达快递点A，将包裹交给UAV-22。  \n- UAV-22在快递点A进行系统自检，确保导航系统和电池正常。",
                "similarity": 0.7887665761456985
            },
            {
                "content1_para": "米）\n  - 电池电量≥ 95%\n- 2025年10月15日 08:40，UAV-22起飞，沿预设航线前往北京市朝阳区某居民小区，飞行高度100米，速度40 km/h。\n- 2025年10月15日 09:00，UAV-22抵达目标小区，将包裹交付给收件人。\n\nUAV-23\n- 2025年10月15日 07:45，UAV-23在备用起飞点进行系统自检，确保设备正常：\n  - 导航系统（GNSS+RTK，定位精度≤0.5米）\n  - 电池电量≥ 95%\n- 2025年10月15日 07:55，UAV-23待命，准备随时接管故障任务。\n\n————————————————————————————————————————————————————————————————————————————————-",
                "content1_msg": "无人机名字或代号：UAV-22、UAV-23  \n时间：2025年10月15日 08:40、2025年10月15日 09:00、2025年10月15日 07:45、2025年10月15日 07:55  \n地点：北京市朝阳区某居民小区、备用起飞点  \n任务优先级重要性：未提及  \n任务描述信息：  \n- UAV-22起飞，沿预设航线前往北京市朝阳区某居民小区，飞行高度100米，速度40 km/h。  \n- UAV-22抵达目标小区，将包裹交付给收件人。  \n- UAV-23在备用起飞点进行系统自检，确保设备正常（导航系统GNSS+RTK，定位精度≤0.5米，电池电量≥ 95%）。  \n- UAV-23待命，准备随时接管故障任务。",
                "similarity": 0.7690082102633753
            }
        ]
    },
    {
        "content2_para": "UAV-23:\n实体关系：备用无人机\n时间：2025年10月15日 07:45 – 10:00\n地点：备用起飞点\n任务优先级重要性：高\n具体任务：07:45进行系统自检，07:55待命，准备随时接管故障任务。",
        "matches": [
            {
                "content1_para": "米）\n  - 电池电量≥ 95%\n- 2025年10月15日 08:40，UAV-22起飞，沿预设航线前往北京市朝阳区某居民小区，飞行高度100米，速度40 km/h。\n- 2025年10月15日 09:00，UAV-22抵达目标小区，将包裹交付给收件人。\n\nUAV-23\n- 2025年10月15日 07:45，UAV-23在备用起飞点进行系统自检，确保设备正常：\n  - 导航系统（GNSS+RTK，定位精度≤0.5米）\n  - 电池电量≥ 95%\n- 2025年10月15日 07:55，UAV-23待命，准备随时接管故障任务。\n\n————————————————————————————————————————————————————————————————————————————————-",
                "content1_msg": "无人机名字或代号：UAV-22、UAV-23  \n时间：2025年10月15日 08:40、2025年10月15日 09:00、2025年10月15日 07:45、2025年10月15日 07:55  \n地点：北京市朝阳区某居民小区、备用起飞点  \n任务优先级重要性：未提及  \n任务描述信息：  \n- UAV-22起飞，沿预设航线前往北京市朝阳区某居民小区，飞行高度100米，速度40 km/h。  \n- UAV-22抵达目标小区，将包裹交付给收件人。  \n- UAV-23在备用起飞点进行系统自检，确保设备正常（导航系统GNSS+RTK，定位精度≤0.5米，电池电量≥ 95%）。  \n- UAV-23待命，准备随时接管故障任务。",
                "similarity": 0.7731833613677292
            },
            {
                "content1_para": "数据回传与应急响应\n\n执行时间：\n2025年10月15日 09:20 – 10:00\n\n执行地点：\n北京市朝阳区某居民小区及指挥中心\n\n执行者：\nUAV-22、UAV-23\n\n任务优先级：\n高（确保全程监控与数据安全回传）\n\n操作步骤：\n\nUAV-22\n- 2025年10月15日 09:20，UAV-22完成投递确认后，返回起飞点，开始返航。\n- 2025年10月15日 09:30，UAV-22实时回传以下信息至指挥中心：\n  - 投递精度（误差≤2米）\n  - 投递完成时间与接收确认码\n\nUAV-23\n- 2025年10月15日 09:25，UAV-23待命，监控UAV-22返航情况。\n- 2025年10月15日 09:35，若UAV-22出现故障，UAV-23立即接管任务，执行以下操作：\n  - 读取UAV-22的故障信息\n  - 根据备用航线导航至目标小区\n  - 尽快完成包裹的投递\n\n————————————————————————————————————————————————————————————————————————————————-",
                "content1_msg": "无人机名字或代号：UAV-22、UAV-23  \n时间：2025年10月15日 09:20 – 10:00、2025年10月15日 09:20、2025年10月15日 09:30、2025年10月15日 09:25、2025年10月15日 09:35  \n地点：北京市朝阳区某居民小区及指挥中心  \n任务优先级重要性：高（确保全程监控与数据安全回传）  \n任务描述信息：  \n- UAV-22完成投递确认后，返回起飞点，开始返航。  \n- UAV-22实时回传投递精度（误差≤2米）、投递完成时间与接收确认码至指挥中心。  \n- UAV-23待命，监控UAV-22返航情况。  \n- 若UAV-22出现故障，UAV-23立即接管任务，读取UAV-22的故障信息，根据备用航线导航至目标小区，尽快完成包裹的投递。",
                "similarity": 0.6764218787319837
            }
        ]
    },
    {
        "content2_para": "UAV-22:\n实体关系：快递包裹投递确认\n时间：2025年10月15日 09:10 – 09:20\n地点：北京市朝阳区某居民小区\n任务优先级重要性：极高\n具体任务：09:10悬停，启动自动投递系统，确认投递高度50米，投递包裹，等待收件人确认。",
        "matches": [
            {
                "content1_para": "快递包裹投递确认\n\n执行时间：\n2025年10月15日 09:10 – 09:20\n\n执行地点：\n北京市朝阳区某居民小区\n\n执行者：\nUAV-22\n\n任务优先级：\n极高（确保快递包裹安全无误送达）\n\n操作步骤：\n\nUAV-22\n- 2025年10月15日 09:10，UAV-22在目标小区上空悬停，执行以下操作：\n  - 启动自动投递系统\n  - 确认投递高度50米\n  - 投递包裹，并等待收件人确认接收\n- 2025年10月15日 09:15，收件人确认接收包裹，UAV-22记录确认信息，并实时上传至指挥中心。\n\n————————————————————————————————————————————————————————————————————————————————-",
                "content1_msg": "无人机名字或代号：UAV-22  \n时间：2025年10月15日 09:10 – 09:20、2025年10月15日 09:10、2025年10月15日 09:15  \n地点：北京市朝阳区某居民小区  \n任务优先级重要性：极高  \n任务描述信息：在目标小区上空悬停，启动自动投递系统，确认投递高度50米，投递包裹并等待收件人确认接收，记录确认信息并实时上传至指挥中心。",
                "similarity": 0.9072337412478055
            },
            {
                "content1_para": "数据回传与应急响应\n\n执行时间：\n2025年10月15日 09:20 – 10:00\n\n执行地点：\n北京市朝阳区某居民小区及指挥中心\n\n执行者：\nUAV-22、UAV-23\n\n任务优先级：\n高（确保全程监控与数据安全回传）\n\n操作步骤：\n\nUAV-22\n- 2025年10月15日 09:20，UAV-22完成投递确认后，返回起飞点，开始返航。\n- 2025年10月15日 09:30，UAV-22实时回传以下信息至指挥中心：\n  - 投递精度（误差≤2米）\n  - 投递完成时间与接收确认码\n\nUAV-23\n- 2025年10月15日 09:25，UAV-23待命，监控UAV-22返航情况。\n- 2025年10月15日 09:35，若UAV-22出现故障，UAV-23立即接管任务，执行以下操作：\n  - 读取UAV-22的故障信息\n  - 根据备用航线导航至目标小区\n  - 尽快完成包裹的投递\n\n————————————————————————————————————————————————————————————————————————————————-",
                "content1_msg": "无人机名字或代号：UAV-22、UAV-23  \n时间：2025年10月15日 09:20 – 10:00、2025年10月15日 09:20、2025年10月15日 09:30、2025年10月15日 09:25、2025年10月15日 09:35  \n地点：北京市朝阳区某居民小区及指挥中心  \n任务优先级重要性：高（确保全程监控与数据安全回传）  \n任务描述信息：  \n- UAV-22完成投递确认后，返回起飞点，开始返航。  \n- UAV-22实时回传投递精度（误差≤2米）、投递完成时间与接收确认码至指挥中心。  \n- UAV-23待命，监控UAV-22返航情况。  \n- 若UAV-22出现故障，UAV-23立即接管任务，读取UAV-22的故障信息，根据备用航线导航至目标小区，尽快完成包裹的投递。",
                "similarity": 0.7672423660514645
            }
        ]
    },
    {
        "content2_para": "UAV-22 & UAV-23:\n实体关系：数据回传与应急响应\n时间：2025年10月15日 09:20 – 10:00\n地点：北京市朝阳区某居民小区及指挥中心\n任务优先级重要性：高\n具体任务：UAV-22返航，回传投递精度、完成时间与确认码；UAV-23监控UAV-22，若故障则接管任务。",
        "matches": [
            {
                "content1_para": "数据回传与应急响应\n\n执行时间：\n2025年10月15日 09:20 – 10:00\n\n执行地点：\n北京市朝阳区某居民小区及指挥中心\n\n执行者：\nUAV-22、UAV-23\n\n任务优先级：\n高（确保全程监控与数据安全回传）\n\n操作步骤：\n\nUAV-22\n- 2025年10月15日 09:20，UAV-22完成投递确认后，返回起飞点，开始返航。\n- 2025年10月15日 09:30，UAV-22实时回传以下信息至指挥中心：\n  - 投递精度（误差≤2米）\n  - 投递完成时间与接收确认码\n\nUAV-23\n- 2025年10月15日 09:25，UAV-23待命，监控UAV-22返航情况。\n- 2025年10月15日 09:35，若UAV-22出现故障，UAV-23立即接管任务，执行以下操作：\n  - 读取UAV-22的故障信息\n  - 根据备用航线导航至目标小区\n  - 尽快完成包裹的投递\n\n————————————————————————————————————————————————————————————————————————————————-",
                "content1_msg": "无人机名字或代号：UAV-22、UAV-23  \n时间：2025年10月15日 09:20 – 10:00、2025年10月15日 09:20、2025年10月15日 09:30、2025年10月15日 09:25、2025年10月15日 09:35  \n地点：北京市朝阳区某居民小区及指挥中心  \n任务优先级重要性：高（确保全程监控与数据安全回传）  \n任务描述信息：  \n- UAV-22完成投递确认后，返回起飞点，开始返航。  \n- UAV-22实时回传投递精度（误差≤2米）、投递完成时间与接收确认码至指挥中心。  \n- UAV-23待命，监控UAV-22返航情况。  \n- 若UAV-22出现故障，UAV-23立即接管任务，读取UAV-22的故障信息，根据备用航线导航至目标小区，尽快完成包裹的投递。",
                "similarity": 0.8806886287530941
            },
            {
                "content1_para": "返航与任务总结\n\n执行时间：\n2025年10月15日 10:00 – 11:00\n\n执行地点：\n北京市中关村核心区快递起点\n\n执行者：\nUAV-21、UAV-22、UAV-23\n\n任务优先级：\n高（确保数据完整性并安全返航）\n\n操作步骤：\n\nUAV-21\n- 2025年10月15日 10:00，UAV-21完成快递点A的物资交接，开始返航。\n\nUAV-22\n- 2025年10月15日 10:10，UAV-22完成任务后，返回中关村核心区快递起点，结束任务。\n\nUAV-23\n- 2025年10月15日 10:15，UAV-23待命，监控UAV-21返航情况。\n\nUAV-20\n- 2025年10月15日 11:00，UAV-20整理数据并生成任务总结：\n  - 运输时间、投放精度、信号稳定性统计\n  - 异常情况分析及改进建议，提交至指挥中心。",
                "content1_msg": "无人机名字或代号：UAV-21、UAV-22、UAV-23、UAV-20  \n时间：2025年10月15日 10:00 – 11:00、2025年10月15日 10:00、2025年10月15日 10:10、2025年10月15日 10:15、2025年10月15日 11:00  \n地点：北京市中关村核心区快递起点  \n任务优先级重要性：高（确保数据完整性并安全返航）  \n任务描述信息：  \n- UAV-21完成快递点A的物资交接，开始返航。  \n- UAV-22完成任务后，返回中关村核心区快递起点，结束任务。  \n- UAV-23待命，监控UAV-21返航情况。  \n- UAV-20整理数据并生成任务总结，包括运输时间、投放精度、信号稳定性统计，异常情况分析及改进建议，并提交至指挥中心。",
                "similarity": 0.8390904749204882
            }
        ]
    },
    {
        "content2_para": "UAV-21, UAV-22, & UAV-23:\n实体关系：返航与任务总结\n时间：2025年10月15日 10:00 – 11:00\n地点：北京市中关村核心区快递起点\n任务优先级重要性：高\n具体任务：UAV-21返航，UAV-22返回起点结束任务，UAV-23监控UAV-21返航；UAV-20整理数据生成任务总结。",
        "matches": [
            {
                "content1_para": "返航与任务总结\n\n执行时间：\n2025年10月15日 10:00 – 11:00\n\n执行地点：\n北京市中关村核心区快递起点\n\n执行者：\nUAV-21、UAV-22、UAV-23\n\n任务优先级：\n高（确保数据完整性并安全返航）\n\n操作步骤：\n\nUAV-21\n- 2025年10月15日 10:00，UAV-21完成快递点A的物资交接，开始返航。\n\nUAV-22\n- 2025年10月15日 10:10，UAV-22完成任务后，返回中关村核心区快递起点，结束任务。\n\nUAV-23\n- 2025年10月15日 10:15，UAV-23待命，监控UAV-21返航情况。\n\nUAV-20\n- 2025年10月15日 11:00，UAV-20整理数据并生成任务总结：\n  - 运输时间、投放精度、信号稳定性统计\n  - 异常情况分析及改进建议，提交至指挥中心。",
                "content1_msg": "无人机名字或代号：UAV-21、UAV-22、UAV-23、UAV-20  \n时间：2025年10月15日 10:00 – 11:00、2025年10月15日 10:00、2025年10月15日 10:10、2025年10月15日 10:15、2025年10月15日 11:00  \n地点：北京市中关村核心区快递起点  \n任务优先级重要性：高（确保数据完整性并安全返航）  \n任务描述信息：  \n- UAV-21完成快递点A的物资交接，开始返航。  \n- UAV-22完成任务后，返回中关村核心区快递起点，结束任务。  \n- UAV-23待命，监控UAV-21返航情况。  \n- UAV-20整理数据并生成任务总结，包括运输时间、投放精度、信号稳定性统计，异常情况分析及改进建议，并提交至指挥中心。",
                "similarity": 0.9221503916033517
            },
            {
                "content1_para": "数据回传与应急响应\n\n执行时间：\n2025年10月15日 09:20 – 10:00\n\n执行地点：\n北京市朝阳区某居民小区及指挥中心\n\n执行者：\nUAV-22、UAV-23\n\n任务优先级：\n高（确保全程监控与数据安全回传）\n\n操作步骤：\n\nUAV-22\n- 2025年10月15日 09:20，UAV-22完成投递确认后，返回起飞点，开始返航。\n- 2025年10月15日 09:30，UAV-22实时回传以下信息至指挥中心：\n  - 投递精度（误差≤2米）\n  - 投递完成时间与接收确认码\n\nUAV-23\n- 2025年10月15日 09:25，UAV-23待命，监控UAV-22返航情况。\n- 2025年10月15日 09:35，若UAV-22出现故障，UAV-23立即接管任务，执行以下操作：\n  - 读取UAV-22的故障信息\n  - 根据备用航线导航至目标小区\n  - 尽快完成包裹的投递\n\n————————————————————————————————————————————————————————————————————————————————-",
                "content1_msg": "无人机名字或代号：UAV-22、UAV-23  \n时间：2025年10月15日 09:20 – 10:00、2025年10月15日 09:20、2025年10月15日 09:30、2025年10月15日 09:25、2025年10月15日 09:35  \n地点：北京市朝阳区某居民小区及指挥中心  \n任务优先级重要性：高（确保全程监控与数据安全回传）  \n任务描述信息：  \n- UAV-22完成投递确认后，返回起飞点，开始返航。  \n- UAV-22实时回传投递精度（误差≤2米）、投递完成时间与接收确认码至指挥中心。  \n- UAV-23待命，监控UAV-22返航情况。  \n- 若UAV-22出现故障，UAV-23立即接管任务，读取UAV-22的故障信息，根据备用航线导航至目标小区，尽快完成包裹的投递。",
                "similarity": 0.8040690906574197
            }
        ]
    }
]