[
    {
        "paragraph": "灾区无人机集群搜救任务\n\n执行时间：2023年9月5日 08:00 – 16:00\n执行地点：四川省成都市都江堰市虹口镇地震灾区（坐标：30.9873°N, 103.8359°E）\n执行者：\nUAV-01：负责灾区东部区域搜救\nUAV-02：负责灾区中部区域搜救\nUAV-03：负责灾区西部区域搜救\n任务优先级：极高（优先保障受灾群众生命安全）\n操作步骤：\n\n————————————————————————————————————————————————————————————————————————————————-",
        "key_message": "无人机名字或代号：UAV-01、UAV-02、UAV-03  \n时间：2023年9月5日 08:00 – 16:00  \n地点：四川省成都市都江堰市虹口镇地震灾区（坐标：30.9873°N, 103.8359°E）  \n任务优先级重要性：极高（优先保障受灾群众生命安全）  \n任务描述信息：负责灾区东部区域搜救、负责灾区中部区域搜救、负责灾区西部区域搜救"
    },
    {
        "paragraph": "灾区无人机集群搜救任务具体实施步骤\n\n（1）起飞与区域定位（2023年9月5日 08:00 – 08:15）\nUAV-01、UAV-02、UAV-03\n任务描述：无人机在指定起飞点起飞，进行区域定位，确保无人机处于预定搜救区域内。\n操作步骤：\n- UAV-01起飞至高度300m，定位灾区东部区域。\n- UAV-02起飞至高度300m，定位灾区中部区域。\n- UAV-03起飞至高度300m，定位灾区西部区域。\n\n（2）全面搜索（2023年9月5日 08:15 – 10:30）\nUAV-01、UAV-02、UAV-03\n任务描述：无人机在指定区域内进行全面搜索，发现被困人员。\n操作步骤：\n- UAV-01在灾区东部区域执行“网格搜索”，飞行速度10 km/h，飞行高度150m。\n- UAV-02在灾区中部区域执行“网格搜索”，飞行速度10 km/h，飞行高度150m。\n- UAV-03在灾区西部区域执行“网格搜索”，飞行速度10 km/h，飞行高度150m。\n\n（3）精准定位与救援信号传输（2023年9月5日 10:30 – 12:00）\nUAV-01、UAV-02、UAV-03\n任务描述：当发现被困人员时，无人",
        "key_message": "无人机名字或代号：UAV-01、UAV-02、UAV-03  \n时间：2023年9月5日 08:00 – 08:15、2023年9月5日 08:15 – 10:30、2023年9月5日 10:30 – 12:00  \n地点：灾区东部区域、灾区中部区域、灾区西部区域  \n任务优先级重要性：未提及  \n任务描述信息：  \n- 无人机在指定起飞点起飞，进行区域定位，确保无人机处于预定搜救区域内。  \n- UAV-01起飞至高度300m，定位灾区东部区域。  \n- UAV-02起飞至高度300m，定位灾区中部区域。  \n- UAV-03起飞至高度300m，定位灾区西部区域。  \n- 无人机在指定区域内进行全面搜索，发现被困人员。  \n- UAV-01在灾区东部区域执行“网格搜索”，飞行速度10 km/h，飞行高度150m。  \n- UAV-02在灾区中部区域执行“网格搜索”，飞行速度10 km/h，飞行高度150m。  \n- UAV-03在灾区西部区域执行“网格搜索”，飞行速度10 km/h，飞行高度150m。  \n- 当发现被困人员时，无人（任务未完整描述，可能涉及精准定位与救援信号传输）。"
    },
    {
        "paragraph": "1、UAV-02、UAV-03\n任务描述：当发现被困人员时，无人机进行精准定位，并通过救援信号传输设备向地面救援队发送位置信息。\n操作步骤：\n- 当UAV-01发现被困人员时，立即进行精准定位，并通过救援信号传输设备发送位置信息。\n- 当UAV-02发现被困人员时，立即进行精准定位，并通过救援信号传输设备发送位置信息。\n- 当UAV-03发现被困人员时，立即进行精准定位，并通过救援信号传输设备发送位置信息。\n\n（4）地面救援队接应与撤离（2023年9月5日 12:00 – 13:00）\nUAV-01、UAV-02、UAV-03\n任务描述：地面救援队根据无人机提供的位置信息进行接应，并将被困人员撤离灾区。\n操作步骤：\n- 地面救援队根据UAV-01、UAV-02、UAV-03发送的位置信息到达被困人员位置。\n- 地面救援队接应被困人员，并使用救援车辆将其撤离灾区。\n\n（5）数据回传与任务总结（2023年9月5日 13:00 – 13:30）\nUAV-01、UAV-02、UAV-03\n任务描述：无人机将搜救任务数据回传至指挥中心，进行任务总结。\n操作步骤：\n- UAV-01、UAV-02、UAV-03将搜救任务数",
        "key_message": "无人机名字或代号：UAV-01、UAV-02、UAV-03  \n时间：2023年9月5日 12:00 – 13:00、2023年9月5日 13:00 – 13:30  \n地点：未提及  \n任务优先级重要性：未提及  \n任务描述信息：当发现被困人员时，无人机进行精准定位，并通过救援信号传输设备向地面救援队发送位置信息；地面救援队根据无人机提供的位置信息进行接应，并将被困人员撤离灾区；无人机将搜救任务数据回传至指挥中心，进行任务总结。"
    },
    {
        "paragraph": "步骤：\n- UAV-01、UAV-02、UAV-03将搜救任务数据通过5G网络实时传输至指挥中心。\n- 指挥中心对搜救任务数据进行整理与分析，总结搜救成果。\n\n————————————————————————————————————————————————————————————————————————————————-",
        "key_message": "无人机名字或代号：UAV-01、UAV-02、UAV-03  \n时间：未提及  \n地点：未提及  \n任务优先级重要性：未提及  \n任务描述信息：将搜救任务数据通过5G网络实时传输至指挥中心。"
    },
    {
        "paragraph": "目标完成标准\n\n搜救覆盖率：100%，确保灾区每个角落都被搜索。\n被困人员定位准确率：100%，确保所有被困人员都被精准定位。\n救援信号传输成功率：100%，确保所有救援信号都能成功传输。\n地面救援队接应时间：≤30分钟，确保被困人员能尽快得到救援。\n数据回传及时性：100%，确保所有搜救数据都能及时回传至指挥中心。",
        "key_message": "无人机名字或代号：未提及  \n时间：未提及  \n地点：灾区  \n任务优先级重要性：紧急（根据任务内容推测）  \n任务描述信息：搜救覆盖率100%，被困人员定位准确率100%，救援信号传输成功率100%，地面救援队接应时间≤30分钟，数据回传及时性100%"
    }
]