[
    {
        "paragraph": "无人机快递配送任务\n\n执行时间：\n2025年5月15日 14:00 – 16:00\n\n执行地点：\n北京朝阳区物流配送中心（坐标：39.9203°N, 116.4551°E）\n\n执行者：\nUAV-1：负责配送快递至北京市海淀区某居民区\nUAV-2：负责配送快递至北京市朝阳区某商业区\nUAV-3：备用机，执行故障应急接替与补充运输任务\nUAV-4：实时监控全程飞行数据，回传至指挥中心，保障任务执行可视化\n\n任务优先级：\n高（确保快递在指定时间内送达）\n\n操作步骤：\n\nUAV-1\n于2025年5月15日 14:00在物流配送中心执行系统自检，确保以下核心设备正常：\n- 电池电量 ≥ 85%，确保完成单程+应急返航\n- 导航系统（GNSS+RTK，定位精度≤0.5米）\n- 自动避障模块激活，确保飞行途中识别障碍物并规避\n\nUAV-2\n于2025年5月15日 14:05同步执行设备检查，确认快递封装完好，完成以下检查：\n- 快递重量 ≤ 2kg，误差≤0.1kg\n- 温控系统（如需，保持货物温度）\n\nUAV-3\n于2025年5月15日 14:10进行备用检查，确保可随时接管故障任务，主要测试：\n- 应急切换模块，确保接",
        "key_message": "无人机名字或代号：UAV-1、UAV-2、UAV-3、UAV-4  \n时间：2025年5月15日 14:00 – 16:00、2025年5月15日 14:00、2025年5月15日 14:05、2025年5月15日 14:10  \n地点：北京朝阳区物流配送中心（坐标：39.9203°N, 116.4551°E）、北京市海淀区某居民区、北京市朝阳区某商业区  \n任务优先级重要性：高  \n任务描述信息：配送快递至北京市海淀区某居民区、配送快递至北京市朝阳区某商业区、备用机执行故障应急接替与补充运输任务、实时监控全程飞行数据回传至指挥中心保障任务执行可视化、执行系统自检、同步执行设备检查确认快递封装完好、进行备用检查确保可随时接管故障任务"
    },
    {
        "paragraph": "查，确保可随时接管故障任务，主要测试：\n- 应急切换模块，确保接收来自指挥中心的备用飞行指令\n- 备用航线预设，覆盖主航线与替代路径\n\nUAV-4\n于2025年5月15日 14:15完成数据链路检查，确保以下监控内容实时回传：\n- 飞行速度、姿态与航迹偏差（≤1°）\n- 物资舱温度、货物稳定性与环境变化\n\n————————————————————————————————————————————————————————————————————————————————-",
        "key_message": "无人机名字或代号：UAV-4  \n时间：2025年5月15日 14:15  \n地点：未提及  \n任务优先级重要性：未提及  \n任务描述信息：完成数据链路检查，确保飞行速度、姿态与航迹偏差（≤1°）、物资舱温度、货物稳定性与环境变化的实时回传；测试应急切换模块以接收来自指挥中心的备用飞行指令，以及备用航线预设覆盖主航线与替代路径。"
    },
    {
        "paragraph": "起飞与航线执行\n\n执行时间：\n2025年5月15日 14:30 – 14:40\n\n执行地点：\n北京朝阳区物流配送中心至目标区域\n\n执行者：\nUAV-1\nUAV-2\nUAV-19\n\n任务优先级：\n高（确保快递在指定时间内送达）\n\n操作步骤：\n\nUAV-1\n于2025年5月15日 14:30起飞，按预设路径以\n50 km/h\n速度前往北京市海淀区某居民区，航线要求：\n- 飞行高度：100米，避免与城市低空航班冲突\n- 预计到达时间：14:35，实时报告航迹与设备状态\n\nUAV-2\n于2025年5月15日 14:35起飞，飞往北京市朝阳区某商业区，飞行参数要求：\n- 高度80米，速度40 km/h，确保高效避障\n- 抵达目标时间：14:40，进行自动降落与精准投放\n\nUAV-19\n于2025年5月15日 14:38起飞，沿主航线执行环境监测，实时回传以下数据至指挥中心：\n- 风速、风向监测（误差≤0.5 m/s）\n- 突发障碍物检测，若发现异常，向执行无人机发送避障指令\n\n————————————————————————————————————————————————————————————————————————",
        "key_message": "无人机名字或代号：UAV-1、UAV-2、UAV-19  \n时间：2025年5月15日 14:30 – 14:40、2025年5月15日 14:30、2025年5月15日 14:35、2025年5月15日 14:38  \n地点：北京朝阳区物流配送中心至目标区域、北京市海淀区某居民区、北京市朝阳区某商业区  \n任务优先级重要性：高（确保快递在指定时间内送达）  \n任务描述信息：  \n- UAV-1：起飞，按预设路径以50 km/h速度前往北京市海淀区某居民区，飞行高度100米，预计到达时间14:35，实时报告航迹与设备状态。  \n- UAV-2：于14:35起飞，飞往北京市朝阳区某商业区，高度80米，速度40 km/h，抵达目标时间14:40，进行自动降落与精准投放。  \n- UAV-19：于14:38起飞，沿主航线执行环境监测，实时回传风速、风向监测数据（误差≤ 0.5 m/s）和突发障碍物检测信息，若发现异常，向执行无人机发送避障指令。"
    },
    {
        "paragraph": "————————————————————————————————————————-",
        "key_message": "无人机名字或代号：未提及  \n时间：未提及  \n地点：未提及  \n任务优先级重要性：未提及  \n任务描述信息：未提及"
    },
    {
        "paragraph": "快递投放与交付确认\n\n执行时间：\n2025年5月15日 14:40 – 14:50\n\n执行地点：\n北京市海淀区某居民区、北京市朝阳区某商业区\n\n执行者：\nUAV-1\nUAV-2\nUAV-4\n\n任务优先级：\n高（确保快递安全无误投放并获得接收反馈）\n\n操作步骤：\n\nUAV-1\n于2025年5月15日 14:40在指定平台悬停，执行以下操作：\n- 启动精准投放系统，确认投放高度50米\n- 投放完成后，接收居民区确认码并向指挥中心回传\n\nUAV-2\n于2025年5月15日 14:45在商业区进行精准投放，完成以下操作：\n- 采集目标环境数据（风速、障碍物位置）\n- 确认快递投放完成，获取商业区回执并实时上传\n\nUAV-4\n于2025年5月15日 14:48监控投放过程，记录数据并实时上传\n\n————————————————————————————————————————————————————————————————————————————————-",
        "key_message": "无人机名字或代号：UAV-1、UAV-2、UAV-4  \n时间：2025年5月15日 14:40 – 14:50、2025年5月15日 14:40、2025年5月15日 14:45、2025年5月15日 14:48  \n地点：北京市海淀区某居民区、北京市朝阳区某商业区  \n任务优先级重要性：高  \n任务描述信息：  \n- UAV-1：于指定平台悬停，启动精准投放系统，确认投放高度50米，投放完成后接收居民区确认码并向指挥中心回传  \n- UAV-2：在商业区进行精准投放，采集目标环境数据（风速、障碍物位置），确认快递投放完成，获取商业区回执并实时上传  \n- UAV-4：监控投放过程，记录数据并实时上传"
    },
    {
        "paragraph": "数据回传与应急响应\n\n执行时间：\n2025年5月15日 14:50 – 15:00\n\n执行地点：\n全程数据监测与反馈系统\n\n执行者：\nUAV-4\nUAV-3\n\n任务优先级：\n高（确保全程监控与数据安全回传）\n\n操作步骤：\n\nUAV-4\n于2025年5月15日 14:50进行数据汇总，实时传输以下信息至指挥中心：\n- 快递投放精度（误差≤2米）\n- 投放完成时间与接收确认码\n\n若\nUAV-1\n或\nUAV-2\n出现故障，\nUAV-3\n立即执行替代任务，遵循以下流程：\n- 根据备用航线导航至目标区域，确保快递在5分钟内完成补投\n\n————————————————————————————————————————————————————————————————————————————————-",
        "key_message": "无人机名字或代号：UAV-4、UAV-3、UAV-1、UAV-2  \n时间：2025年5月15日 14:50 – 15:00、2025年5月15日 14:50  \n地点：全程数据监测与反馈系统  \n任务优先级重要性：高（确保全程监控与数据安全回传）  \n任务描述信息：  \n- UAV-4进行数据汇总，实时传输快递投放精度（误差≤2米）、投放完成时间与接收确认码至指挥中心。  \n- 若UAV-1或UAV-2出现故障，UAV-3根据备用航线导航至目标区域，确保快递在5分钟内完成补投。"
    },
    {
        "paragraph": "返航与任务总结\n\n执行时间：\n2025年5月15日 15:00 – 16:00\n\n执行地点：\n北京朝阳区物流配送中心\n\n执行者：\nUAV-1、UAV-2、UAV-19\nUAV-4\n\n任务优先级：\n中（确保数据完整性并安全返航）\n\n操作步骤：\n\nUAV-1、UAV-2\n于2025年5月15日 15:00按原航线返航，预计15:10抵达。\n\nUAV-4\n于2025年5月15日 16:00完成以下任务总结：\n- 运输时间、投放精度、信号稳定性统计\n- 异常情况分析及改进建议，提交至指挥中心。",
        "key_message": "无人机名字或代号：UAV-1、UAV-2、UAV-19、UAV-4  \n时间：2025年5月15日 15:00 – 16:00、2025年5月15日 15:00、2025年5月15日 16:00  \n地点：北京朝阳区物流配送中心  \n任务优先级重要性：中  \n任务描述信息：UAV-1、UAV-2按原航线返航，预计15:10抵达；UAV-4完成运输时间、投放精度、信号稳定性统计及异常情况分析并提交至指挥中心。"
    }
]