[
    {
        "content2_para": "UAV-01:\n实体关系：北部高空侦察\n时间：2023年9月15日 10:00\n地点：辽宁省大连市金州区受灾地区（38.9102°N, 121.5981°E）\n任务优先级重要性：紧急-极高\n具体任务：完成设备自检，确保GPS定位精度≤10米，高清摄像头分辨率≥1080p，生命探测仪功能正常，电池电量≥80%，航线无重叠。",
        "matches": [
            {
                "content1_para": "无人机集群灾后搜索与救援任务\n\n执行时间\n：2023年9月15日 10:00 – 16:00\n执行地点\n：辽宁省大连市金州区某受灾地区（坐标：38.9102°N, 121.5981°E）\n执行者\n：\nUAV-01\n：负责受灾区域北部的高空侦察\nUAV-02\n：负责受灾区域南部的低空搜索\nUAV-03\n：负责受灾区域西部的高空侦察\nUAV-04\n：负责受灾区域东部的低空搜索\n任务优先级\n：紧急（确保救援队伍快速定位被困人员）\n重要性\n：极高（时间紧迫，需立即执行）\n操作步骤\n：\nUAV-01、UAV-02、UAV-03、UAV-04\n于2023年9月15日10:00在无人机起飞点完成设备自检，确保以下系统正常：\nGPS定位系统\n（GNSS，定位精度≤10米，确保准确导航）\n高清摄像头\n（分辨率≥1080p，确保清晰捕捉地面细节）\n生命探测仪\n（可检测人体红外辐射，用于搜索被困者）\n电池电量检查：确保每架无人机电池电量≥80%，保障至少1小时搜索时间。\n路径规划检查：每架无人机独立覆盖不同区域，确保航线无重叠、无遗漏。\n\n——————————————————————————————————————————————",
                "content1_msg": "无人机名字或代号：UAV-01、UAV-02、UAV-03、UAV-04  \n时间：2023年9月15日 10:00 – 16:00、2023年9月15日 10:00  \n地点：辽宁省大连市金州区某受灾地区（坐标：38.9102°N, 121.5981°E）  \n任务优先级重要性：紧急、极高  \n任务描述信息：负责受灾区域北部的高空侦察、负责受灾区域南部的低空搜索、负责受灾区域西部的高空侦察、负责受灾区域东部的低空搜索、完成设备自检（GPS定位系统、高清摄像头、生命探测仪）、确保电池电量≥80%、路径规划检查（独立覆盖不同区域，航线无重叠、无遗漏）。",
                "similarity": 0.769149807489794
            },
            {
                "content1_para": "数据回传与实时监测\n\n执行时间\n：2023年9月15日 12:00 – 13:00\n执行地点\n：无人机指挥中心（坐标：38.9123°N, 121.6000°E）\n执行者\n：\nUAV-01、UAV-02、UAV-03、UAV-04\n：图像数据回传与分析\n指挥中心人员\n：实时监控无人机搜索进度与生命探测数据\n任务优先级\n：紧急（确保救援行动的实时性与准确性）\n操作步骤\n：\nUAV-01、UAV-02、UAV-03、UAV-04\n通过4G通信模块实时回传高清图像和生命探测数据，确保延迟≤5秒。\n指挥中心人员实时分析图像和生命探测数据，识别可能的被困者位置。\n\n————————————————————————————————————————————————————————————————————————————————-",
                "content1_msg": "无人机名字或代号：UAV-01、UAV-02、UAV-03、UAV-04  \n时间：2023年9月15日 12:00 – 13:00  \n地点：无人机指挥中心（坐标：38.9123°N, 121.6000°E）  \n任务优先级重要性：紧急  \n任务描述信息：UAV-01、UAV-02、UAV-03、UAV-04通过4G通信模块实时回传高清图像和生命探测数据，确保延迟≤5秒；指挥中心人员实时分析图像和生命探测数据，识别可能的被困者位置。",
                "similarity": 0.7233904686315318
            }
        ]
    },
    {
        "content2_para": "UAV-02:\n实体关系：南部低空搜索\n时间：2023年9月15日 10:15\n地点：辽宁省大连市金州区受灾地区（38.9102°N, 121.5981°E）\n任务优先级重要性：紧急-极高\n具体任务：完成设备自检，确保GPS定位精度≤10米，高清摄像头分辨率≥1080p，生命探测仪功能正常，电池电量≥80%，航线无重叠。",
        "matches": [
            {
                "content1_para": "无人机集群灾后搜索与救援任务\n\n执行时间\n：2023年9月15日 10:00 – 16:00\n执行地点\n：辽宁省大连市金州区某受灾地区（坐标：38.9102°N, 121.5981°E）\n执行者\n：\nUAV-01\n：负责受灾区域北部的高空侦察\nUAV-02\n：负责受灾区域南部的低空搜索\nUAV-03\n：负责受灾区域西部的高空侦察\nUAV-04\n：负责受灾区域东部的低空搜索\n任务优先级\n：紧急（确保救援队伍快速定位被困人员）\n重要性\n：极高（时间紧迫，需立即执行）\n操作步骤\n：\nUAV-01、UAV-02、UAV-03、UAV-04\n于2023年9月15日10:00在无人机起飞点完成设备自检，确保以下系统正常：\nGPS定位系统\n（GNSS，定位精度≤10米，确保准确导航）\n高清摄像头\n（分辨率≥1080p，确保清晰捕捉地面细节）\n生命探测仪\n（可检测人体红外辐射，用于搜索被困者）\n电池电量检查：确保每架无人机电池电量≥80%，保障至少1小时搜索时间。\n路径规划检查：每架无人机独立覆盖不同区域，确保航线无重叠、无遗漏。\n\n——————————————————————————————————————————————",
                "content1_msg": "无人机名字或代号：UAV-01、UAV-02、UAV-03、UAV-04  \n时间：2023年9月15日 10:00 – 16:00、2023年9月15日 10:00  \n地点：辽宁省大连市金州区某受灾地区（坐标：38.9102°N, 121.5981°E）  \n任务优先级重要性：紧急、极高  \n任务描述信息：负责受灾区域北部的高空侦察、负责受灾区域南部的低空搜索、负责受灾区域西部的高空侦察、负责受灾区域东部的低空搜索、完成设备自检（GPS定位系统、高清摄像头、生命探测仪）、确保电池电量≥80%、路径规划检查（独立覆盖不同区域，航线无重叠、无遗漏）。",
                "similarity": 0.7620635311992979
            },
            {
                "content1_para": "数据回传与实时监测\n\n执行时间\n：2023年9月15日 12:00 – 13:00\n执行地点\n：无人机指挥中心（坐标：38.9123°N, 121.6000°E）\n执行者\n：\nUAV-01、UAV-02、UAV-03、UAV-04\n：图像数据回传与分析\n指挥中心人员\n：实时监控无人机搜索进度与生命探测数据\n任务优先级\n：紧急（确保救援行动的实时性与准确性）\n操作步骤\n：\nUAV-01、UAV-02、UAV-03、UAV-04\n通过4G通信模块实时回传高清图像和生命探测数据，确保延迟≤5秒。\n指挥中心人员实时分析图像和生命探测数据，识别可能的被困者位置。\n\n————————————————————————————————————————————————————————————————————————————————-",
                "content1_msg": "无人机名字或代号：UAV-01、UAV-02、UAV-03、UAV-04  \n时间：2023年9月15日 12:00 – 13:00  \n地点：无人机指挥中心（坐标：38.9123°N, 121.6000°E）  \n任务优先级重要性：紧急  \n任务描述信息：UAV-01、UAV-02、UAV-03、UAV-04通过4G通信模块实时回传高清图像和生命探测数据，确保延迟≤5秒；指挥中心人员实时分析图像和生命探测数据，识别可能的被困者位置。",
                "similarity": 0.7153664776851081
            }
        ]
    },
    {
        "content2_para": "UAV-03:\n实体关系：西部高空侦察\n时间：2023年9月15日 10:30\n地点：辽宁省大连市金州区受灾地区（38.9102°N, 121.5981°E）\n任务优先级重要性：紧急-极高\n具体任务：完成设备自检，确保GPS定位精度≤10米，高清摄像头分辨率≥1080p，生命探测仪功能正常，电池电量≥80%，航线无重叠。",
        "matches": [
            {
                "content1_para": "无人机集群灾后搜索与救援任务\n\n执行时间\n：2023年9月15日 10:00 – 16:00\n执行地点\n：辽宁省大连市金州区某受灾地区（坐标：38.9102°N, 121.5981°E）\n执行者\n：\nUAV-01\n：负责受灾区域北部的高空侦察\nUAV-02\n：负责受灾区域南部的低空搜索\nUAV-03\n：负责受灾区域西部的高空侦察\nUAV-04\n：负责受灾区域东部的低空搜索\n任务优先级\n：紧急（确保救援队伍快速定位被困人员）\n重要性\n：极高（时间紧迫，需立即执行）\n操作步骤\n：\nUAV-01、UAV-02、UAV-03、UAV-04\n于2023年9月15日10:00在无人机起飞点完成设备自检，确保以下系统正常：\nGPS定位系统\n（GNSS，定位精度≤10米，确保准确导航）\n高清摄像头\n（分辨率≥1080p，确保清晰捕捉地面细节）\n生命探测仪\n（可检测人体红外辐射，用于搜索被困者）\n电池电量检查：确保每架无人机电池电量≥80%，保障至少1小时搜索时间。\n路径规划检查：每架无人机独立覆盖不同区域，确保航线无重叠、无遗漏。\n\n——————————————————————————————————————————————",
                "content1_msg": "无人机名字或代号：UAV-01、UAV-02、UAV-03、UAV-04  \n时间：2023年9月15日 10:00 – 16:00、2023年9月15日 10:00  \n地点：辽宁省大连市金州区某受灾地区（坐标：38.9102°N, 121.5981°E）  \n任务优先级重要性：紧急、极高  \n任务描述信息：负责受灾区域北部的高空侦察、负责受灾区域南部的低空搜索、负责受灾区域西部的高空侦察、负责受灾区域东部的低空搜索、完成设备自检（GPS定位系统、高清摄像头、生命探测仪）、确保电池电量≥80%、路径规划检查（独立覆盖不同区域，航线无重叠、无遗漏）。",
                "similarity": 0.7653553019573636
            },
            {
                "content1_para": "数据回传与实时监测\n\n执行时间\n：2023年9月15日 12:00 – 13:00\n执行地点\n：无人机指挥中心（坐标：38.9123°N, 121.6000°E）\n执行者\n：\nUAV-01、UAV-02、UAV-03、UAV-04\n：图像数据回传与分析\n指挥中心人员\n：实时监控无人机搜索进度与生命探测数据\n任务优先级\n：紧急（确保救援行动的实时性与准确性）\n操作步骤\n：\nUAV-01、UAV-02、UAV-03、UAV-04\n通过4G通信模块实时回传高清图像和生命探测数据，确保延迟≤5秒。\n指挥中心人员实时分析图像和生命探测数据，识别可能的被困者位置。\n\n————————————————————————————————————————————————————————————————————————————————-",
                "content1_msg": "无人机名字或代号：UAV-01、UAV-02、UAV-03、UAV-04  \n时间：2023年9月15日 12:00 – 13:00  \n地点：无人机指挥中心（坐标：38.9123°N, 121.6000°E）  \n任务优先级重要性：紧急  \n任务描述信息：UAV-01、UAV-02、UAV-03、UAV-04通过4G通信模块实时回传高清图像和生命探测数据，确保延迟≤5秒；指挥中心人员实时分析图像和生命探测数据，识别可能的被困者位置。",
                "similarity": 0.7161369738875716
            }
        ]
    },
    {
        "content2_para": "UAV-04:\n实体关系：东部低空搜索\n时间：2023年9月15日 10:45\n地点：辽宁省大连市金州区受灾地区（38.9102°N, 121.5981°E）\n任务优先级重要性：紧急-极高\n具体任务：完成设备自检，确保GPS定位精度≤10米，高清摄像头分辨率≥1080p，生命探测仪功能正常，电池电量≥80%，航线无重叠。",
        "matches": [
            {
                "content1_para": "无人机集群灾后搜索与救援任务\n\n执行时间\n：2023年9月15日 10:00 – 16:00\n执行地点\n：辽宁省大连市金州区某受灾地区（坐标：38.9102°N, 121.5981°E）\n执行者\n：\nUAV-01\n：负责受灾区域北部的高空侦察\nUAV-02\n：负责受灾区域南部的低空搜索\nUAV-03\n：负责受灾区域西部的高空侦察\nUAV-04\n：负责受灾区域东部的低空搜索\n任务优先级\n：紧急（确保救援队伍快速定位被困人员）\n重要性\n：极高（时间紧迫，需立即执行）\n操作步骤\n：\nUAV-01、UAV-02、UAV-03、UAV-04\n于2023年9月15日10:00在无人机起飞点完成设备自检，确保以下系统正常：\nGPS定位系统\n（GNSS，定位精度≤10米，确保准确导航）\n高清摄像头\n（分辨率≥1080p，确保清晰捕捉地面细节）\n生命探测仪\n（可检测人体红外辐射，用于搜索被困者）\n电池电量检查：确保每架无人机电池电量≥80%，保障至少1小时搜索时间。\n路径规划检查：每架无人机独立覆盖不同区域，确保航线无重叠、无遗漏。\n\n——————————————————————————————————————————————",
                "content1_msg": "无人机名字或代号：UAV-01、UAV-02、UAV-03、UAV-04  \n时间：2023年9月15日 10:00 – 16:00、2023年9月15日 10:00  \n地点：辽宁省大连市金州区某受灾地区（坐标：38.9102°N, 121.5981°E）  \n任务优先级重要性：紧急、极高  \n任务描述信息：负责受灾区域北部的高空侦察、负责受灾区域南部的低空搜索、负责受灾区域西部的高空侦察、负责受灾区域东部的低空搜索、完成设备自检（GPS定位系统、高清摄像头、生命探测仪）、确保电池电量≥80%、路径规划检查（独立覆盖不同区域，航线无重叠、无遗漏）。",
                "similarity": 0.7667504082729764
            },
            {
                "content1_para": "数据回传与实时监测\n\n执行时间\n：2023年9月15日 12:00 – 13:00\n执行地点\n：无人机指挥中心（坐标：38.9123°N, 121.6000°E）\n执行者\n：\nUAV-01、UAV-02、UAV-03、UAV-04\n：图像数据回传与分析\n指挥中心人员\n：实时监控无人机搜索进度与生命探测数据\n任务优先级\n：紧急（确保救援行动的实时性与准确性）\n操作步骤\n：\nUAV-01、UAV-02、UAV-03、UAV-04\n通过4G通信模块实时回传高清图像和生命探测数据，确保延迟≤5秒。\n指挥中心人员实时分析图像和生命探测数据，识别可能的被困者位置。\n\n————————————————————————————————————————————————————————————————————————————————-",
                "content1_msg": "无人机名字或代号：UAV-01、UAV-02、UAV-03、UAV-04  \n时间：2023年9月15日 12:00 – 13:00  \n地点：无人机指挥中心（坐标：38.9123°N, 121.6000°E）  \n任务优先级重要性：紧急  \n任务描述信息：UAV-01、UAV-02、UAV-03、UAV-04通过4G通信模块实时回传高清图像和生命探测数据，确保延迟≤5秒；指挥中心人员实时分析图像和生命探测数据，识别可能的被困者位置。",
                "similarity": 0.7174022016822188
            }
        ]
    },
    {
        "content2_para": "UAV-01:\n实体关系：高空侦察\n时间：2023年9月15日 10:00 – 12:00\n地点：辽宁省大连市金州区受灾地区（38.9102°N, 121.5981°E）\n任务优先级重要性：紧急-极高\n具体任务：起飞，飞行高度300米，速度20 km/h，覆盖北部区域。",
        "matches": [
            {
                "content1_para": "无人机集群灾后搜索与救援任务\n\n执行时间\n：2023年9月15日 10:00 – 16:00\n执行地点\n：辽宁省大连市金州区某受灾地区（坐标：38.9102°N, 121.5981°E）\n执行者\n：\nUAV-01\n：负责受灾区域北部的高空侦察\nUAV-02\n：负责受灾区域南部的低空搜索\nUAV-03\n：负责受灾区域西部的高空侦察\nUAV-04\n：负责受灾区域东部的低空搜索\n任务优先级\n：紧急（确保救援队伍快速定位被困人员）\n重要性\n：极高（时间紧迫，需立即执行）\n操作步骤\n：\nUAV-01、UAV-02、UAV-03、UAV-04\n于2023年9月15日10:00在无人机起飞点完成设备自检，确保以下系统正常：\nGPS定位系统\n（GNSS，定位精度≤10米，确保准确导航）\n高清摄像头\n（分辨率≥1080p，确保清晰捕捉地面细节）\n生命探测仪\n（可检测人体红外辐射，用于搜索被困者）\n电池电量检查：确保每架无人机电池电量≥80%，保障至少1小时搜索时间。\n路径规划检查：每架无人机独立覆盖不同区域，确保航线无重叠、无遗漏。\n\n——————————————————————————————————————————————",
                "content1_msg": "无人机名字或代号：UAV-01、UAV-02、UAV-03、UAV-04  \n时间：2023年9月15日 10:00 – 16:00、2023年9月15日 10:00  \n地点：辽宁省大连市金州区某受灾地区（坐标：38.9102°N, 121.5981°E）  \n任务优先级重要性：紧急、极高  \n任务描述信息：负责受灾区域北部的高空侦察、负责受灾区域南部的低空搜索、负责受灾区域西部的高空侦察、负责受灾区域东部的低空搜索、完成设备自检（GPS定位系统、高清摄像头、生命探测仪）、确保电池电量≥80%、路径规划检查（独立覆盖不同区域，航线无重叠、无遗漏）。",
                "similarity": 0.7314071902272639
            },
            {
                "content1_para": "起飞与搜索作业执行\n\n执行时间\n：2023年9月15日 10:00 – 12:00\n执行地点\n：辽宁省大连市金州区受灾地区\n执行者\n：\nUAV-01\n：于2023年9月15日10:00起飞，飞行高度300米，以20 km/h的速度进行高空侦察，覆盖受灾区域北部。\nUAV-02\n：于2023年9月15日10:15起飞，飞行高度50米，以15 km/h的速度进行低空搜索，覆盖受灾区域南部。\nUAV-03\n：于2023年9月15日10:30起飞，飞行高度300米，以20 km/h的速度进行高空侦察，覆盖受灾区域西部。\nUAV-04\n：于2023年9月15日10:45起飞，飞行高度50米，以15 km/h的速度进行低空搜索，覆盖受灾区域东部。\n\n————————————————————————————————————————————————————————————————————————————————-",
                "content1_msg": "无人机名字或代号：UAV-01、UAV-02、UAV-03、UAV-04  \n时间：2023年9月15日 10:00 – 12:00、2023年9月15日 10:00、2023年9月15日 10:15、2023年9月15日 10:30、2023年9月15日 10:45  \n地点：辽宁省大连市金州区受灾地区  \n任务优先级重要性：未提及  \n任务描述信息：UAV-01：飞行高度300米，以20 km/h的速度进行高空侦察，覆盖受灾区域北部。  \nUAV-02：飞行高度50米，以15 km/h的速度进行低空搜索，覆盖受灾区域南部。  \nUAV-03：飞行高度300米，以20 km/h的速度进行高空侦察，覆盖受灾区域西部。  \nUAV-04：飞行高度50米，以15 km/h的速度进行低空搜索，覆盖受灾区域东部。",
                "similarity": 0.7289676245996426
            }
        ]
    },
    {
        "content2_para": "UAV-02:\n实体关系：低空搜索\n时间：2023年9月15日 10:15 – 12:00\n地点：辽宁省大连市金州区受灾地区（38.9102°N, 121.5981°E）\n任务优先级重要性：紧急-极高\n具体任务：起飞，飞行高度50米，速度15 km/h，覆盖南部区域。",
        "matches": [
            {
                "content1_para": "无人机集群灾后搜索与救援任务\n\n执行时间\n：2023年9月15日 10:00 – 16:00\n执行地点\n：辽宁省大连市金州区某受灾地区（坐标：38.9102°N, 121.5981°E）\n执行者\n：\nUAV-01\n：负责受灾区域北部的高空侦察\nUAV-02\n：负责受灾区域南部的低空搜索\nUAV-03\n：负责受灾区域西部的高空侦察\nUAV-04\n：负责受灾区域东部的低空搜索\n任务优先级\n：紧急（确保救援队伍快速定位被困人员）\n重要性\n：极高（时间紧迫，需立即执行）\n操作步骤\n：\nUAV-01、UAV-02、UAV-03、UAV-04\n于2023年9月15日10:00在无人机起飞点完成设备自检，确保以下系统正常：\nGPS定位系统\n（GNSS，定位精度≤10米，确保准确导航）\n高清摄像头\n（分辨率≥1080p，确保清晰捕捉地面细节）\n生命探测仪\n（可检测人体红外辐射，用于搜索被困者）\n电池电量检查：确保每架无人机电池电量≥80%，保障至少1小时搜索时间。\n路径规划检查：每架无人机独立覆盖不同区域，确保航线无重叠、无遗漏。\n\n——————————————————————————————————————————————",
                "content1_msg": "无人机名字或代号：UAV-01、UAV-02、UAV-03、UAV-04  \n时间：2023年9月15日 10:00 – 16:00、2023年9月15日 10:00  \n地点：辽宁省大连市金州区某受灾地区（坐标：38.9102°N, 121.5981°E）  \n任务优先级重要性：紧急、极高  \n任务描述信息：负责受灾区域北部的高空侦察、负责受灾区域南部的低空搜索、负责受灾区域西部的高空侦察、负责受灾区域东部的低空搜索、完成设备自检（GPS定位系统、高清摄像头、生命探测仪）、确保电池电量≥80%、路径规划检查（独立覆盖不同区域，航线无重叠、无遗漏）。",
                "similarity": 0.7284355317243056
            },
            {
                "content1_para": "起飞与搜索作业执行\n\n执行时间\n：2023年9月15日 10:00 – 12:00\n执行地点\n：辽宁省大连市金州区受灾地区\n执行者\n：\nUAV-01\n：于2023年9月15日10:00起飞，飞行高度300米，以20 km/h的速度进行高空侦察，覆盖受灾区域北部。\nUAV-02\n：于2023年9月15日10:15起飞，飞行高度50米，以15 km/h的速度进行低空搜索，覆盖受灾区域南部。\nUAV-03\n：于2023年9月15日10:30起飞，飞行高度300米，以20 km/h的速度进行高空侦察，覆盖受灾区域西部。\nUAV-04\n：于2023年9月15日10:45起飞，飞行高度50米，以15 km/h的速度进行低空搜索，覆盖受灾区域东部。\n\n————————————————————————————————————————————————————————————————————————————————-",
                "content1_msg": "无人机名字或代号：UAV-01、UAV-02、UAV-03、UAV-04  \n时间：2023年9月15日 10:00 – 12:00、2023年9月15日 10:00、2023年9月15日 10:15、2023年9月15日 10:30、2023年9月15日 10:45  \n地点：辽宁省大连市金州区受灾地区  \n任务优先级重要性：未提及  \n任务描述信息：UAV-01：飞行高度300米，以20 km/h的速度进行高空侦察，覆盖受灾区域北部。  \nUAV-02：飞行高度50米，以15 km/h的速度进行低空搜索，覆盖受灾区域南部。  \nUAV-03：飞行高度300米，以20 km/h的速度进行高空侦察，覆盖受灾区域西部。  \nUAV-04：飞行高度50米，以15 km/h的速度进行低空搜索，覆盖受灾区域东部。",
                "similarity": 0.7260296793006874
            }
        ]
    },
    {
        "content2_para": "UAV-03:\n实体关系：高空侦察\n时间：2023年9月15日 10:30 – 12:00\n地点：辽宁省大连市金州区受灾地区（38.9102°N, 121.5981°E）\n任务优先级重要性：紧急-极高\n具体任务：起飞，飞行高度300米，速度20 km/h，覆盖西部区域。",
        "matches": [
            {
                "content1_para": "无人机集群灾后搜索与救援任务\n\n执行时间\n：2023年9月15日 10:00 – 16:00\n执行地点\n：辽宁省大连市金州区某受灾地区（坐标：38.9102°N, 121.5981°E）\n执行者\n：\nUAV-01\n：负责受灾区域北部的高空侦察\nUAV-02\n：负责受灾区域南部的低空搜索\nUAV-03\n：负责受灾区域西部的高空侦察\nUAV-04\n：负责受灾区域东部的低空搜索\n任务优先级\n：紧急（确保救援队伍快速定位被困人员）\n重要性\n：极高（时间紧迫，需立即执行）\n操作步骤\n：\nUAV-01、UAV-02、UAV-03、UAV-04\n于2023年9月15日10:00在无人机起飞点完成设备自检，确保以下系统正常：\nGPS定位系统\n（GNSS，定位精度≤10米，确保准确导航）\n高清摄像头\n（分辨率≥1080p，确保清晰捕捉地面细节）\n生命探测仪\n（可检测人体红外辐射，用于搜索被困者）\n电池电量检查：确保每架无人机电池电量≥80%，保障至少1小时搜索时间。\n路径规划检查：每架无人机独立覆盖不同区域，确保航线无重叠、无遗漏。\n\n——————————————————————————————————————————————",
                "content1_msg": "无人机名字或代号：UAV-01、UAV-02、UAV-03、UAV-04  \n时间：2023年9月15日 10:00 – 16:00、2023年9月15日 10:00  \n地点：辽宁省大连市金州区某受灾地区（坐标：38.9102°N, 121.5981°E）  \n任务优先级重要性：紧急、极高  \n任务描述信息：负责受灾区域北部的高空侦察、负责受灾区域南部的低空搜索、负责受灾区域西部的高空侦察、负责受灾区域东部的低空搜索、完成设备自检（GPS定位系统、高清摄像头、生命探测仪）、确保电池电量≥80%、路径规划检查（独立覆盖不同区域，航线无重叠、无遗漏）。",
                "similarity": 0.7302495525485391
            },
            {
                "content1_para": "起飞与搜索作业执行\n\n执行时间\n：2023年9月15日 10:00 – 12:00\n执行地点\n：辽宁省大连市金州区受灾地区\n执行者\n：\nUAV-01\n：于2023年9月15日10:00起飞，飞行高度300米，以20 km/h的速度进行高空侦察，覆盖受灾区域北部。\nUAV-02\n：于2023年9月15日10:15起飞，飞行高度50米，以15 km/h的速度进行低空搜索，覆盖受灾区域南部。\nUAV-03\n：于2023年9月15日10:30起飞，飞行高度300米，以20 km/h的速度进行高空侦察，覆盖受灾区域西部。\nUAV-04\n：于2023年9月15日10:45起飞，飞行高度50米，以15 km/h的速度进行低空搜索，覆盖受灾区域东部。\n\n————————————————————————————————————————————————————————————————————————————————-",
                "content1_msg": "无人机名字或代号：UAV-01、UAV-02、UAV-03、UAV-04  \n时间：2023年9月15日 10:00 – 12:00、2023年9月15日 10:00、2023年9月15日 10:15、2023年9月15日 10:30、2023年9月15日 10:45  \n地点：辽宁省大连市金州区受灾地区  \n任务优先级重要性：未提及  \n任务描述信息：UAV-01：飞行高度300米，以20 km/h的速度进行高空侦察，覆盖受灾区域北部。  \nUAV-02：飞行高度50米，以15 km/h的速度进行低空搜索，覆盖受灾区域南部。  \nUAV-03：飞行高度300米，以20 km/h的速度进行高空侦察，覆盖受灾区域西部。  \nUAV-04：飞行高度50米，以15 km/h的速度进行低空搜索，覆盖受灾区域东部。",
                "similarity": 0.7281536408798828
            }
        ]
    },
    {
        "content2_para": "UAV-04:\n实体关系：低空搜索\n时间：2023年9月15日 10:45 – 12:00\n地点：辽宁省大连市金州区受灾地区（38.9102°N, 121.5981°E）\n任务优先级重要性：紧急-极高\n具体任务：起飞，飞行高度50米，速度15 km/h，覆盖东部区域。",
        "matches": [
            {
                "content1_para": "无人机集群灾后搜索与救援任务\n\n执行时间\n：2023年9月15日 10:00 – 16:00\n执行地点\n：辽宁省大连市金州区某受灾地区（坐标：38.9102°N, 121.5981°E）\n执行者\n：\nUAV-01\n：负责受灾区域北部的高空侦察\nUAV-02\n：负责受灾区域南部的低空搜索\nUAV-03\n：负责受灾区域西部的高空侦察\nUAV-04\n：负责受灾区域东部的低空搜索\n任务优先级\n：紧急（确保救援队伍快速定位被困人员）\n重要性\n：极高（时间紧迫，需立即执行）\n操作步骤\n：\nUAV-01、UAV-02、UAV-03、UAV-04\n于2023年9月15日10:00在无人机起飞点完成设备自检，确保以下系统正常：\nGPS定位系统\n（GNSS，定位精度≤10米，确保准确导航）\n高清摄像头\n（分辨率≥1080p，确保清晰捕捉地面细节）\n生命探测仪\n（可检测人体红外辐射，用于搜索被困者）\n电池电量检查：确保每架无人机电池电量≥80%，保障至少1小时搜索时间。\n路径规划检查：每架无人机独立覆盖不同区域，确保航线无重叠、无遗漏。\n\n——————————————————————————————————————————————",
                "content1_msg": "无人机名字或代号：UAV-01、UAV-02、UAV-03、UAV-04  \n时间：2023年9月15日 10:00 – 16:00、2023年9月15日 10:00  \n地点：辽宁省大连市金州区某受灾地区（坐标：38.9102°N, 121.5981°E）  \n任务优先级重要性：紧急、极高  \n任务描述信息：负责受灾区域北部的高空侦察、负责受灾区域南部的低空搜索、负责受灾区域西部的高空侦察、负责受灾区域东部的低空搜索、完成设备自检（GPS定位系统、高清摄像头、生命探测仪）、确保电池电量≥80%、路径规划检查（独立覆盖不同区域，航线无重叠、无遗漏）。",
                "similarity": 0.7330502555972451
            },
            {
                "content1_para": "起飞与搜索作业执行\n\n执行时间\n：2023年9月15日 10:00 – 12:00\n执行地点\n：辽宁省大连市金州区受灾地区\n执行者\n：\nUAV-01\n：于2023年9月15日10:00起飞，飞行高度300米，以20 km/h的速度进行高空侦察，覆盖受灾区域北部。\nUAV-02\n：于2023年9月15日10:15起飞，飞行高度50米，以15 km/h的速度进行低空搜索，覆盖受灾区域南部。\nUAV-03\n：于2023年9月15日10:30起飞，飞行高度300米，以20 km/h的速度进行高空侦察，覆盖受灾区域西部。\nUAV-04\n：于2023年9月15日10:45起飞，飞行高度50米，以15 km/h的速度进行低空搜索，覆盖受灾区域东部。\n\n————————————————————————————————————————————————————————————————————————————————-",
                "content1_msg": "无人机名字或代号：UAV-01、UAV-02、UAV-03、UAV-04  \n时间：2023年9月15日 10:00 – 12:00、2023年9月15日 10:00、2023年9月15日 10:15、2023年9月15日 10:30、2023年9月15日 10:45  \n地点：辽宁省大连市金州区受灾地区  \n任务优先级重要性：未提及  \n任务描述信息：UAV-01：飞行高度300米，以20 km/h的速度进行高空侦察，覆盖受灾区域北部。  \nUAV-02：飞行高度50米，以15 km/h的速度进行低空搜索，覆盖受灾区域南部。  \nUAV-03：飞行高度300米，以20 km/h的速度进行高空侦察，覆盖受灾区域西部。  \nUAV-04：飞行高度50米，以15 km/h的速度进行低空搜索，覆盖受灾区域东部。",
                "similarity": 0.7315908619301452
            }
        ]
    },
    {
        "content2_para": "UAV-01, UAV-02, UAV-03, UAV-04:\n实体关系：数据回传与分析\n时间：2023年9月15日 12:00 – 13:00\n地点：无人机指挥中心（38.9123°N, 121.6000°E）\n任务优先级重要性：紧急-紧急\n具体任务：通过4G通信模块实时回传数据，确保延迟≤5秒。",
        "matches": [
            {
                "content1_para": "数据回传与实时监测\n\n执行时间\n：2023年9月15日 12:00 – 13:00\n执行地点\n：无人机指挥中心（坐标：38.9123°N, 121.6000°E）\n执行者\n：\nUAV-01、UAV-02、UAV-03、UAV-04\n：图像数据回传与分析\n指挥中心人员\n：实时监控无人机搜索进度与生命探测数据\n任务优先级\n：紧急（确保救援行动的实时性与准确性）\n操作步骤\n：\nUAV-01、UAV-02、UAV-03、UAV-04\n通过4G通信模块实时回传高清图像和生命探测数据，确保延迟≤5秒。\n指挥中心人员实时分析图像和生命探测数据，识别可能的被困者位置。\n\n————————————————————————————————————————————————————————————————————————————————-",
                "content1_msg": "无人机名字或代号：UAV-01、UAV-02、UAV-03、UAV-04  \n时间：2023年9月15日 12:00 – 13:00  \n地点：无人机指挥中心（坐标：38.9123°N, 121.6000°E）  \n任务优先级重要性：紧急  \n任务描述信息：UAV-01、UAV-02、UAV-03、UAV-04通过4G通信模块实时回传高清图像和生命探测数据，确保延迟≤5秒；指挥中心人员实时分析图像和生命探测数据，识别可能的被困者位置。",
                "similarity": 0.9082829699814623
            },
            {
                "content1_para": "返航与设备维护\n\n执行时间\n：2023年9月15日 14:00 – 15:00\n执行地点\n：无人机起飞点\n执行者\n：\nUAV-01、UAV-02、UAV-03、UAV-04、UAV-05、UAV-06\n：返航与设备检查\n维护工程师\n：检查无人机运行状况\n任务优先级\n：高（确保无人机设备状态良好，为后续任务做准备）\n操作步骤\n：\nUAV-01、UAV-02、UAV-03、UAV-04、UAV-05、UAV-06\n按既定航线依次返航，飞行高度100米，确保规避障碍物。\n维护工程师对无人机进行检查，包括电池电量、图像设备、通信系统等，确保无人机状态良好。\n\n————————————————————————————————————————————————————————————————————————————————-",
                "content1_msg": "无人机名字或代号：UAV-01、UAV-02、UAV-03、UAV-04、UAV-05、UAV-06  \n时间：2023年9月15日 14:00 – 15:00  \n地点：无人机起飞点  \n任务优先级重要性：高  \n任务描述信息：按既定航线依次返航，飞行高度100米，确保规避障碍物；检查无人机运行状况，包括电池电量、图像设备、通信系统等，确保无人机状态良好。",
                "similarity": 0.7859781659731768
            }
        ]
    },
    {
        "content2_para": "UAV-05:\n实体关系：救援物资投送\n时间：2023年9月15日 13:00\n地点：辽宁省大连市金州区受灾地区（38.9102°N, 121.5981°E）\n任务优先级重要性：紧急-紧急\n具体任务：起飞，携带救援物资，前往指定位置投送。",
        "matches": [
            {
                "content1_para": "救援物资投送与人员引导\n\n执行时间\n：2023年9月15日 13:00 – 14:00\n执行地点\n：辽宁省大连市金州区受灾地区\n执行者\n：\nUAV-05\n：负责投送救援物资\nUAV-06\n：负责引导救援队伍\n任务优先级\n：紧急（确保救援物资及时到达被困者手中）\n操作步骤\n：\nUAV-05\n于2023年9月15日13:00起飞，携带救援物资，前往指挥中心指定的被困者位置投送。\nUAV-06\n于2023年9月15日13:15起飞，跟随救援队伍，通过图像传输实时引导救援队伍前往被困者位置。\n\n————————————————————————————————————————————————————————————————————————————————-",
                "content1_msg": "无人机名字或代号：UAV-05、UAV-06  \n时间：2023年9月15日 13:00 – 14:00、2023年9月15日 13:00、2023年9月15日 13:15  \n地点：辽宁省大连市金州区受灾地区  \n任务优先级重要性：紧急  \n任务描述信息：UAV-05负责投送救援物资，于2023年9月15日13:00起飞，携带救援物资，前往指挥中心指定的被困者位置投送；UAV-06负责引导救援队伍，于2023年9月15日13:15起飞，跟随救援队伍，通过图像传输实时引导救援队伍前往被困者位置。",
                "similarity": 0.7638459964649118
            },
            {
                "content1_para": "无人机集群灾后搜索与救援任务\n\n执行时间\n：2023年9月15日 10:00 – 16:00\n执行地点\n：辽宁省大连市金州区某受灾地区（坐标：38.9102°N, 121.5981°E）\n执行者\n：\nUAV-01\n：负责受灾区域北部的高空侦察\nUAV-02\n：负责受灾区域南部的低空搜索\nUAV-03\n：负责受灾区域西部的高空侦察\nUAV-04\n：负责受灾区域东部的低空搜索\n任务优先级\n：紧急（确保救援队伍快速定位被困人员）\n重要性\n：极高（时间紧迫，需立即执行）\n操作步骤\n：\nUAV-01、UAV-02、UAV-03、UAV-04\n于2023年9月15日10:00在无人机起飞点完成设备自检，确保以下系统正常：\nGPS定位系统\n（GNSS，定位精度≤10米，确保准确导航）\n高清摄像头\n（分辨率≥1080p，确保清晰捕捉地面细节）\n生命探测仪\n（可检测人体红外辐射，用于搜索被困者）\n电池电量检查：确保每架无人机电池电量≥80%，保障至少1小时搜索时间。\n路径规划检查：每架无人机独立覆盖不同区域，确保航线无重叠、无遗漏。\n\n——————————————————————————————————————————————",
                "content1_msg": "无人机名字或代号：UAV-01、UAV-02、UAV-03、UAV-04  \n时间：2023年9月15日 10:00 – 16:00、2023年9月15日 10:00  \n地点：辽宁省大连市金州区某受灾地区（坐标：38.9102°N, 121.5981°E）  \n任务优先级重要性：紧急、极高  \n任务描述信息：负责受灾区域北部的高空侦察、负责受灾区域南部的低空搜索、负责受灾区域西部的高空侦察、负责受灾区域东部的低空搜索、完成设备自检（GPS定位系统、高清摄像头、生命探测仪）、确保电池电量≥80%、路径规划检查（独立覆盖不同区域，航线无重叠、无遗漏）。",
                "similarity": 0.7176969077466381
            }
        ]
    },
    {
        "content2_para": "UAV-06:\n实体关系：救援队伍引导\n时间：2023年9月15日 13:15\n地点：辽宁省大连市金州区受灾地区（38.9102°N, 121.5981°E）\n任务优先级重要性：紧急-紧急\n具体任务：起飞，跟随救援队伍，通过图像传输实时引导。",
        "matches": [
            {
                "content1_para": "救援物资投送与人员引导\n\n执行时间\n：2023年9月15日 13:00 – 14:00\n执行地点\n：辽宁省大连市金州区受灾地区\n执行者\n：\nUAV-05\n：负责投送救援物资\nUAV-06\n：负责引导救援队伍\n任务优先级\n：紧急（确保救援物资及时到达被困者手中）\n操作步骤\n：\nUAV-05\n于2023年9月15日13:00起飞，携带救援物资，前往指挥中心指定的被困者位置投送。\nUAV-06\n于2023年9月15日13:15起飞，跟随救援队伍，通过图像传输实时引导救援队伍前往被困者位置。\n\n————————————————————————————————————————————————————————————————————————————————-",
                "content1_msg": "无人机名字或代号：UAV-05、UAV-06  \n时间：2023年9月15日 13:00 – 14:00、2023年9月15日 13:00、2023年9月15日 13:15  \n地点：辽宁省大连市金州区受灾地区  \n任务优先级重要性：紧急  \n任务描述信息：UAV-05负责投送救援物资，于2023年9月15日13:00起飞，携带救援物资，前往指挥中心指定的被困者位置投送；UAV-06负责引导救援队伍，于2023年9月15日13:15起飞，跟随救援队伍，通过图像传输实时引导救援队伍前往被困者位置。",
                "similarity": 0.7427789031434306
            },
            {
                "content1_para": "数据回传与实时监测\n\n执行时间\n：2023年9月15日 12:00 – 13:00\n执行地点\n：无人机指挥中心（坐标：38.9123°N, 121.6000°E）\n执行者\n：\nUAV-01、UAV-02、UAV-03、UAV-04\n：图像数据回传与分析\n指挥中心人员\n：实时监控无人机搜索进度与生命探测数据\n任务优先级\n：紧急（确保救援行动的实时性与准确性）\n操作步骤\n：\nUAV-01、UAV-02、UAV-03、UAV-04\n通过4G通信模块实时回传高清图像和生命探测数据，确保延迟≤5秒。\n指挥中心人员实时分析图像和生命探测数据，识别可能的被困者位置。\n\n————————————————————————————————————————————————————————————————————————————————-",
                "content1_msg": "无人机名字或代号：UAV-01、UAV-02、UAV-03、UAV-04  \n时间：2023年9月15日 12:00 – 13:00  \n地点：无人机指挥中心（坐标：38.9123°N, 121.6000°E）  \n任务优先级重要性：紧急  \n任务描述信息：UAV-01、UAV-02、UAV-03、UAV-04通过4G通信模块实时回传高清图像和生命探测数据，确保延迟≤5秒；指挥中心人员实时分析图像和生命探测数据，识别可能的被困者位置。",
                "similarity": 0.7161761383521936
            }
        ]
    },
    {
        "content2_para": "UAV-01, UAV-02, UAV-03, UAV-04, UAV-05, UAV-06:\n实体关系：返航与设备检查\n时间：2023年9月15日 14:00 – 15:00\n地点：无人机起飞点\n任务优先级重要性：高\n具体任务：返航，飞行高度100米，维护工程师检查设备。",
        "matches": [
            {
                "content1_para": "返航与设备维护\n\n执行时间\n：2023年9月15日 14:00 – 15:00\n执行地点\n：无人机起飞点\n执行者\n：\nUAV-01、UAV-02、UAV-03、UAV-04、UAV-05、UAV-06\n：返航与设备检查\n维护工程师\n：检查无人机运行状况\n任务优先级\n：高（确保无人机设备状态良好，为后续任务做准备）\n操作步骤\n：\nUAV-01、UAV-02、UAV-03、UAV-04、UAV-05、UAV-06\n按既定航线依次返航，飞行高度100米，确保规避障碍物。\n维护工程师对无人机进行检查，包括电池电量、图像设备、通信系统等，确保无人机状态良好。\n\n————————————————————————————————————————————————————————————————————————————————-",
                "content1_msg": "无人机名字或代号：UAV-01、UAV-02、UAV-03、UAV-04、UAV-05、UAV-06  \n时间：2023年9月15日 14:00 – 15:00  \n地点：无人机起飞点  \n任务优先级重要性：高  \n任务描述信息：按既定航线依次返航，飞行高度100米，确保规避障碍物；检查无人机运行状况，包括电池电量、图像设备、通信系统等，确保无人机状态良好。",
                "similarity": 0.9226010620644713
            },
            {
                "content1_para": "数据回传与实时监测\n\n执行时间\n：2023年9月15日 12:00 – 13:00\n执行地点\n：无人机指挥中心（坐标：38.9123°N, 121.6000°E）\n执行者\n：\nUAV-01、UAV-02、UAV-03、UAV-04\n：图像数据回传与分析\n指挥中心人员\n：实时监控无人机搜索进度与生命探测数据\n任务优先级\n：紧急（确保救援行动的实时性与准确性）\n操作步骤\n：\nUAV-01、UAV-02、UAV-03、UAV-04\n通过4G通信模块实时回传高清图像和生命探测数据，确保延迟≤5秒。\n指挥中心人员实时分析图像和生命探测数据，识别可能的被困者位置。\n\n————————————————————————————————————————————————————————————————————————————————-",
                "content1_msg": "无人机名字或代号：UAV-01、UAV-02、UAV-03、UAV-04  \n时间：2023年9月15日 12:00 – 13:00  \n地点：无人机指挥中心（坐标：38.9123°N, 121.6000°E）  \n任务优先级重要性：紧急  \n任务描述信息：UAV-01、UAV-02、UAV-03、UAV-04通过4G通信模块实时回传高清图像和生命探测数据，确保延迟≤5秒；指挥中心人员实时分析图像和生命探测数据，识别可能的被困者位置。",
                "similarity": 0.8332726419708044
            }
        ]
    },
    {
        "content2_para": "指挥中心人员:\n实体关系：任务总结与报告\n时间：2023年9月15日 15:00 – 16:00\n地点：无人机指挥中心（38.9123°N, 121.6000°E）\n任务优先级重要性：高\n具体任务：整理任务执行情况，形成任务总结报告。",
        "matches": [
            {
                "content1_para": "任务总结与报告\n\n执行时间\n：2023年9月15日 15:00 – 16:00\n执行地点\n：无人机指挥中心\n执行者\n：\n指挥中心人员\n：总结任务执行情况\n任务优先级\n：高（确保任务执行情况得到及时总结）\n操作步骤\n：\n指挥中心人员整理任务执行情况，包括搜索范围、发现情况、投送物资数量等，形成任务总结报告。",
                "content1_msg": "无人机名字或代号：未提及  \n时间：2023年9月15日 15:00 – 16:00  \n地点：无人机指挥中心  \n任务优先级重要性：高  \n任务描述信息：指挥中心人员整理任务执行情况，包括搜索范围、发现情况、投送物资数量等，形成任务总结报告。",
                "similarity": 0.8310731221299875
            },
            {
                "content1_para": "数据回传与实时监测\n\n执行时间\n：2023年9月15日 12:00 – 13:00\n执行地点\n：无人机指挥中心（坐标：38.9123°N, 121.6000°E）\n执行者\n：\nUAV-01、UAV-02、UAV-03、UAV-04\n：图像数据回传与分析\n指挥中心人员\n：实时监控无人机搜索进度与生命探测数据\n任务优先级\n：紧急（确保救援行动的实时性与准确性）\n操作步骤\n：\nUAV-01、UAV-02、UAV-03、UAV-04\n通过4G通信模块实时回传高清图像和生命探测数据，确保延迟≤5秒。\n指挥中心人员实时分析图像和生命探测数据，识别可能的被困者位置。\n\n————————————————————————————————————————————————————————————————————————————————-",
                "content1_msg": "无人机名字或代号：UAV-01、UAV-02、UAV-03、UAV-04  \n时间：2023年9月15日 12:00 – 13:00  \n地点：无人机指挥中心（坐标：38.9123°N, 121.6000°E）  \n任务优先级重要性：紧急  \n任务描述信息：UAV-01、UAV-02、UAV-03、UAV-04通过4G通信模块实时回传高清图像和生命探测数据，确保延迟≤5秒；指挥中心人员实时分析图像和生命探测数据，识别可能的被困者位置。",
                "similarity": 0.7111335630731758
            }
        ]
    }
]