[
    {
        "paragraph": "无人机快递配送任务：紧急医疗物资投送\n\n执行时间\n：2023年10月25日 14:00 – 15:00\n执行地点\n：武汉市江夏区某隔离病区（坐标：30.5664°N, 114.3186°E）\n执行者\n：\nUAV-01至UAV-05\n：负责紧急医疗物资的投送任务\n任务优先级\n：紧急（医疗物资对病患生命安全至关重要）\n任务重要性\n：高（确保病患及时获得救治）\n操作步骤\n：",
        "key_message": "无人机名字或代号：UAV-01、UAV-02、UAV-03、UAV-04、UAV-05  \n时间：2023年10月25日 14:00 – 15:00  \n地点：武汉市江夏区某隔离病区（坐标：30.5664°N, 114.3186°E）  \n任务优先级重要性：紧急、高  \n任务描述信息：负责紧急医疗物资的投送任务（确保病患及时获得救治）"
    },
    {
        "paragraph": "集合与起飞准备（14:00 – 14:10）\n   - UAV-01至UAV-05在控制中心集合，检查电量、导航系统、避障系统。\n   - 确保每架无人机电量≥90%，导航系统准确，避障系统正常。",
        "key_message": "无人机名字或代号：UAV-01、UAV-02、UAV-03、UAV-04、UAV-05  \n时间：14:00 – 14:10  \n地点：控制中心  \n任务优先级重要性：未提及  \n任务描述信息：集合，检查电量、导航系统、避障系统。确保每架无人机电量≥90%，导航系统准确，避障系统正常。"
    },
    {
        "paragraph": "起飞与航线规划（14:10 – 14:20）\n   - UAV-01起飞，飞往指定病区上空，进行航线规划。\n   - 其他无人机待命，准备接应。",
        "key_message": "无人机名字或代号：UAV-01  \n时间：14:10 – 14:20  \n地点：指定病区上空  \n任务优先级重要性：未提及  \n任务描述信息：起飞，飞往指定病区上空，进行航线规划。"
    },
    {
        "paragraph": "精确投送（14:20 – 14:40）\n   - UAV-01根据病区位置调整飞行高度，确保安全投送。\n   - UAV-02至UAV-05在病区上空待命，准备接应。",
        "key_message": "无人机名字或代号：UAV-01、UAV-02、UAV-03、UAV-04、UAV-05  \n时间：14:20 – 14:40  \n地点：病区上空  \n任务优先级重要性：未提及  \n任务描述信息：UAV-01根据病区位置调整飞行高度，确保安全投送；UAV-02至UAV-05在病区上空待命，准备接应。"
    },
    {
        "paragraph": "物资接收与确认（14:40 – 14:50）\n   - 病区工作人员接收物资，确认无误后，UAV-01返回控制中心。\n   - 其他无人机在病区上空待命，准备接应后续任务。",
        "key_message": "无人机名字或代号：UAV-01  \n时间：14:40 – 14:50  \n地点：病区、控制中心  \n任务优先级重要性：未提及  \n任务描述信息：物资接收与确认，UAV-01返回控制中心，其他无人机在病区上空待命，准备接应后续任务。"
    },
    {
        "paragraph": "任务结束与返回（14:50 – 15:00）\n   - 所有无人机返回控制中心，进行电量检查和任务总结。\n   - 确保所有无人机电量充足，准备下一次任务。\n\n————————————————————————————————————————————————————————————————————————————————-",
        "key_message": "无人机名字或代号：未提及  \n时间：14:50 – 15:00  \n地点：控制中心  \n任务优先级重要性：未提及  \n任务描述信息：返回控制中心，进行电量检查和任务总结，确保所有无人机电量充足，准备下一次任务。"
    },
    {
        "paragraph": "无人机快递配送任务：农产品快速配送\n\n执行时间\n：2023年10月26日 10:00 – 11:00\n执行地点\n：湖北省武汉市新洲区某农场（坐标：30.6885°N, 114.4375°E）\n执行者\n：\nUAV-06至UAV-10\n：负责农产品快速配送任务\n任务优先级\n：高（农产品新鲜度对市场影响大）\n任务重要性\n：中（确保农产品及时送达消费者手中）\n操作步骤\n：",
        "key_message": "无人机名字或代号：UAV-06、UAV-07、UAV-08、UAV-09、UAV-10  \n时间：2023年10月26日 10:00 – 11:00  \n地点：湖北省武汉市新洲区某农场（坐标：30.6885°N, 114.4375°E）  \n任务优先级重要性：高、中  \n任务描述信息：负责农产品快速配送任务、确保农产品及时送达消费者手中、未提及具体操作步骤"
    },
    {
        "paragraph": "集合与起飞准备（10:00 – 10:10）\n   - UAV-06至UAV-10在控制中心集合，检查电量、导航系统、避障系统。\n   - 确保每架无人机电量≥95%，导航系统准确，避障系统正常。",
        "key_message": "无人机名字或代号：UAV-06、UAV-07、UAV-08、UAV-09、UAV-10  \n时间：10:00 – 10:10  \n地点：控制中心  \n任务优先级重要性：未提及  \n任务描述信息：集合，检查电量、导航系统、避障系统。确保每架无人机电量≥95%，导航系统准确，避障系统正常。"
    },
    {
        "paragraph": "起飞与航线规划（10:10 – 10:20）\n   - UAV-06起飞，飞往指定农场上空，进行航线规划。\n   - 其他无人机待命，准备接应。",
        "key_message": "无人机名字或代号：UAV-06  \n时间：10:10 – 10:20  \n地点：指定农场上空  \n任务优先级重要性：未提及  \n任务描述信息：起飞，飞往指定农场上空，进行航线规划。"
    },
    {
        "paragraph": "快速配送（10:20 – 10:50）\n   - UAV-06根据农场位置调整飞行高度，确保快速配送。\n   - UAV-07至UAV-10在农场上空待命，准备接应。",
        "key_message": "无人机名字或代号：UAV-06、UAV-07、UAV-08、UAV-09、UAV-10  \n时间：2023年11月5日 10:20 – 10:50  \n地点：农场  \n任务优先级重要性：未提及  \n任务描述信息：UAV-06根据农场位置调整飞行高度，确保快速配送；UAV-07至UAV-10在农场上空待命，准备接应。"
    },
    {
        "paragraph": "物资接收与确认（10:50 – 11:00）\n   - 农场工作人员接收物资，确认无误后，UAV-06返回控制中心。\n   - 其他无人机在农场上空待命，准备接应后续任务。",
        "key_message": "无人机名字或代号：UAV-06  \n时间：10:50 – 11:00  \n地点：农场  \n任务优先级重要性：未提及  \n任务描述信息：UAV-06返回控制中心，其他无人机在农场上空待命，准备接应后续任务。"
    },
    {
        "paragraph": "任务结束与返回（11:00 – 11:10）\n   - 所有无人机返回控制中心，进行电量检查和任务总结。\n   - 确保所有无人机电量充足，准备下一次任务。",
        "key_message": "无人机名字或代号：未提及  \n时间：11:00 – 11:10  \n地点：控制中心  \n任务优先级重要性：未提及  \n任务描述信息：返回控制中心，进行电量检查和任务总结，确保所有无人机电量充足，准备下一次任务。"
    }
]