[
    {
        "paragraph": "UAV-01:\n实体关系：医疗物资投送\n时间：2023年10月25日 14:00 – 14:10\n地点：控制中心\n任务优先级重要性：紧急高\n具体任务：集合与起飞准备，检查电量、导航系统、避障系统。"
    },
    {
        "paragraph": "UAV-02至UAV-05:\n实体关系：医疗物资投送\n时间：2023年10月25日 14:10 – 14:20\n地点：控制中心\n任务优先级重要性：紧急高\n具体任务：起飞与航线规划，待命准备接应。"
    },
    {
        "paragraph": "UAV-01:\n实体关系：医疗物资投送\n时间：2023年10月25日 14:20 – 14:40\n地点：武汉市江夏区某隔离病区\n任务优先级重要性：紧急高\n具体任务：精确投送医疗物资。"
    },
    {
        "paragraph": "UAV-01:\n实体关系：医疗物资投送\n时间：2023年10月25日 14:40 – 14:50\n地点：武汉市江夏区某隔离病区\n任务优先级重要性：紧急高\n具体任务：物资接收与确认。"
    },
    {
        "paragraph": "UAV-01至UAV-05:\n实体关系：医疗物资投送\n时间：2023年10月25日 14:50 – 15:00\n地点：控制中心\n任务优先级重要性：紧急高\n具体任务：任务结束与返回，电量检查和任务总结。"
    },
    {
        "paragraph": "UAV-06:\n实体关系：农产品配送\n时间：2023年10月26日 10:00 – 10:10\n地点：控制中心\n任务优先级重要性：高中\n具体任务：集合与起飞准备，检查电量、导航系统、避障系统。"
    },
    {
        "paragraph": "UAV-07至UAV-10:\n实体关系：农产品配送\n时间：2023年10月26日 10:10 – 10:20\n地点：控制中心\n任务优先级重要性：高中\n具体任务：起飞与航线规划，待命准备接应。"
    },
    {
        "paragraph": "UAV-06:\n实体关系：农产品配送\n时间：2023年10月26日 10:20 – 10:50\n地点：湖北省武汉市新洲区某农场\n任务优先级重要性：高中\n具体任务：快速配送农产品。"
    },
    {
        "paragraph": "UAV-06:\n实体关系：农产品配送\n时间：2023年10月26日 10:50 – 11:00\n地点：湖北省武汉市新洲区某农场\n任务优先级重要性：高中\n具体任务：物资接收与确认。"
    },
    {
        "paragraph": "UAV-06至UAV-10:\n实体关系：农产品配送\n时间：2023年10月26日 11:00 – 11:10\n地点：控制中心\n任务优先级重要性：高中\n具体任务：任务结束与返回，电量检查和任务总结。"
    }
]