[
    {
        "paragraph": "子任务1：无人机集群灾害救援物资投放任务",
        "key_message": "无人机名字或代号：未提及  \n时间：未提及  \n地点：未提及  \n任务优先级重要性：未提及  \n任务描述信息：灾害救援物资投放任务"
    },
    {
        "paragraph": "无人机准备与设备检查\n执行时间\n：2023年8月15日 08:00 – 09:00\n执行地点\n：四川省成都市都江堰市灾区无人机调度站（坐标：30.9943°N, 103.6129°E）\n执行者\n：\nUAV-01\n：负责物资装载与系统检查\nUAV-02\n：负责系统检查与备用电池装载\nUAV-03\n：负责系统检查与紧急医疗物资装载\n任务优先级\n：极高（快速投放救援物资是救援行动的关键）\n操作步骤\n：\n设备自检与环境适配\n（2023年8月15日 08:00 – 08:30）\nUAV-01至UAV-03\n依次进行系统检查，确保以下核心模块正常工作：\n动力系统\n（电池容量≥80%，续航时间≥2小时）\n导航系统\n（GPS定位，精度≤10m，确保航线精准）\n数据传输模块\n（4G通信，确保信号稳定，数据传输速率≥1Mbps）\n物资装载检查：确保物资安全固定，重量分布均匀。\n飞行路径规划\n（2023年8月15日 08:30 – 09:00）\nUAV-01\n规划为固定翼无人机，装载食物和水，起飞高度100m，避开低空障碍物。\nUAV-02\n规划为垂直起降无人机，装载急救包和药品，起飞高度50m，确保精准投放。\nUAV-03\n规划",
        "key_message": "无人机名字或代号：UAV-01、UAV-02、UAV-03  \n时间：2023年8月15日 08:00 – 09:00、2023年8月15日 08:00 – 08:30、2023年8月15日 08:30 – 09:00  \n地点：四川省成都市都江堰市灾区无人机调度站（坐标：30.9943°N, 103.6129°E）  \n任务优先级重要性：极高  \n任务描述信息：设备自检与环境适配，动力系统检查（电池容量≥80%，续航时间≥2小时），导航系统检查（GPS定位，精度≤10m），数据传输模块检查（4G通信，数据传输速率≥1Mbps），物资装载检查，飞行路径规划；UAV-01负责物资装载与系统检查，规划为固定翼无人机，装载食物和水，起飞高度100m；UAV-02负责系统检查与备用电池装载，规划为垂直起降无人机，装载急救包和药品，起飞高度50m；UAV-03负责系统检查与紧急医疗物资装载。"
    },
    {
        "paragraph": "急救包和药品，起飞高度50m，确保精准投放。\nUAV-03\n规划为多旋翼无人机，装载帐篷和睡袋，起飞高度70m，确保覆盖广泛区域。\n\n————————————————————————————————————————————————————————————————————————————————-",
        "key_message": "无人机名字或代号：UAV-03  \n时间：未提及  \n地点：未提及  \n任务优先级重要性：未提及  \n任务描述信息：起飞高度50m，确保精准投放。规划为多旋翼无人机，装载帐篷和睡袋，起飞高度70m，确保覆盖广泛区域。"
    },
    {
        "paragraph": "灾区物资投放\n执行时间\n：2023年8月15日 09:00 – 11:00\n执行地点\n：四川省成都市都江堰市灾区指定投放区域（坐标：31.0050°N, 103.6350°E）\n执行者\n：\nUAV-01\n：负责食物和水投放\nUAV-02\n：负责急救包和药品投放\nUAV-03\n：负责帐篷和睡袋投放\n任务优先级\n：极高（物资投放的及时性对受灾群众至关重要）\n操作步骤\n：\nUAV-01\n于2023年8月15日 09:00起飞，执行以下投放任务：\n飞行高度：100m\n投放频率：每10分钟投放一次\n投放区域：受灾群众聚集地，坐标31.0030°N, 103.6300°E\nUAV-02\n于2023年8月15日 09:15起飞，执行以下投放任务：\n飞行高度：50m\n投放频率：每15分钟投放一次\n投放区域：医疗救治点，坐标31.0020°N, 103.6350°E\nUAV-03\n于2023年8月15日 09:30起飞，执行以下投放任务：\n飞行高度：70m\n投放频率：每20分钟投放一次\n投放区域：受灾群众临时安置点，坐标31.0010°N, 103.6400°E\n\n———————————————————————————————",
        "key_message": "无人机名字或代号：UAV-01、UAV-02、UAV-03  \n时间：2023年8月15日 09:00 – 11:00、2023年8月15日 09:00、2023年8月15日 09:15、2023年8月15日 09:30  \n地点：四川省成都市都江堰市灾区指定投放区域（坐标：31.0050°N, 103.6350°E）、受灾群众聚集地（坐标：31.0030°N, 103.6300°E）、医疗救治点（坐标：31.0020°N, 103.6350°E）、受灾群众临时安置点（坐标：31.0010°N, 103.6400°E）  \n任务优先级重要性：极高  \n任务描述信息：UAV-01负责食物和水投放，飞行高度100m，每10分钟投放一次；UAV-02负责急救包和药品投放，飞行高度50m，每15分钟投放一次；UAV-03负责帐篷和睡袋投放，飞行高度70m，每20分钟投放一次。"
    },
    {
        "paragraph": "\n————————————————————————————————————————————————————————————————————————————————-",
        "key_message": "无人机名字或代号：未提及  \n时间：未提及  \n地点：未提及  \n任务优先级重要性：未提及  \n任务描述信息：未提及"
    },
    {
        "paragraph": "实时监控与数据回传\n执行时间\n：2023年8月15日 11:00 – 12:00\n执行地点\n：四川省成都市都江堰市灾区无人机调度站\n执行者\n：\nUAV-01、UAV-02、UAV-03\n：数据回传与实时监控\n救援指挥中心\n：实时监控与数据分析\n任务优先级\n：极高（实时监控确保救援物资投放的准确性和效率）\n操作步骤\n：\n实时回传数据\n：无人机通过4G通信实时回传物资投放位置和数量信息，延迟控制≤5秒。\n数据完整性检查\n：救援指挥中心实时比对各航段数据，确保物资投放覆盖率和准确率。\n异常处理\n：如发现以下异常，立即触发应急预案：\n物资投放偏差超过10%\n通信信号中断\n\n————————————————————————————————————————————————————————————————————————————————-",
        "key_message": "无人机名字或代号：UAV-01、UAV-02、UAV-03  \n时间：2023年8月15日 11:00 – 12:00  \n地点：四川省成都市都江堰市灾区无人机调度站  \n任务优先级重要性：极高（实时监控确保救援物资投放的准确性和效率）  \n任务描述信息：实时回传数据、数据完整性检查、异常处理（如物资投放偏差超过10%或通信信号中断，立即触发应急预案）"
    },
    {
        "paragraph": "返航与设备维护\n执行时间\n：2023年8月15日 12:00 – 13:00\n执行地点\n：四川省成都市都江堰市灾区无人机调度站\n执行者\n：\nUAV-01、UAV-02、UAV-03\n：执行返航与数据备份\n维护工程师\n：执行设备检查与维护\n任务优先级\n：高（确保无人机设备状态良好，为后续任务做准备）\n操作步骤\n：\nUAV-01至UAV-03\n按预定航线返航，确保飞行高度100m，避开地面障碍物。\n设备检查与数据备份\n：检查影像存储设备，确保数据完整无损。\n维护工程师完成设备电池、电机、传感器的性能检测，记录飞行日志。",
        "key_message": "无人机名字或代号：UAV-01、UAV-02、UAV-03  \n时间：2023年8月15日 12:00 – 13:00  \n地点：四川省成都市都江堰市灾区无人机调度站  \n任务优先级重要性：高  \n任务描述信息：按预定航线返航，确保飞行高度100m，避开地面障碍物；执行设备检查与维护，检查影像存储设备，确保数据完整无损；完成设备电池、电机、传感器的性能检测，记录飞行日志。"
    }
]