[
    {
        "paragraph": "灾区空中侦察与目标定位\n执行时间\n：2023年8月15日 08:00 – 10:00\n执行地点\n：四川省成都市青白江区地震灾区（具体坐标：30.6961°N, 104.0536°E）\n执行者\n：\nUAV-01至UAV-05\n：组成无人机侦察集群\n任务优先级\n：高（迅速获取灾区实时情况，为救援指挥提供依据）\n操作步骤\n：\n————————————————————————————————————————————————————————————————————————————————-\n08:00 – 08:10\nUAV-01\n起飞，飞往灾区中心区域，执行以下任务：\n- 任务描述：高空侦察，获取灾区整体景象。\n- 飞行高度：200m，飞行速度：30 km/h。\n- 预期结果：提供灾区受影响范围和建筑损毁情况。\n\n08:10 – 08:30\nUAV-02\n起飞，飞往灾区北边，执行以下任务：\n- 任务描述：重点侦察北边区域的受灾情况。\n- 飞行高度：150m，飞行速度：25 km/h。\n- 预期结果：识别北边是否有被困人员或需要救援的区域。\n\n08:20 – 08:40\nUAV-03\n起飞，飞往灾区南边，执行以下任务：",
        "key_message": "无人机名字或代号：UAV-01、UAV-02、UAV-03、UAV-04、UAV-05  \n时间：2023年8月15日 08:00 – 10:00、2023年8月15日 08:00 – 08:10、2023年8月15日 08:10 – 08:30、2023年8月15日 08:20 – 08:40  \n地点：四川省成都市青白江区地震灾区（具体坐标：30.6961°N, 104.0536°E）  \n任务优先级重要性：高  \n任务描述信息：  \n- UAV-01：高空侦察，获取灾区整体景象。  \n- UAV-02：重点侦察北边区域的受灾情况。  \n- UAV-03：飞往灾区南边，执行侦察任务。（未详细描述，但推测与UAV-02类似，为南边区域侦察）"
    },
    {
        "paragraph": "– 08:40\nUAV-03\n起飞，飞往灾区南边，执行以下任务：\n- 任务描述：侦察南边区域，寻找可能被忽视的受灾点。\n- 飞行高度：150m，飞行速度：25 km/h。\n- 预期结果：记录南边受灾情况和可能的救援需求。\n\n08:30 – 08:50\nUAV-04\n起飞，飞往灾区东边，执行以下任务：\n- 任务描述：东边区域侦察，关注桥梁和道路状况。\n- 飞行高度：150m，飞行速度：25 km/h。\n- 预期结果：评估东边道路是否可以通行，桥梁是否安全。\n\n08:40 – 09:00\nUAV-05\n起飞，飞往灾区西边，执行以下任务：\n- 任务描述：西边区域侦察，寻找被困人员或物资积压点。\n- 飞行高度：150m，飞行速度：25 km/h。\n- 预期结果：确定西边是否需要紧急救援。\n\n09:00 – 09:30\n所有无人机\n返回起飞点，进行数据回传，执行以下任务：\n- 任务描述：将采集到的数据实时回传至指挥中心。\n- 数据传输方式：4G网络，确保数据传输的实时性和稳定性。\n\n—————————————————————————————————————————————————————————————————————",
        "key_message": "无人机名字或代号：UAV-03、UAV-04、UAV-05、所有无人机  \n时间：08:40、08:30 – 08:50、08:40 – 09:00、09:00 – 09:30  \n地点：灾区南边、灾区东边、灾区西边、起飞点（指挥中心）  \n任务优先级重要性：未提及  \n任务描述信息：侦察南边区域，寻找可能被忽视的受灾点；东边区域侦察，关注桥梁和道路状况；西边区域侦察，寻找被困人员或物资积压点；将采集到的数据实时回传至指挥中心"
    },
    {
        "paragraph": "———————————————————————————————————————————-",
        "key_message": "无人机名字或代号：未提及  \n时间：未提及  \n地点：未提及  \n任务优先级重要性：未提及  \n任务描述信息：未提及"
    },
    {
        "paragraph": "紧急物资空投\n执行时间\n：2023年8月15日 10:00 – 12:00\n执行地点\n：四川省成都市青白江区地震灾区（具体坐标：30.6961°N, 104.0536°E）\n执行者\n：\nUAV-06至UAV-10\n：组成无人机空投集群\n任务优先级\n：极高（保障灾区急需物资的快速送达）\n操作步骤\n：\n————————————————————————————————————————————————————————————————————————————————-\n10:00 – 10:10\nUAV-06\n起飞，飞往灾区北边物资中转站，执行以下任务：\n- 任务描述：接收第一批物资，准备空投。\n- 预期结果：确保第一批物资顺利接收。\n\n10:15 – 10:30\nUAV-07\n起飞，飞往灾区北边，执行以下任务：\n- 任务描述：空投第一批物资至北边受灾区域。\n- 空投点：灾区北边开阔地，确保安全着陆。\n- 预期结果：第一批物资成功送达。\n\n10:20 – 10:35\nUAV-08\n起飞，飞往灾区南边物资中转站，执行以下任务：\n- 任务描述：接收第二批物资，准备空投。\n- 预期结果：确保第二批物资顺利接收。\n\n10:40",
        "key_message": "无人机名字或代号：UAV-06、UAV-07、UAV-08、UAV-09、UAV-10  \n时间：2023年8月15日 10:00 – 12:00、2023年8月15日 10:00 – 10:10、2023年8月15日 10:15 – 10:30、2023年8月15日 10:20 – 10:35  \n地点：四川省成都市青白江区地震灾区（具体坐标：30.6961°N, 104.0536°E）、灾区北边物资中转站、灾区北边开阔地、灾区南边物资中转站  \n任务优先级重要性：极高（保障灾区急需物资的快速送达）  \n任务描述信息：起飞，飞往灾区北边物资中转站，接收第一批物资，准备空投；空投第一批物资至北边受灾区域；接收第二批物资，准备空投。"
    },
    {
        "paragraph": "准备空投。\n- 预期结果：确保第二批物资顺利接收。\n\n10:40 – 10:55\nUAV-09\n起飞，飞往灾区南边，执行以下任务：\n- 任务描述：空投第二批物资至南边受灾区域。\n- 空投点：灾区南边开阔地，确保安全着陆。\n- 预期结果：第二批物资成功送达。\n\n10:50 – 11:05\nUAV-10\n起飞，飞往灾区东边物资中转站，执行以下任务：\n- 任务描述：接收第三批物资，准备空投。\n- 预期结果：确保第三批物资顺利接收。\n\n11:10 – 11:25\nUAV-10\n起飞，飞往灾区东边，执行以下任务：\n- 任务描述：空投第三批物资至东边受灾区域。\n- 空投点：灾区东边开阔地，确保安全着陆。\n- 预期结果：第三批物资成功送达。\n\n11:30 – 12:00\n所有无人机\n返回起飞点，进行数据回传，执行以下任务：\n- 任务描述：将空投情况实时回传至指挥中心。\n- 数据传输方式：4G网络，确保数据传输的实时性和稳定性。\n\n————————————————————————————————————————————————————————————————————————————————-",
        "key_message": "无人机名字或代号：UAV-09、UAV-10、所有无人机  \n时间：10:40 – 10:55、10:50 – 11:05、11:10 – 11:25、11:30 – 12:00  \n地点：灾区南边开阔地、灾区东边物资中转站、灾区东边开阔地、起飞点（未明确坐标）  \n任务优先级重要性：未提及  \n任务描述信息：空投第二批物资至南边受灾区域、接收第三批物资，准备空投、空投第三批物资至东边受灾区域、将空投情况实时回传至指挥中心"
    },
    {
        "paragraph": "灾区通信恢复\n执行时间\n：2023年8月15日 12:00 – 14:00\n执行地点\n：四川省成都市青白江区地震灾区（具体坐标：30.6961°N, 104.0536°E）\n执行者\n：\nUAV-11至UAV-15\n：组成无人机通信恢复集群\n任务优先级\n：高（恢复灾区通信，确保救援信息及时传递）\n操作步骤\n：\n————————————————————————————————————————————————————————————————————————————————-\n12:00 – 12:15\nUAV-11\n起飞，飞往灾区核心区域，执行以下任务：\n- 任务描述：安装临时通信设备，恢复通信。\n- 预期结果：初步恢复灾区核心区域通信。\n\n12:20 – 12:35\nUAV-12\n起飞，飞往灾区北边，执行以下任务：\n- 任务描述：安装临时通信设备，增强北边通信。\n- 预期结果：提升灾区北边通信能力。\n\n12:30 – 12:45\nUAV-13\n起飞，飞往灾区南边，执行以下任务：\n- 任务描述：安装临时通信设备，增强南边通信。\n- 预期结果：提升灾区南边通信能力。\n\n12:40 – 12:55\nUAV-14\n起飞，",
        "key_message": "无人机名字或代号：UAV-11、UAV-12、UAV-13、UAV-14、UAV-15  \n时间：2023年8月15日 12:00 – 14:00、2023年8月15日 12:00 – 12:15、2023年8月15日 12:20 – 12:35、2023年8月15日 12:30 – 12:45、2023年8月15日 12:40 – 12:55  \n地点：四川省成都市青白江区地震灾区（具体坐标：30.6961°N, 104.0536°E）  \n任务优先级重要性：高  \n任务描述信息：安装临时通信设备，恢复通信；安装临时通信设备，增强北边通信；安装临时通信设备，增强南边通信；未提及（对于UAV-14和UAV-15的部分任务描述未完全提供）。"
    },
    {
        "paragraph": "边通信能力。\n\n12:40 – 12:55\nUAV-14\n起飞，飞往灾区东边，执行以下任务：\n- 任务描述：安装临时通信设备，增强东边通信。\n- 预期结果：提升灾区东边通信能力。\n\n12:50 – 13:05\nUAV-15\n起飞，飞往灾区西边，执行以下任务：\n- 任务描述：安装临时通信设备，增强西边通信。\n- 预期结果：提升灾区西边通信能力。\n\n13:10 – 14:00\n所有无人机\n返回起飞点，进行数据回传，执行以下任务：\n- 任务描述：将通信恢复情况实时回传至指挥中心。\n- 数据传输方式：4G网络，确保数据传输的实时性和稳定性。\n\n————————————————————————————————————————————————————————————————————————————————-",
        "key_message": "无人机名字或代号：UAV-14、UAV-15、所有无人机  \n时间：12:40 – 12:55、12:50 – 13:05、13:10 – 14:00  \n地点：灾区东边、灾区西边、起飞点  \n任务优先级重要性：未提及  \n任务描述信息：安装临时通信设备，增强东边通信、安装临时通信设备，增强西边通信、将通信恢复情况实时回传至指挥中心"
    }
]