[
    {
        "paragraph": "灾难救援无人机集群部署与目标定位\n执行时间\n：2023年9月5日 08:00 – 10:00\n执行地点\n：四川省成都市都江堰市震中区域（坐标：30.9844°N, 103.2345°E）\n执行者\n：\nUAV-01至UAV-05\n任务优先级\n：紧急（快速定位受灾区域，为救援队伍提供实时信息）\n任务重要性\n：高（有助于救援队伍快速响应，减少人员伤亡）\n操作步骤\n：\n————————————————————————————————————————————————————————————————————————————————-\n1.1 空中侦察与目标定位\nUAV-01\n任务描述：搭载高清摄像头和热成像仪，对震中区域进行空中侦察，定位受灾建筑物和人员密集区域。\n执行时间：08:00 – 08:30\n执行地点：震中区域上空\n操作步骤：\n- 08:00起飞，飞行高度300m，以每小时50km的速度进行环绕侦察。\n- 使用热成像仪识别温度异常区域，记录位置信息。\n- 使用高清摄像头拍摄受灾建筑物和人员密集区域，每5分钟记录一次。\n\nUAV-02\n任务描述：辅助UAV-01进行目标定位，并记录地震波及范围。\n执行时间：08:",
        "key_message": "无人机名字或代号：UAV-01至UAV-05  \n时间：2023年9月5日 08:00 – 10:00、2023年9月5日 08:00 – 08:30  \n地点：四川省成都市都江堰市震中区域（坐标：30.9844°N, 103.2345°E）、震中区域上空  \n任务优先级重要性：紧急、高  \n任务描述信息：  \n- 搭载高清摄像头和热成像仪，对震中区域进行空中侦察，定位受灾建筑物和人员密集区域。  \n- 辅助UAV-01进行目标定位，并记录地震波及范围。  \n- 08:00起飞，飞行高度300m，以每小时50km的速度进行环绕侦察。  \n- 使用热成像仪识别温度异常区域，记录位置信息。  \n- 使用高清摄像头拍摄受灾建筑物和人员密集区域，每5分钟记录一次。"
    },
    {
        "paragraph": "UAV-01进行目标定位，并记录地震波及范围。\n执行时间：08:00 – 08:30\n执行地点：震中区域上空\n操作步骤：\n- 08:00起飞，飞行高度250m，与UAV-01保持同步飞行。\n- 使用地震波监测设备，记录地震波传播路径和强度。\n- 将监测数据实时传输至地面指挥中心。\n\nUAV-03\n任务描述：使用雷达系统对地面进行扫描，辅助UAV-01和UAV-02进行目标定位。\n执行时间：08:00 – 08:30\n执行地点：震中区域上空\n操作步骤：\n- 08:00起飞，飞行高度350m，以每小时40km的速度进行雷达扫描。\n- 记录雷达反射信号，确定地面建筑物和地形特征。\n- 将雷达数据与热成像和高清摄像头数据结合，提高目标定位准确性。\n\n————————————————————————————————————————————————————————————————————————————————-\n1.2 救援物资投送与人员搜救\nUAV-04\n任务描述：携带救援物资，对UAV-01定位的目标区域进行物资投送。\n执行时间：08:30 – 09:00\n执行地点：震中区域目标区域\n操作步骤：\n- 08:30起飞",
        "key_message": "无人机名字或代号：UAV-01、UAV-03、UAV-04  \n时间：08:00 – 08:30、08:30 – 09:00、08:00  \n地点：震中区域上空、震中区域目标区域  \n任务优先级重要性：未提及  \n任务描述信息：  \n- UAV-01：进行目标定位，并记录地震波及范围；起飞，飞行高度250m，与UAV-01保持同步飞行；使用地震波监测设备，记录地震波传播路径和强度；将监测数据实时传输至地面指挥中心。  \n- UAV-03：使用雷达系统对地面进行扫描，辅助UAV-01和UAV-02进行目标定位；起飞，飞行高度350m，以每小时40km的速度进行雷达扫描；记录雷达反射信号，确定地面建筑物和地形特征；将雷达数据与热成像和高清摄像头数据结合，提高目标定位准确性。  \n- UAV-04：携带救援物资，对UAV-01定位的目标区域进行物资投送；08:30起飞。"
    },
    {
        "paragraph": "00\n执行地点：震中区域目标区域\n操作步骤：\n- 08:30起飞，飞行高度200m，前往UAV-01定位的目标区域。\n- 按照预定航线进行物资投送，确保物资准确送达。\n- 投送完毕后，返回起飞点。\n\nUAV-05\n任务描述：携带搜救设备，对UAV-01定位的人员密集区域进行人员搜救。\n执行时间：08:30 – 09:00\n执行地点：震中区域目标区域\n操作步骤：\n- 08:30起飞，飞行高度150m，前往UAV-01定位的人员密集区域。\n- 使用搜救设备进行人员定位，将位置信息实时传输至地面指挥中心。\n- 协助地面救援队伍进行人员搜救。\n\n————————————————————————————————————————————————————————————————————————————————-\n1.3 数据回传与实时监控\nUAV-01至UAV-05\n任务描述：将侦察、定位、物资投送和人员搜救的数据实时传输至地面指挥中心。\n执行时间：09:00 – 10:00\n执行地点：震中区域上空\n操作步骤：\n- 所有无人机通过5G通道实时传输数据，确保数据传输的实时性和准确性。\n- 地面指挥中心对数据进行实时监控和分析",
        "key_message": "无人机名字或代号：UAV-01、UAV-05  \n时间：08:30 – 09:00、08:30、09:00 – 10:00  \n地点：震中区域目标区域、震中区域上空  \n任务优先级重要性：未提及  \n任务描述信息：  \n- 起飞，飞行高度200m，前往UAV-01定位的目标区域。按照预定航线进行物资投送，确保物资准确送达。投送完毕后，返回起飞点。  \n- 携带搜救设备，对UAV-01定位的人员密集区域进行人员搜救。08:30起飞，飞行高度150m，前往UAV-01定位的人员密集区域。使用搜救设备进行人员定位，将位置信息实时传输至地面指挥中心。协助地面救援队伍进行人员搜救。  \n- 将侦察、定位、物资投送和人员搜救的数据实时传输至地面指挥中心。所有无人机通过5G通道实时传输数据，确保数据传输的实时性和准确性。地面指挥中心对数据进行实时监控和分析。"
    },
    {
        "paragraph": "传输的实时性和准确性。\n- 地面指挥中心对数据进行实时监控和分析，为救援队伍提供决策支持。\n\n————————————————————————————————————————————————————————————————————————————————-\n1.4 目标完成标准\n数据采集覆盖率\n：≥95%\n目标定位准确率\n：≥90%\n物资投送准确率\n：≥95%\n人员搜救准确率\n：≥80%\n数据回传延迟\n：≤3秒\n设备状态\n：所有无人机在任务结束后，完成设备检查并恢复至满电状态。",
        "key_message": "无人机名字或代号：未提及  \n时间：未提及  \n地点：未提及  \n任务优先级重要性：未提及  \n任务描述信息：数据采集、目标定位、物资投送、人员搜救、数据回传、设备检查并恢复至满电状态"
    }
]