[
    {
        "paragraph": "UAV-01:\n实体关系：东部快递配送\n时间：2023年11月15日 08:00\n地点：朝阳区三环内指定起飞点\n任务优先级重要性：高\n具体任务：完成电池电量检查、飞行控制系统检查、导航与避障系统检查、摄像头与投递系统检查。"
    },
    {
        "paragraph": "UAV-02:\n实体关系：东部快递配送\n时间：2023年11月15日 08:00\n地点：朝阳区三环内指定起飞点\n任务优先级重要性：高\n具体任务：完成电池电量检查、飞行控制系统检查、导航与避障系统检查、摄像头与投递系统检查。"
    },
    {
        "paragraph": "UAV-03:\n实体关系：东部快递配送\n时间：2023年11月15日 08:00\n地点：朝阳区三环内指定起飞点\n任务优先级重要性：高\n具体任务：完成电池电量检查、飞行控制系统检查、导航与避障系统检查、摄像头与投递系统检查。"
    },
    {
        "paragraph": "UAV-04:\n实体关系：东部快递配送\n时间：2023年11月15日 08:00\n地点：朝阳区三环内指定起飞点\n任务优先级重要性：高\n具体任务：完成电池电量检查、飞行控制系统检查、导航与避障系统检查、摄像头与投递系统检查。"
    },
    {
        "paragraph": "UAV-05:\n实体关系：东部快递配送\n时间：2023年11月15日 08:00\n地点：朝阳区三环内指定起飞点\n任务优先级重要性：高\n具体任务：完成电池电量检查、飞行控制系统检查、导航与避障系统检查、摄像头与投递系统检查。"
    },
    {
        "paragraph": "UAV-06:\n实体关系：西部快递配送\n时间：2023年11月15日 08:00\n地点：朝阳区三环内指定起飞点\n任务优先级重要性：高\n具体任务：完成电池电量检查、飞行控制系统检查、导航与避障系统检查、摄像头与投递系统检查。"
    },
    {
        "paragraph": "UAV-07:\n实体关系：西部快递配送\n时间：2023年11月15日 08:00\n地点：朝阳区三环内指定起飞点\n任务优先级重要性：高\n具体任务：完成电池电量检查、飞行控制系统检查、导航与避障系统检查、摄像头与投递系统检查。"
    },
    {
        "paragraph": "UAV-08:\n实体关系：西部快递配送\n时间：2023年11月15日 08:00\n地点：朝阳区三环内指定起飞点\n任务优先级重要性：高\n具体任务：完成电池电量检查、飞行控制系统检查、导航与避障系统检查、摄像头与投递系统检查。"
    },
    {
        "paragraph": "UAV-09:\n实体关系：西部快递配送\n时间：2023年11月15日 08:00\n地点：朝阳区三环内指定起飞点\n任务优先级重要性：高\n具体任务：完成电池电量检查、飞行控制系统检查、导航与避障系统检查、摄像头与投递系统检查。"
    },
    {
        "paragraph": "UAV-10:\n实体关系：西部快递配送\n时间：2023年11月15日 08:00\n地点：朝阳区三环内指定起飞点\n任务优先级重要性：高\n具体任务：完成电池电量检查、飞行控制系统检查、导航与避障系统检查、摄像头与投递系统检查。"
    },
    {
        "paragraph": "UAV-01至UAV-05:\n实体关系：东部快递配送\n时间：2023年11月15日 08:30 – 09:00\n地点：朝阳区三环内指定起飞点\n任务优先级重要性：高\n具体任务：从指定起飞点起飞，沿三环路向东飞行，依次经过团结湖公园、朝阳公园、望京科技园区等地，最终到达目的地。"
    },
    {
        "paragraph": "UAV-06至UAV-10:\n实体关系：西部快递配送\n时间：2023年11月15日 08:30 – 09:00\n地点：朝阳区三环内指定起飞点\n任务优先级重要性：高\n具体任务：从指定起飞点起飞，沿三环路向西飞行，依次经过北京商务中心区、中央商务区、奥林匹克公园等地，最终到达目的地。"
    },
    {
        "paragraph": "UAV-01至UAV-05:\n实体关系：东部快递投递\n时间：2023年11月15日 09:00 – 11:00\n地点：朝阳区三环内指定投递区域\n任务优先级重要性：高\n具体任务：在预定地点上空悬停，通过摄像头确认收件人身份，将快递包裹投递至指定位置。"
    },
    {
        "paragraph": "UAV-06至UAV-10:\n实体关系：西部快递投递\n时间：2023年11月15日 09:00 – 11:00\n地点：朝阳区三环内指定投递区域\n任务优先级重要性：高\n具体任务：在预定地点上空悬停，通过摄像头确认收件人身份，将快递包裹投递至指定位置。"
    },
    {
        "paragraph": "UAV-01至UAV-10:\n实体关系：快递配送任务结束\n时间：2023年11月15日 11:00 – 12:00\n地点：朝阳区三环内指定回收点\n任务优先级重要性：高\n具体任务：降落在回收点，关闭飞行控制系统，将无人机收回包装箱。"
    }
]