[
    {
        "content2_para": "UAV-01:\n实体关系：东城区快递配送\n时间：2023年10月20日 09:00\n地点：市区快递配送中心（39.9042°N, 116.4074°E）\n任务优先级重要性：高\n具体任务：完成设备自检，确保高清摄像头、飞行控制系统、GPS定位系统正常，电池电量≥95%。",
        "matches": [
            {
                "content1_para": "无人机快递配送任务\n执行时间：2023年10月20日 09:00 – 11:30\n执行地点：市区快递配送中心（坐标：39.9042°N, 116.4074°E）\n执行者：\nUAV-01：负责配送快递至东城区指定地址\nUAV-02：负责配送快递至西城区指定地址\nUAV-03：负责配送快递至南城区指定地址\nUAV-04：负责配送快递至北城区指定地址\n任务优先级：高（确保快递准时送达）\n重要性：高（提高顾客满意度）\n操作步骤：\nUAV-01\n于2023年10月20日 09:00在快递配送中心完成设备自检，确保以下系统正常：\n- 高清摄像头\n- 飞行控制系统\n- GPS定位系统\n- 电池电量≥95%\nUAV-02\n于2023年10月20日 09:15同步进行设备校准，重点检查以下功能：\n- 低空避障雷达\n- 飞行路径规划算法\n- 电池电量≥95%\nUAV-03\n于2023年10月20日 09:30同步进行设备自检，确保以下系统正常：\n- 高清摄像头\n- 飞行控制系统\n- GPS定位系统\n- 电池电量≥95%\nUAV-04\n于2023年10月20日 09:45同步进行设备自检，确保以下系统正常：\n- 高清摄像头\n- 飞",
                "content1_msg": "无人机名字或代号：UAV-01、UAV-02、UAV-03、UAV-04  \n时间：2023年10月20日 09:00 – 11:30、2023年10月20日 09:00、2023年10月20日 09:15、2023年10月20日 09:30、2023年10月20日 09:45  \n地点：市区快递配送中心（坐标：39.9042°N, 116.4074°E）、东城区指定地址、西城区指定地址、南城区指定地址、北城区指定地址  \n任务优先级重要性：高（确保快递准时送达）、高（提高顾客满意度）  \n任务描述信息：负责配送快递至东城区指定地址、负责配送快递至西城区指定地址、负责配送快递至南城区指定地址、负责配送快递至北城区指定地址、完成设备自检、同步进行设备校准、同步进行设备自检",
                "similarity": 0.8212780007030398
            },
            {
                "content1_para": "返航与任务总结\n执行时间：2023年10月20日 11:45 – 12:00\n执行地点：市区快递配送中心\n执行者：\nUAV-01：执行返航\nUAV-02：执行返航\nUAV-03：执行返航\nUAV-04：执行返航\n任务优先级：高（确保数据完整性与任务复盘分析）\n操作步骤：\nUAV-01\n与\nUAV-02\n与\nUAV-03\n与\nUAV-04\n于2023年10月20日 11:45按既定航线返航，飞行高度100米，确保安全返回。\n数据总结与评估：\n整理并分析配送数据，形成《无人机快递配送任务总结报告》。",
                "content1_msg": "无人机名字或代号：UAV-01、UAV-02、UAV-03、UAV-04  \n时间：2023年10月20日 11:45 – 12:00、2023年10月20日 11:45  \n地点：市区快递配送中心  \n任务优先级重要性：高  \n任务描述信息：按既定航线返航，飞行高度100米，确保安全返回。",
                "similarity": 0.6899758844602635
            }
        ]
    },
    {
        "content2_para": "UAV-02:\n实体关系：西城区快递配送\n时间：2023年10月20日 09:15\n地点：市区快递配送中心\n任务优先级重要性：高\n具体任务：同步进行设备校准，检查低空避障雷达、飞行路径规划算法，电池电量≥95%。",
        "matches": [
            {
                "content1_para": "无人机快递配送任务\n执行时间：2023年10月20日 09:00 – 11:30\n执行地点：市区快递配送中心（坐标：39.9042°N, 116.4074°E）\n执行者：\nUAV-01：负责配送快递至东城区指定地址\nUAV-02：负责配送快递至西城区指定地址\nUAV-03：负责配送快递至南城区指定地址\nUAV-04：负责配送快递至北城区指定地址\n任务优先级：高（确保快递准时送达）\n重要性：高（提高顾客满意度）\n操作步骤：\nUAV-01\n于2023年10月20日 09:00在快递配送中心完成设备自检，确保以下系统正常：\n- 高清摄像头\n- 飞行控制系统\n- GPS定位系统\n- 电池电量≥95%\nUAV-02\n于2023年10月20日 09:15同步进行设备校准，重点检查以下功能：\n- 低空避障雷达\n- 飞行路径规划算法\n- 电池电量≥95%\nUAV-03\n于2023年10月20日 09:30同步进行设备自检，确保以下系统正常：\n- 高清摄像头\n- 飞行控制系统\n- GPS定位系统\n- 电池电量≥95%\nUAV-04\n于2023年10月20日 09:45同步进行设备自检，确保以下系统正常：\n- 高清摄像头\n- 飞",
                "content1_msg": "无人机名字或代号：UAV-01、UAV-02、UAV-03、UAV-04  \n时间：2023年10月20日 09:00 – 11:30、2023年10月20日 09:00、2023年10月20日 09:15、2023年10月20日 09:30、2023年10月20日 09:45  \n地点：市区快递配送中心（坐标：39.9042°N, 116.4074°E）、东城区指定地址、西城区指定地址、南城区指定地址、北城区指定地址  \n任务优先级重要性：高（确保快递准时送达）、高（提高顾客满意度）  \n任务描述信息：负责配送快递至东城区指定地址、负责配送快递至西城区指定地址、负责配送快递至南城区指定地址、负责配送快递至北城区指定地址、完成设备自检、同步进行设备校准、同步进行设备自检",
                "similarity": 0.8019754409678217
            },
            {
                "content1_para": "返航与任务总结\n执行时间：2023年10月20日 11:45 – 12:00\n执行地点：市区快递配送中心\n执行者：\nUAV-01：执行返航\nUAV-02：执行返航\nUAV-03：执行返航\nUAV-04：执行返航\n任务优先级：高（确保数据完整性与任务复盘分析）\n操作步骤：\nUAV-01\n与\nUAV-02\n与\nUAV-03\n与\nUAV-04\n于2023年10月20日 11:45按既定航线返航，飞行高度100米，确保安全返回。\n数据总结与评估：\n整理并分析配送数据，形成《无人机快递配送任务总结报告》。",
                "content1_msg": "无人机名字或代号：UAV-01、UAV-02、UAV-03、UAV-04  \n时间：2023年10月20日 11:45 – 12:00、2023年10月20日 11:45  \n地点：市区快递配送中心  \n任务优先级重要性：高  \n任务描述信息：按既定航线返航，飞行高度100米，确保安全返回。",
                "similarity": 0.6991730863915946
            }
        ]
    },
    {
        "content2_para": "UAV-03:\n实体关系：南城区快递配送\n时间：2023年10月20日 09:30\n地点：市区快递配送中心\n任务优先级重要性：高\n具体任务：完成设备自检，确保高清摄像头、飞行控制系统、GPS定位系统正常，电池电量≥95%。",
        "matches": [
            {
                "content1_para": "无人机快递配送任务\n执行时间：2023年10月20日 09:00 – 11:30\n执行地点：市区快递配送中心（坐标：39.9042°N, 116.4074°E）\n执行者：\nUAV-01：负责配送快递至东城区指定地址\nUAV-02：负责配送快递至西城区指定地址\nUAV-03：负责配送快递至南城区指定地址\nUAV-04：负责配送快递至北城区指定地址\n任务优先级：高（确保快递准时送达）\n重要性：高（提高顾客满意度）\n操作步骤：\nUAV-01\n于2023年10月20日 09:00在快递配送中心完成设备自检，确保以下系统正常：\n- 高清摄像头\n- 飞行控制系统\n- GPS定位系统\n- 电池电量≥95%\nUAV-02\n于2023年10月20日 09:15同步进行设备校准，重点检查以下功能：\n- 低空避障雷达\n- 飞行路径规划算法\n- 电池电量≥95%\nUAV-03\n于2023年10月20日 09:30同步进行设备自检，确保以下系统正常：\n- 高清摄像头\n- 飞行控制系统\n- GPS定位系统\n- 电池电量≥95%\nUAV-04\n于2023年10月20日 09:45同步进行设备自检，确保以下系统正常：\n- 高清摄像头\n- 飞",
                "content1_msg": "无人机名字或代号：UAV-01、UAV-02、UAV-03、UAV-04  \n时间：2023年10月20日 09:00 – 11:30、2023年10月20日 09:00、2023年10月20日 09:15、2023年10月20日 09:30、2023年10月20日 09:45  \n地点：市区快递配送中心（坐标：39.9042°N, 116.4074°E）、东城区指定地址、西城区指定地址、南城区指定地址、北城区指定地址  \n任务优先级重要性：高（确保快递准时送达）、高（提高顾客满意度）  \n任务描述信息：负责配送快递至东城区指定地址、负责配送快递至西城区指定地址、负责配送快递至南城区指定地址、负责配送快递至北城区指定地址、完成设备自检、同步进行设备校准、同步进行设备自检",
                "similarity": 0.8182560263018955
            },
            {
                "content1_para": "45同步进行设备自检，确保以下系统正常：\n- 高清摄像头\n- 飞行控制系统\n- GPS定位系统\n- 电池电量≥95%\n\n————————————————————————————————————————————————————————————————————————————————-",
                "content1_msg": "无人机名字或代号：未提及  \n时间：未提及  \n地点：未提及  \n任务优先级重要性：未提及  \n任务描述信息：同步进行设备自检，确保高清摄像头、飞行控制系统、GPS定位系统正常，电池电量≥95%。",
                "similarity": 0.7394852795935272
            }
        ]
    },
    {
        "content2_para": "UAV-04:\n实体关系：北城区快递配送\n时间：2023年10月20日 09:45\n地点：市区快递配送中心\n任务优先级重要性：高\n具体任务：完成设备自检，确保高清摄像头、飞行控制系统、GPS定位系统正常，电池电量≥95%。",
        "matches": [
            {
                "content1_para": "无人机快递配送任务\n执行时间：2023年10月20日 09:00 – 11:30\n执行地点：市区快递配送中心（坐标：39.9042°N, 116.4074°E）\n执行者：\nUAV-01：负责配送快递至东城区指定地址\nUAV-02：负责配送快递至西城区指定地址\nUAV-03：负责配送快递至南城区指定地址\nUAV-04：负责配送快递至北城区指定地址\n任务优先级：高（确保快递准时送达）\n重要性：高（提高顾客满意度）\n操作步骤：\nUAV-01\n于2023年10月20日 09:00在快递配送中心完成设备自检，确保以下系统正常：\n- 高清摄像头\n- 飞行控制系统\n- GPS定位系统\n- 电池电量≥95%\nUAV-02\n于2023年10月20日 09:15同步进行设备校准，重点检查以下功能：\n- 低空避障雷达\n- 飞行路径规划算法\n- 电池电量≥95%\nUAV-03\n于2023年10月20日 09:30同步进行设备自检，确保以下系统正常：\n- 高清摄像头\n- 飞行控制系统\n- GPS定位系统\n- 电池电量≥95%\nUAV-04\n于2023年10月20日 09:45同步进行设备自检，确保以下系统正常：\n- 高清摄像头\n- 飞",
                "content1_msg": "无人机名字或代号：UAV-01、UAV-02、UAV-03、UAV-04  \n时间：2023年10月20日 09:00 – 11:30、2023年10月20日 09:00、2023年10月20日 09:15、2023年10月20日 09:30、2023年10月20日 09:45  \n地点：市区快递配送中心（坐标：39.9042°N, 116.4074°E）、东城区指定地址、西城区指定地址、南城区指定地址、北城区指定地址  \n任务优先级重要性：高（确保快递准时送达）、高（提高顾客满意度）  \n任务描述信息：负责配送快递至东城区指定地址、负责配送快递至西城区指定地址、负责配送快递至南城区指定地址、负责配送快递至北城区指定地址、完成设备自检、同步进行设备校准、同步进行设备自检",
                "similarity": 0.8101592018222031
            },
            {
                "content1_para": "45同步进行设备自检，确保以下系统正常：\n- 高清摄像头\n- 飞行控制系统\n- GPS定位系统\n- 电池电量≥95%\n\n————————————————————————————————————————————————————————————————————————————————-",
                "content1_msg": "无人机名字或代号：未提及  \n时间：未提及  \n地点：未提及  \n任务优先级重要性：未提及  \n任务描述信息：同步进行设备自检，确保高清摄像头、飞行控制系统、GPS定位系统正常，电池电量≥95%。",
                "similarity": 0.7315239870023141
            }
        ]
    },
    {
        "content2_para": "UAV-01:\n时间：2023年10月20日 10:00\n地点：市区快递配送中心\n任务优先级重要性：高\n具体任务：按指定航线起飞，飞行高度100米，速度20 km/h，监测配送中心至东城区指定地址。",
        "matches": [
            {
                "content1_para": "起飞与目标区域巡航\n执行时间：2023年10月20日 10:00 – 10:30\n执行地点：市区快递配送中心至东城区、西城区、南城区、北城区\n执行者：\nUAV-01：负责东城区配送任务\nUAV-02：负责西城区配送任务\nUAV-03：负责南城区配送任务\nUAV-04：负责北城区配送任务\n任务优先级：高（确保快递准时送达）\n操作步骤：\nUAV-01\n于2023年10月20日 10:00按指定航线起飞，飞行参数如下：\n- 飞行高度：100米\n- 飞行速度：20 km/h\n- 监测范围：配送中心至东城区指定地址\nUAV-02\n于2023年10月20日 10:05按指定航线起飞，飞行参数如下：\n- 飞行高度：100米\n- 飞行速度：20 km/h\n- 监测范围：配送中心至西城区指定地址\nUAV-03\n于2023年10月20日 10:10按指定航线起飞，飞行参数如下：\n- 飞行高度：100米\n- 飞行速度：20 km/h\n- 监测范围：配送中心至南城区指定地址\nUAV-04\n于2023年10月20日 10:15按指定航线起飞，飞行参数如下：\n- 飞行高度：100米\n- 飞行速度：20 km/h\n- 监测范围：配送中心至",
                "content1_msg": "无人机名字或代号：UAV-01、UAV-02、UAV-03、UAV-04  \n时间：2023年10月20日 10:00 – 10:30、2023年10月20日 10:00、2023年10月20日 10:05、2023年10月20日 10:10、2023年10月20日 10:15  \n地点：市区快递配送中心至东城区、西城区、南城区、北城区  \n任务优先级重要性：高  \n任务描述信息：起飞，按指定航线飞行，配送快递至东城区、西城区、南城区、北城区指定地址（飞行高度：100米，飞行速度：20 km/h）。",
                "similarity": 0.7603162498928648
            },
            {
                "content1_para": "返航与任务总结\n执行时间：2023年10月20日 11:45 – 12:00\n执行地点：市区快递配送中心\n执行者：\nUAV-01：执行返航\nUAV-02：执行返航\nUAV-03：执行返航\nUAV-04：执行返航\n任务优先级：高（确保数据完整性与任务复盘分析）\n操作步骤：\nUAV-01\n与\nUAV-02\n与\nUAV-03\n与\nUAV-04\n于2023年10月20日 11:45按既定航线返航，飞行高度100米，确保安全返回。\n数据总结与评估：\n整理并分析配送数据，形成《无人机快递配送任务总结报告》。",
                "content1_msg": "无人机名字或代号：UAV-01、UAV-02、UAV-03、UAV-04  \n时间：2023年10月20日 11:45 – 12:00、2023年10月20日 11:45  \n地点：市区快递配送中心  \n任务优先级重要性：高  \n任务描述信息：按既定航线返航，飞行高度100米，确保安全返回。",
                "similarity": 0.733689647346403
            }
        ]
    },
    {
        "content2_para": "UAV-02:\n时间：2023年10月20日 10:05\n地点：市区快递配送中心\n任务优先级重要性：高\n具体任务：按指定航线起飞，飞行高度100米，速度20 km/h，监测配送中心至西城区指定地址。",
        "matches": [
            {
                "content1_para": "起飞与目标区域巡航\n执行时间：2023年10月20日 10:00 – 10:30\n执行地点：市区快递配送中心至东城区、西城区、南城区、北城区\n执行者：\nUAV-01：负责东城区配送任务\nUAV-02：负责西城区配送任务\nUAV-03：负责南城区配送任务\nUAV-04：负责北城区配送任务\n任务优先级：高（确保快递准时送达）\n操作步骤：\nUAV-01\n于2023年10月20日 10:00按指定航线起飞，飞行参数如下：\n- 飞行高度：100米\n- 飞行速度：20 km/h\n- 监测范围：配送中心至东城区指定地址\nUAV-02\n于2023年10月20日 10:05按指定航线起飞，飞行参数如下：\n- 飞行高度：100米\n- 飞行速度：20 km/h\n- 监测范围：配送中心至西城区指定地址\nUAV-03\n于2023年10月20日 10:10按指定航线起飞，飞行参数如下：\n- 飞行高度：100米\n- 飞行速度：20 km/h\n- 监测范围：配送中心至南城区指定地址\nUAV-04\n于2023年10月20日 10:15按指定航线起飞，飞行参数如下：\n- 飞行高度：100米\n- 飞行速度：20 km/h\n- 监测范围：配送中心至",
                "content1_msg": "无人机名字或代号：UAV-01、UAV-02、UAV-03、UAV-04  \n时间：2023年10月20日 10:00 – 10:30、2023年10月20日 10:00、2023年10月20日 10:05、2023年10月20日 10:10、2023年10月20日 10:15  \n地点：市区快递配送中心至东城区、西城区、南城区、北城区  \n任务优先级重要性：高  \n任务描述信息：起飞，按指定航线飞行，配送快递至东城区、西城区、南城区、北城区指定地址（飞行高度：100米，飞行速度：20 km/h）。",
                "similarity": 0.7621214151050301
            },
            {
                "content1_para": "返航与任务总结\n执行时间：2023年10月20日 11:45 – 12:00\n执行地点：市区快递配送中心\n执行者：\nUAV-01：执行返航\nUAV-02：执行返航\nUAV-03：执行返航\nUAV-04：执行返航\n任务优先级：高（确保数据完整性与任务复盘分析）\n操作步骤：\nUAV-01\n与\nUAV-02\n与\nUAV-03\n与\nUAV-04\n于2023年10月20日 11:45按既定航线返航，飞行高度100米，确保安全返回。\n数据总结与评估：\n整理并分析配送数据，形成《无人机快递配送任务总结报告》。",
                "content1_msg": "无人机名字或代号：UAV-01、UAV-02、UAV-03、UAV-04  \n时间：2023年10月20日 11:45 – 12:00、2023年10月20日 11:45  \n地点：市区快递配送中心  \n任务优先级重要性：高  \n任务描述信息：按既定航线返航，飞行高度100米，确保安全返回。",
                "similarity": 0.7321125199275196
            }
        ]
    },
    {
        "content2_para": "UAV-03:\n时间：2023年10月20日 10:10\n地点：市区快递配送中心\n任务优先级重要性：高\n具体任务：按指定航线起飞，飞行高度100米，速度20 km/h，监测配送中心至南城区指定地址。",
        "matches": [
            {
                "content1_para": "起飞与目标区域巡航\n执行时间：2023年10月20日 10:00 – 10:30\n执行地点：市区快递配送中心至东城区、西城区、南城区、北城区\n执行者：\nUAV-01：负责东城区配送任务\nUAV-02：负责西城区配送任务\nUAV-03：负责南城区配送任务\nUAV-04：负责北城区配送任务\n任务优先级：高（确保快递准时送达）\n操作步骤：\nUAV-01\n于2023年10月20日 10:00按指定航线起飞，飞行参数如下：\n- 飞行高度：100米\n- 飞行速度：20 km/h\n- 监测范围：配送中心至东城区指定地址\nUAV-02\n于2023年10月20日 10:05按指定航线起飞，飞行参数如下：\n- 飞行高度：100米\n- 飞行速度：20 km/h\n- 监测范围：配送中心至西城区指定地址\nUAV-03\n于2023年10月20日 10:10按指定航线起飞，飞行参数如下：\n- 飞行高度：100米\n- 飞行速度：20 km/h\n- 监测范围：配送中心至南城区指定地址\nUAV-04\n于2023年10月20日 10:15按指定航线起飞，飞行参数如下：\n- 飞行高度：100米\n- 飞行速度：20 km/h\n- 监测范围：配送中心至",
                "content1_msg": "无人机名字或代号：UAV-01、UAV-02、UAV-03、UAV-04  \n时间：2023年10月20日 10:00 – 10:30、2023年10月20日 10:00、2023年10月20日 10:05、2023年10月20日 10:10、2023年10月20日 10:15  \n地点：市区快递配送中心至东城区、西城区、南城区、北城区  \n任务优先级重要性：高  \n任务描述信息：起飞，按指定航线飞行，配送快递至东城区、西城区、南城区、北城区指定地址（飞行高度：100米，飞行速度：20 km/h）。",
                "similarity": 0.7775588046410142
            },
            {
                "content1_para": "快递投递与返回\n执行时间：2023年10月20日 10:30 – 11:30\n执行地点：东城区、西城区、南城区、北城区指定地址\n执行者：\nUAV-01：负责东城区快递投递\nUAV-02：负责西城区快递投递\nUAV-03：负责南城区快递投递\nUAV-04：负责北城区快递投递\n任务优先级：高（确保快递准时送达）\n操作步骤：\nUAV-01\n于2023年10月20日 10:30到达东城区指定地址，进行快递投递\nUAV-02\n于2023年10月20日 10:35到达西城区指定地址，进行快递投递\nUAV-03\n于2023年10月20日 10:40到达南城区指定地址，进行快递投递\nUAV-04\n于2023年10月20日 10:45到达北城区指定地址，进行快递投递\n所有无人机于2023年10月20日 11:30完成投递任务后，按既定航线返航至市区快递配送中心。\n\n————————————————————————————————————————————————————————————————————————————————-",
                "content1_msg": "无人机名字或代号：UAV-01、UAV-02、UAV-03、UAV-04  \n时间：2023年10月20日 10:30 – 11:30、2023年10月20日 10:30、2023年10月20日 10:35、2023年10月20日 10:40、2023年10月20日 10:45、2023年10月20日 11:30  \n地点：东城区指定地址、西城区指定地址、南城区指定地址、北城区指定地址、市区快递配送中心  \n任务优先级重要性：高  \n任务描述信息：到达指定地址进行快递投递，完成投递任务后按既定航线返航至市区快递配送中心。",
                "similarity": 0.7493523005503612
            }
        ]
    },
    {
        "content2_para": "UAV-04:\n时间：2023年10月20日 10:15\n地点：市区快递配送中心\n任务优先级重要性：高\n具体任务：按指定航线起飞，飞行高度100米，速度20 km/h，监测配送中心至北城区指定地址。",
        "matches": [
            {
                "content1_para": "起飞与目标区域巡航\n执行时间：2023年10月20日 10:00 – 10:30\n执行地点：市区快递配送中心至东城区、西城区、南城区、北城区\n执行者：\nUAV-01：负责东城区配送任务\nUAV-02：负责西城区配送任务\nUAV-03：负责南城区配送任务\nUAV-04：负责北城区配送任务\n任务优先级：高（确保快递准时送达）\n操作步骤：\nUAV-01\n于2023年10月20日 10:00按指定航线起飞，飞行参数如下：\n- 飞行高度：100米\n- 飞行速度：20 km/h\n- 监测范围：配送中心至东城区指定地址\nUAV-02\n于2023年10月20日 10:05按指定航线起飞，飞行参数如下：\n- 飞行高度：100米\n- 飞行速度：20 km/h\n- 监测范围：配送中心至西城区指定地址\nUAV-03\n于2023年10月20日 10:10按指定航线起飞，飞行参数如下：\n- 飞行高度：100米\n- 飞行速度：20 km/h\n- 监测范围：配送中心至南城区指定地址\nUAV-04\n于2023年10月20日 10:15按指定航线起飞，飞行参数如下：\n- 飞行高度：100米\n- 飞行速度：20 km/h\n- 监测范围：配送中心至",
                "content1_msg": "无人机名字或代号：UAV-01、UAV-02、UAV-03、UAV-04  \n时间：2023年10月20日 10:00 – 10:30、2023年10月20日 10:00、2023年10月20日 10:05、2023年10月20日 10:10、2023年10月20日 10:15  \n地点：市区快递配送中心至东城区、西城区、南城区、北城区  \n任务优先级重要性：高  \n任务描述信息：起飞，按指定航线飞行，配送快递至东城区、西城区、南城区、北城区指定地址（飞行高度：100米，飞行速度：20 km/h）。",
                "similarity": 0.7612321138049812
            },
            {
                "content1_para": "返航与任务总结\n执行时间：2023年10月20日 11:45 – 12:00\n执行地点：市区快递配送中心\n执行者：\nUAV-01：执行返航\nUAV-02：执行返航\nUAV-03：执行返航\nUAV-04：执行返航\n任务优先级：高（确保数据完整性与任务复盘分析）\n操作步骤：\nUAV-01\n与\nUAV-02\n与\nUAV-03\n与\nUAV-04\n于2023年10月20日 11:45按既定航线返航，飞行高度100米，确保安全返回。\n数据总结与评估：\n整理并分析配送数据，形成《无人机快递配送任务总结报告》。",
                "content1_msg": "无人机名字或代号：UAV-01、UAV-02、UAV-03、UAV-04  \n时间：2023年10月20日 11:45 – 12:00、2023年10月20日 11:45  \n地点：市区快递配送中心  \n任务优先级重要性：高  \n任务描述信息：按既定航线返航，飞行高度100米，确保安全返回。",
                "similarity": 0.7307190825419605
            }
        ]
    },
    {
        "content2_para": "UAV-01:\n时间：2023年10月20日 10:30\n地点：东城区指定地址\n任务优先级重要性：高\n具体任务：到达指定地址，进行快递投递。",
        "matches": [
            {
                "content1_para": "快递投递与返回\n执行时间：2023年10月20日 10:30 – 11:30\n执行地点：东城区、西城区、南城区、北城区指定地址\n执行者：\nUAV-01：负责东城区快递投递\nUAV-02：负责西城区快递投递\nUAV-03：负责南城区快递投递\nUAV-04：负责北城区快递投递\n任务优先级：高（确保快递准时送达）\n操作步骤：\nUAV-01\n于2023年10月20日 10:30到达东城区指定地址，进行快递投递\nUAV-02\n于2023年10月20日 10:35到达西城区指定地址，进行快递投递\nUAV-03\n于2023年10月20日 10:40到达南城区指定地址，进行快递投递\nUAV-04\n于2023年10月20日 10:45到达北城区指定地址，进行快递投递\n所有无人机于2023年10月20日 11:30完成投递任务后，按既定航线返航至市区快递配送中心。\n\n————————————————————————————————————————————————————————————————————————————————-",
                "content1_msg": "无人机名字或代号：UAV-01、UAV-02、UAV-03、UAV-04  \n时间：2023年10月20日 10:30 – 11:30、2023年10月20日 10:30、2023年10月20日 10:35、2023年10月20日 10:40、2023年10月20日 10:45、2023年10月20日 11:30  \n地点：东城区指定地址、西城区指定地址、南城区指定地址、北城区指定地址、市区快递配送中心  \n任务优先级重要性：高  \n任务描述信息：到达指定地址进行快递投递，完成投递任务后按既定航线返航至市区快递配送中心。",
                "similarity": 0.8312475564723045
            },
            {
                "content1_para": "起飞与目标区域巡航\n执行时间：2023年10月20日 10:00 – 10:30\n执行地点：市区快递配送中心至东城区、西城区、南城区、北城区\n执行者：\nUAV-01：负责东城区配送任务\nUAV-02：负责西城区配送任务\nUAV-03：负责南城区配送任务\nUAV-04：负责北城区配送任务\n任务优先级：高（确保快递准时送达）\n操作步骤：\nUAV-01\n于2023年10月20日 10:00按指定航线起飞，飞行参数如下：\n- 飞行高度：100米\n- 飞行速度：20 km/h\n- 监测范围：配送中心至东城区指定地址\nUAV-02\n于2023年10月20日 10:05按指定航线起飞，飞行参数如下：\n- 飞行高度：100米\n- 飞行速度：20 km/h\n- 监测范围：配送中心至西城区指定地址\nUAV-03\n于2023年10月20日 10:10按指定航线起飞，飞行参数如下：\n- 飞行高度：100米\n- 飞行速度：20 km/h\n- 监测范围：配送中心至南城区指定地址\nUAV-04\n于2023年10月20日 10:15按指定航线起飞，飞行参数如下：\n- 飞行高度：100米\n- 飞行速度：20 km/h\n- 监测范围：配送中心至",
                "content1_msg": "无人机名字或代号：UAV-01、UAV-02、UAV-03、UAV-04  \n时间：2023年10月20日 10:00 – 10:30、2023年10月20日 10:00、2023年10月20日 10:05、2023年10月20日 10:10、2023年10月20日 10:15  \n地点：市区快递配送中心至东城区、西城区、南城区、北城区  \n任务优先级重要性：高  \n任务描述信息：起飞，按指定航线飞行，配送快递至东城区、西城区、南城区、北城区指定地址（飞行高度：100米，飞行速度：20 km/h）。",
                "similarity": 0.7165475293638517
            }
        ]
    },
    {
        "content2_para": "UAV-02:\n时间：2023年10月20日 10:35\n地点：西城区指定地址\n任务优先级重要性：高\n具体任务：到达指定地址，进行快递投递。",
        "matches": [
            {
                "content1_para": "快递投递与返回\n执行时间：2023年10月20日 10:30 – 11:30\n执行地点：东城区、西城区、南城区、北城区指定地址\n执行者：\nUAV-01：负责东城区快递投递\nUAV-02：负责西城区快递投递\nUAV-03：负责南城区快递投递\nUAV-04：负责北城区快递投递\n任务优先级：高（确保快递准时送达）\n操作步骤：\nUAV-01\n于2023年10月20日 10:30到达东城区指定地址，进行快递投递\nUAV-02\n于2023年10月20日 10:35到达西城区指定地址，进行快递投递\nUAV-03\n于2023年10月20日 10:40到达南城区指定地址，进行快递投递\nUAV-04\n于2023年10月20日 10:45到达北城区指定地址，进行快递投递\n所有无人机于2023年10月20日 11:30完成投递任务后，按既定航线返航至市区快递配送中心。\n\n————————————————————————————————————————————————————————————————————————————————-",
                "content1_msg": "无人机名字或代号：UAV-01、UAV-02、UAV-03、UAV-04  \n时间：2023年10月20日 10:30 – 11:30、2023年10月20日 10:30、2023年10月20日 10:35、2023年10月20日 10:40、2023年10月20日 10:45、2023年10月20日 11:30  \n地点：东城区指定地址、西城区指定地址、南城区指定地址、北城区指定地址、市区快递配送中心  \n任务优先级重要性：高  \n任务描述信息：到达指定地址进行快递投递，完成投递任务后按既定航线返航至市区快递配送中心。",
                "similarity": 0.8320940481492769
            },
            {
                "content1_para": "起飞与目标区域巡航\n执行时间：2023年10月20日 10:00 – 10:30\n执行地点：市区快递配送中心至东城区、西城区、南城区、北城区\n执行者：\nUAV-01：负责东城区配送任务\nUAV-02：负责西城区配送任务\nUAV-03：负责南城区配送任务\nUAV-04：负责北城区配送任务\n任务优先级：高（确保快递准时送达）\n操作步骤：\nUAV-01\n于2023年10月20日 10:00按指定航线起飞，飞行参数如下：\n- 飞行高度：100米\n- 飞行速度：20 km/h\n- 监测范围：配送中心至东城区指定地址\nUAV-02\n于2023年10月20日 10:05按指定航线起飞，飞行参数如下：\n- 飞行高度：100米\n- 飞行速度：20 km/h\n- 监测范围：配送中心至西城区指定地址\nUAV-03\n于2023年10月20日 10:10按指定航线起飞，飞行参数如下：\n- 飞行高度：100米\n- 飞行速度：20 km/h\n- 监测范围：配送中心至南城区指定地址\nUAV-04\n于2023年10月20日 10:15按指定航线起飞，飞行参数如下：\n- 飞行高度：100米\n- 飞行速度：20 km/h\n- 监测范围：配送中心至",
                "content1_msg": "无人机名字或代号：UAV-01、UAV-02、UAV-03、UAV-04  \n时间：2023年10月20日 10:00 – 10:30、2023年10月20日 10:00、2023年10月20日 10:05、2023年10月20日 10:10、2023年10月20日 10:15  \n地点：市区快递配送中心至东城区、西城区、南城区、北城区  \n任务优先级重要性：高  \n任务描述信息：起飞，按指定航线飞行，配送快递至东城区、西城区、南城区、北城区指定地址（飞行高度：100米，飞行速度：20 km/h）。",
                "similarity": 0.719584535765972
            }
        ]
    },
    {
        "content2_para": "UAV-03:\n时间：2023年10月20日 10:40\n地点：南城区指定地址\n任务优先级重要性：高\n具体任务：到达指定地址，进行快递投递。",
        "matches": [
            {
                "content1_para": "快递投递与返回\n执行时间：2023年10月20日 10:30 – 11:30\n执行地点：东城区、西城区、南城区、北城区指定地址\n执行者：\nUAV-01：负责东城区快递投递\nUAV-02：负责西城区快递投递\nUAV-03：负责南城区快递投递\nUAV-04：负责北城区快递投递\n任务优先级：高（确保快递准时送达）\n操作步骤：\nUAV-01\n于2023年10月20日 10:30到达东城区指定地址，进行快递投递\nUAV-02\n于2023年10月20日 10:35到达西城区指定地址，进行快递投递\nUAV-03\n于2023年10月20日 10:40到达南城区指定地址，进行快递投递\nUAV-04\n于2023年10月20日 10:45到达北城区指定地址，进行快递投递\n所有无人机于2023年10月20日 11:30完成投递任务后，按既定航线返航至市区快递配送中心。\n\n————————————————————————————————————————————————————————————————————————————————-",
                "content1_msg": "无人机名字或代号：UAV-01、UAV-02、UAV-03、UAV-04  \n时间：2023年10月20日 10:30 – 11:30、2023年10月20日 10:30、2023年10月20日 10:35、2023年10月20日 10:40、2023年10月20日 10:45、2023年10月20日 11:30  \n地点：东城区指定地址、西城区指定地址、南城区指定地址、北城区指定地址、市区快递配送中心  \n任务优先级重要性：高  \n任务描述信息：到达指定地址进行快递投递，完成投递任务后按既定航线返航至市区快递配送中心。",
                "similarity": 0.8260511504480135
            },
            {
                "content1_para": "起飞与目标区域巡航\n执行时间：2023年10月20日 10:00 – 10:30\n执行地点：市区快递配送中心至东城区、西城区、南城区、北城区\n执行者：\nUAV-01：负责东城区配送任务\nUAV-02：负责西城区配送任务\nUAV-03：负责南城区配送任务\nUAV-04：负责北城区配送任务\n任务优先级：高（确保快递准时送达）\n操作步骤：\nUAV-01\n于2023年10月20日 10:00按指定航线起飞，飞行参数如下：\n- 飞行高度：100米\n- 飞行速度：20 km/h\n- 监测范围：配送中心至东城区指定地址\nUAV-02\n于2023年10月20日 10:05按指定航线起飞，飞行参数如下：\n- 飞行高度：100米\n- 飞行速度：20 km/h\n- 监测范围：配送中心至西城区指定地址\nUAV-03\n于2023年10月20日 10:10按指定航线起飞，飞行参数如下：\n- 飞行高度：100米\n- 飞行速度：20 km/h\n- 监测范围：配送中心至南城区指定地址\nUAV-04\n于2023年10月20日 10:15按指定航线起飞，飞行参数如下：\n- 飞行高度：100米\n- 飞行速度：20 km/h\n- 监测范围：配送中心至",
                "content1_msg": "无人机名字或代号：UAV-01、UAV-02、UAV-03、UAV-04  \n时间：2023年10月20日 10:00 – 10:30、2023年10月20日 10:00、2023年10月20日 10:05、2023年10月20日 10:10、2023年10月20日 10:15  \n地点：市区快递配送中心至东城区、西城区、南城区、北城区  \n任务优先级重要性：高  \n任务描述信息：起飞，按指定航线飞行，配送快递至东城区、西城区、南城区、北城区指定地址（飞行高度：100米，飞行速度：20 km/h）。",
                "similarity": 0.7149791828874015
            }
        ]
    },
    {
        "content2_para": "UAV-04:\n时间：2023年10月20日 10:45\n地点：北城区指定地址\n任务优先级重要性：高\n具体任务：到达指定地址，进行快递投递。",
        "matches": [
            {
                "content1_para": "快递投递与返回\n执行时间：2023年10月20日 10:30 – 11:30\n执行地点：东城区、西城区、南城区、北城区指定地址\n执行者：\nUAV-01：负责东城区快递投递\nUAV-02：负责西城区快递投递\nUAV-03：负责南城区快递投递\nUAV-04：负责北城区快递投递\n任务优先级：高（确保快递准时送达）\n操作步骤：\nUAV-01\n于2023年10月20日 10:30到达东城区指定地址，进行快递投递\nUAV-02\n于2023年10月20日 10:35到达西城区指定地址，进行快递投递\nUAV-03\n于2023年10月20日 10:40到达南城区指定地址，进行快递投递\nUAV-04\n于2023年10月20日 10:45到达北城区指定地址，进行快递投递\n所有无人机于2023年10月20日 11:30完成投递任务后，按既定航线返航至市区快递配送中心。\n\n————————————————————————————————————————————————————————————————————————————————-",
                "content1_msg": "无人机名字或代号：UAV-01、UAV-02、UAV-03、UAV-04  \n时间：2023年10月20日 10:30 – 11:30、2023年10月20日 10:30、2023年10月20日 10:35、2023年10月20日 10:40、2023年10月20日 10:45、2023年10月20日 11:30  \n地点：东城区指定地址、西城区指定地址、南城区指定地址、北城区指定地址、市区快递配送中心  \n任务优先级重要性：高  \n任务描述信息：到达指定地址进行快递投递，完成投递任务后按既定航线返航至市区快递配送中心。",
                "similarity": 0.7933775723151446
            },
            {
                "content1_para": "起飞与目标区域巡航\n执行时间：2023年10月20日 10:00 – 10:30\n执行地点：市区快递配送中心至东城区、西城区、南城区、北城区\n执行者：\nUAV-01：负责东城区配送任务\nUAV-02：负责西城区配送任务\nUAV-03：负责南城区配送任务\nUAV-04：负责北城区配送任务\n任务优先级：高（确保快递准时送达）\n操作步骤：\nUAV-01\n于2023年10月20日 10:00按指定航线起飞，飞行参数如下：\n- 飞行高度：100米\n- 飞行速度：20 km/h\n- 监测范围：配送中心至东城区指定地址\nUAV-02\n于2023年10月20日 10:05按指定航线起飞，飞行参数如下：\n- 飞行高度：100米\n- 飞行速度：20 km/h\n- 监测范围：配送中心至西城区指定地址\nUAV-03\n于2023年10月20日 10:10按指定航线起飞，飞行参数如下：\n- 飞行高度：100米\n- 飞行速度：20 km/h\n- 监测范围：配送中心至南城区指定地址\nUAV-04\n于2023年10月20日 10:15按指定航线起飞，飞行参数如下：\n- 飞行高度：100米\n- 飞行速度：20 km/h\n- 监测范围：配送中心至",
                "content1_msg": "无人机名字或代号：UAV-01、UAV-02、UAV-03、UAV-04  \n时间：2023年10月20日 10:00 – 10:30、2023年10月20日 10:00、2023年10月20日 10:05、2023年10月20日 10:10、2023年10月20日 10:15  \n地点：市区快递配送中心至东城区、西城区、南城区、北城区  \n任务优先级重要性：高  \n任务描述信息：起飞，按指定航线飞行，配送快递至东城区、西城区、南城区、北城区指定地址（飞行高度：100米，飞行速度：20 km/h）。",
                "similarity": 0.6907799168117101
            }
        ]
    },
    {
        "content2_para": "所有无人机于2023年10月20日 11:30完成投递任务后，按既定航线返航至市区快递配送中心。",
        "matches": [
            {
                "content1_para": "100米\n- 飞行速度：20 km/h\n- 监测范围：配送中心至北城区指定地址\n\n————————————————————————————————————————————————————————————————————————————————-",
                "content1_msg": "无人机名字或代号：未提及  \n时间：未提及  \n地点：配送中心至北城区指定地址  \n任务优先级重要性：未提及  \n任务描述信息：飞行速度为20 km/h，监测范围为配送中心至北城区指定地址，飞行高度为100米",
                "similarity": 0.6587004661560059
            },
            {
                "content1_para": "快递投递与返回\n执行时间：2023年10月20日 10:30 – 11:30\n执行地点：东城区、西城区、南城区、北城区指定地址\n执行者：\nUAV-01：负责东城区快递投递\nUAV-02：负责西城区快递投递\nUAV-03：负责南城区快递投递\nUAV-04：负责北城区快递投递\n任务优先级：高（确保快递准时送达）\n操作步骤：\nUAV-01\n于2023年10月20日 10:30到达东城区指定地址，进行快递投递\nUAV-02\n于2023年10月20日 10:35到达西城区指定地址，进行快递投递\nUAV-03\n于2023年10月20日 10:40到达南城区指定地址，进行快递投递\nUAV-04\n于2023年10月20日 10:45到达北城区指定地址，进行快递投递\n所有无人机于2023年10月20日 11:30完成投递任务后，按既定航线返航至市区快递配送中心。\n\n————————————————————————————————————————————————————————————————————————————————-",
                "content1_msg": "无人机名字或代号：UAV-01、UAV-02、UAV-03、UAV-04  \n时间：2023年10月20日 10:30 – 11:30、2023年10月20日 10:30、2023年10月20日 10:35、2023年10月20日 10:40、2023年10月20日 10:45、2023年10月20日 11:30  \n地点：东城区指定地址、西城区指定地址、南城区指定地址、北城区指定地址、市区快递配送中心  \n任务优先级重要性：高  \n任务描述信息：到达指定地址进行快递投递，完成投递任务后按既定航线返航至市区快递配送中心。",
                "similarity": 0.6411228290175022
            }
        ]
    },
    {
        "content2_para": "UAV-01:\n时间：2023年10月20日 11:30\n地点：市区快递配送中心数据处理站\n任务优先级重要性：高\n具体任务：完成数据回传，上传投递成功快递数量、投递时间、投递地点。",
        "matches": [
            {
                "content1_para": "数据回传与任务总结\n执行时间：2023年10月20日 11:30 – 11:45\n执行地点：市区快递配送中心数据处理站\n执行者：\nUAV-01：上传配送数据\nUAV-02：上传配送数据\nUAV-03：上传配送数据\nUAV-04：上传配送数据\n任务优先级：高（确保数据准确性与任务复盘分析）\n操作步骤：\nUAV-01\n于2023年10月20日 11:30完成数据回传，上传以下核心数据：\n- 投递成功快递数量\n- 投递时间\n- 投递地点\nUAV-02\n于2023年10月20日 11:30完成数据回传，上传以下核心数据：\n- 投递成功快递数量\n- 投递时间\n- 投递地点\nUAV-03\n于2023年10月20日 11:30完成数据回传，上传以下核心数据：\n- 投递成功快递数量\n- 投递时间\n- 投递地点\nUAV-04\n于2023年10月20日 11:30完成数据回传，上传以下核心数据：\n- 投递成功快递数量\n- 投递时间\n- 投递地点\n\n————————————————————————————————————————————————————————————————————————————————-",
                "content1_msg": "无人机名字或代号：UAV-01、UAV-02、UAV-03、UAV-04  \n时间：2023年10月20日 11:30 – 11:45、2023年10月20日 11:30  \n地点：市区快递配送中心数据处理站  \n任务优先级重要性：高  \n任务描述信息：上传配送数据、完成数据回传，上传以下核心数据：投递成功快递数量、投递时间、投递地点",
                "similarity": 0.8233101954275708
            },
            {
                "content1_para": "快递投递与返回\n执行时间：2023年10月20日 10:30 – 11:30\n执行地点：东城区、西城区、南城区、北城区指定地址\n执行者：\nUAV-01：负责东城区快递投递\nUAV-02：负责西城区快递投递\nUAV-03：负责南城区快递投递\nUAV-04：负责北城区快递投递\n任务优先级：高（确保快递准时送达）\n操作步骤：\nUAV-01\n于2023年10月20日 10:30到达东城区指定地址，进行快递投递\nUAV-02\n于2023年10月20日 10:35到达西城区指定地址，进行快递投递\nUAV-03\n于2023年10月20日 10:40到达南城区指定地址，进行快递投递\nUAV-04\n于2023年10月20日 10:45到达北城区指定地址，进行快递投递\n所有无人机于2023年10月20日 11:30完成投递任务后，按既定航线返航至市区快递配送中心。\n\n————————————————————————————————————————————————————————————————————————————————-",
                "content1_msg": "无人机名字或代号：UAV-01、UAV-02、UAV-03、UAV-04  \n时间：2023年10月20日 10:30 – 11:30、2023年10月20日 10:30、2023年10月20日 10:35、2023年10月20日 10:40、2023年10月20日 10:45、2023年10月20日 11:30  \n地点：东城区指定地址、西城区指定地址、南城区指定地址、北城区指定地址、市区快递配送中心  \n任务优先级重要性：高  \n任务描述信息：到达指定地址进行快递投递，完成投递任务后按既定航线返航至市区快递配送中心。",
                "similarity": 0.699286237575202
            }
        ]
    },
    {
        "content2_para": "UAV-02:\n时间：2023年10月20日 11:30\n地点：市区快递配送中心数据处理站\n任务优先级重要性：高\n具体任务：完成数据回传，上传投递成功快递数量、投递时间、投递地点。",
        "matches": [
            {
                "content1_para": "数据回传与任务总结\n执行时间：2023年10月20日 11:30 – 11:45\n执行地点：市区快递配送中心数据处理站\n执行者：\nUAV-01：上传配送数据\nUAV-02：上传配送数据\nUAV-03：上传配送数据\nUAV-04：上传配送数据\n任务优先级：高（确保数据准确性与任务复盘分析）\n操作步骤：\nUAV-01\n于2023年10月20日 11:30完成数据回传，上传以下核心数据：\n- 投递成功快递数量\n- 投递时间\n- 投递地点\nUAV-02\n于2023年10月20日 11:30完成数据回传，上传以下核心数据：\n- 投递成功快递数量\n- 投递时间\n- 投递地点\nUAV-03\n于2023年10月20日 11:30完成数据回传，上传以下核心数据：\n- 投递成功快递数量\n- 投递时间\n- 投递地点\nUAV-04\n于2023年10月20日 11:30完成数据回传，上传以下核心数据：\n- 投递成功快递数量\n- 投递时间\n- 投递地点\n\n————————————————————————————————————————————————————————————————————————————————-",
                "content1_msg": "无人机名字或代号：UAV-01、UAV-02、UAV-03、UAV-04  \n时间：2023年10月20日 11:30 – 11:45、2023年10月20日 11:30  \n地点：市区快递配送中心数据处理站  \n任务优先级重要性：高  \n任务描述信息：上传配送数据、完成数据回传，上传以下核心数据：投递成功快递数量、投递时间、投递地点",
                "similarity": 0.8233841051870923
            },
            {
                "content1_para": "快递投递与返回\n执行时间：2023年10月20日 10:30 – 11:30\n执行地点：东城区、西城区、南城区、北城区指定地址\n执行者：\nUAV-01：负责东城区快递投递\nUAV-02：负责西城区快递投递\nUAV-03：负责南城区快递投递\nUAV-04：负责北城区快递投递\n任务优先级：高（确保快递准时送达）\n操作步骤：\nUAV-01\n于2023年10月20日 10:30到达东城区指定地址，进行快递投递\nUAV-02\n于2023年10月20日 10:35到达西城区指定地址，进行快递投递\nUAV-03\n于2023年10月20日 10:40到达南城区指定地址，进行快递投递\nUAV-04\n于2023年10月20日 10:45到达北城区指定地址，进行快递投递\n所有无人机于2023年10月20日 11:30完成投递任务后，按既定航线返航至市区快递配送中心。\n\n————————————————————————————————————————————————————————————————————————————————-",
                "content1_msg": "无人机名字或代号：UAV-01、UAV-02、UAV-03、UAV-04  \n时间：2023年10月20日 10:30 – 11:30、2023年10月20日 10:30、2023年10月20日 10:35、2023年10月20日 10:40、2023年10月20日 10:45、2023年10月20日 11:30  \n地点：东城区指定地址、西城区指定地址、南城区指定地址、北城区指定地址、市区快递配送中心  \n任务优先级重要性：高  \n任务描述信息：到达指定地址进行快递投递，完成投递任务后按既定航线返航至市区快递配送中心。",
                "similarity": 0.6994173677937079
            }
        ]
    },
    {
        "content2_para": "UAV-03:\n时间：2023年10月20日 11:30\n地点：市区快递配送中心数据处理站\n任务优先级重要性：高\n具体任务：完成数据回传，上传投递成功快递数量、投递时间、投递地点。",
        "matches": [
            {
                "content1_para": "数据回传与任务总结\n执行时间：2023年10月20日 11:30 – 11:45\n执行地点：市区快递配送中心数据处理站\n执行者：\nUAV-01：上传配送数据\nUAV-02：上传配送数据\nUAV-03：上传配送数据\nUAV-04：上传配送数据\n任务优先级：高（确保数据准确性与任务复盘分析）\n操作步骤：\nUAV-01\n于2023年10月20日 11:30完成数据回传，上传以下核心数据：\n- 投递成功快递数量\n- 投递时间\n- 投递地点\nUAV-02\n于2023年10月20日 11:30完成数据回传，上传以下核心数据：\n- 投递成功快递数量\n- 投递时间\n- 投递地点\nUAV-03\n于2023年10月20日 11:30完成数据回传，上传以下核心数据：\n- 投递成功快递数量\n- 投递时间\n- 投递地点\nUAV-04\n于2023年10月20日 11:30完成数据回传，上传以下核心数据：\n- 投递成功快递数量\n- 投递时间\n- 投递地点\n\n————————————————————————————————————————————————————————————————————————————————-",
                "content1_msg": "无人机名字或代号：UAV-01、UAV-02、UAV-03、UAV-04  \n时间：2023年10月20日 11:30 – 11:45、2023年10月20日 11:30  \n地点：市区快递配送中心数据处理站  \n任务优先级重要性：高  \n任务描述信息：上传配送数据、完成数据回传，上传以下核心数据：投递成功快递数量、投递时间、投递地点",
                "similarity": 0.8243184675985913
            },
            {
                "content1_para": "快递投递与返回\n执行时间：2023年10月20日 10:30 – 11:30\n执行地点：东城区、西城区、南城区、北城区指定地址\n执行者：\nUAV-01：负责东城区快递投递\nUAV-02：负责西城区快递投递\nUAV-03：负责南城区快递投递\nUAV-04：负责北城区快递投递\n任务优先级：高（确保快递准时送达）\n操作步骤：\nUAV-01\n于2023年10月20日 10:30到达东城区指定地址，进行快递投递\nUAV-02\n于2023年10月20日 10:35到达西城区指定地址，进行快递投递\nUAV-03\n于2023年10月20日 10:40到达南城区指定地址，进行快递投递\nUAV-04\n于2023年10月20日 10:45到达北城区指定地址，进行快递投递\n所有无人机于2023年10月20日 11:30完成投递任务后，按既定航线返航至市区快递配送中心。\n\n————————————————————————————————————————————————————————————————————————————————-",
                "content1_msg": "无人机名字或代号：UAV-01、UAV-02、UAV-03、UAV-04  \n时间：2023年10月20日 10:30 – 11:30、2023年10月20日 10:30、2023年10月20日 10:35、2023年10月20日 10:40、2023年10月20日 10:45、2023年10月20日 11:30  \n地点：东城区指定地址、西城区指定地址、南城区指定地址、北城区指定地址、市区快递配送中心  \n任务优先级重要性：高  \n任务描述信息：到达指定地址进行快递投递，完成投递任务后按既定航线返航至市区快递配送中心。",
                "similarity": 0.7002039106861639
            }
        ]
    },
    {
        "content2_para": "UAV-04:\n时间：2023年10月20日 11:30\n地点：市区快递配送中心数据处理站\n任务优先级重要性：高\n具体任务：完成数据回传，上传投递成功快递数量、投递时间、投递地点。",
        "matches": [
            {
                "content1_para": "数据回传与任务总结\n执行时间：2023年10月20日 11:30 – 11:45\n执行地点：市区快递配送中心数据处理站\n执行者：\nUAV-01：上传配送数据\nUAV-02：上传配送数据\nUAV-03：上传配送数据\nUAV-04：上传配送数据\n任务优先级：高（确保数据准确性与任务复盘分析）\n操作步骤：\nUAV-01\n于2023年10月20日 11:30完成数据回传，上传以下核心数据：\n- 投递成功快递数量\n- 投递时间\n- 投递地点\nUAV-02\n于2023年10月20日 11:30完成数据回传，上传以下核心数据：\n- 投递成功快递数量\n- 投递时间\n- 投递地点\nUAV-03\n于2023年10月20日 11:30完成数据回传，上传以下核心数据：\n- 投递成功快递数量\n- 投递时间\n- 投递地点\nUAV-04\n于2023年10月20日 11:30完成数据回传，上传以下核心数据：\n- 投递成功快递数量\n- 投递时间\n- 投递地点\n\n————————————————————————————————————————————————————————————————————————————————-",
                "content1_msg": "无人机名字或代号：UAV-01、UAV-02、UAV-03、UAV-04  \n时间：2023年10月20日 11:30 – 11:45、2023年10月20日 11:30  \n地点：市区快递配送中心数据处理站  \n任务优先级重要性：高  \n任务描述信息：上传配送数据、完成数据回传，上传以下核心数据：投递成功快递数量、投递时间、投递地点",
                "similarity": 0.8238950362021069
            },
            {
                "content1_para": "快递投递与返回\n执行时间：2023年10月20日 10:30 – 11:30\n执行地点：东城区、西城区、南城区、北城区指定地址\n执行者：\nUAV-01：负责东城区快递投递\nUAV-02：负责西城区快递投递\nUAV-03：负责南城区快递投递\nUAV-04：负责北城区快递投递\n任务优先级：高（确保快递准时送达）\n操作步骤：\nUAV-01\n于2023年10月20日 10:30到达东城区指定地址，进行快递投递\nUAV-02\n于2023年10月20日 10:35到达西城区指定地址，进行快递投递\nUAV-03\n于2023年10月20日 10:40到达南城区指定地址，进行快递投递\nUAV-04\n于2023年10月20日 10:45到达北城区指定地址，进行快递投递\n所有无人机于2023年10月20日 11:30完成投递任务后，按既定航线返航至市区快递配送中心。\n\n————————————————————————————————————————————————————————————————————————————————-",
                "content1_msg": "无人机名字或代号：UAV-01、UAV-02、UAV-03、UAV-04  \n时间：2023年10月20日 10:30 – 11:30、2023年10月20日 10:30、2023年10月20日 10:35、2023年10月20日 10:40、2023年10月20日 10:45、2023年10月20日 11:30  \n地点：东城区指定地址、西城区指定地址、南城区指定地址、北城区指定地址、市区快递配送中心  \n任务优先级重要性：高  \n任务描述信息：到达指定地址进行快递投递，完成投递任务后按既定航线返航至市区快递配送中心。",
                "similarity": 0.6998480113522101
            }
        ]
    },
    {
        "content2_para": "UAV-01:\n时间：2023年10月20日 11:45\n地点：市区快递配送中心\n任务优先级重要性：高\n具体任务：按既定航线返航，飞行高度100米，确保安全返回。",
        "matches": [
            {
                "content1_para": "返航与任务总结\n执行时间：2023年10月20日 11:45 – 12:00\n执行地点：市区快递配送中心\n执行者：\nUAV-01：执行返航\nUAV-02：执行返航\nUAV-03：执行返航\nUAV-04：执行返航\n任务优先级：高（确保数据完整性与任务复盘分析）\n操作步骤：\nUAV-01\n与\nUAV-02\n与\nUAV-03\n与\nUAV-04\n于2023年10月20日 11:45按既定航线返航，飞行高度100米，确保安全返回。\n数据总结与评估：\n整理并分析配送数据，形成《无人机快递配送任务总结报告》。",
                "content1_msg": "无人机名字或代号：UAV-01、UAV-02、UAV-03、UAV-04  \n时间：2023年10月20日 11:45 – 12:00、2023年10月20日 11:45  \n地点：市区快递配送中心  \n任务优先级重要性：高  \n任务描述信息：按既定航线返航，飞行高度100米，确保安全返回。",
                "similarity": 0.7749678007314788
            },
            {
                "content1_para": "数据回传与任务总结\n执行时间：2023年10月20日 11:30 – 11:45\n执行地点：市区快递配送中心数据处理站\n执行者：\nUAV-01：上传配送数据\nUAV-02：上传配送数据\nUAV-03：上传配送数据\nUAV-04：上传配送数据\n任务优先级：高（确保数据准确性与任务复盘分析）\n操作步骤：\nUAV-01\n于2023年10月20日 11:30完成数据回传，上传以下核心数据：\n- 投递成功快递数量\n- 投递时间\n- 投递地点\nUAV-02\n于2023年10月20日 11:30完成数据回传，上传以下核心数据：\n- 投递成功快递数量\n- 投递时间\n- 投递地点\nUAV-03\n于2023年10月20日 11:30完成数据回传，上传以下核心数据：\n- 投递成功快递数量\n- 投递时间\n- 投递地点\nUAV-04\n于2023年10月20日 11:30完成数据回传，上传以下核心数据：\n- 投递成功快递数量\n- 投递时间\n- 投递地点\n\n————————————————————————————————————————————————————————————————————————————————-",
                "content1_msg": "无人机名字或代号：UAV-01、UAV-02、UAV-03、UAV-04  \n时间：2023年10月20日 11:30 – 11:45、2023年10月20日 11:30  \n地点：市区快递配送中心数据处理站  \n任务优先级重要性：高  \n任务描述信息：上传配送数据、完成数据回传，上传以下核心数据：投递成功快递数量、投递时间、投递地点",
                "similarity": 0.6856396107244103
            }
        ]
    },
    {
        "content2_para": "UAV-02:\n时间：2023年10月20日 11:45\n地点：市区快递配送中心\n任务优先级重要性：高\n具体任务：按既定航线返航，飞行高度100米，确保安全返回。",
        "matches": [
            {
                "content1_para": "返航与任务总结\n执行时间：2023年10月20日 11:45 – 12:00\n执行地点：市区快递配送中心\n执行者：\nUAV-01：执行返航\nUAV-02：执行返航\nUAV-03：执行返航\nUAV-04：执行返航\n任务优先级：高（确保数据完整性与任务复盘分析）\n操作步骤：\nUAV-01\n与\nUAV-02\n与\nUAV-03\n与\nUAV-04\n于2023年10月20日 11:45按既定航线返航，飞行高度100米，确保安全返回。\n数据总结与评估：\n整理并分析配送数据，形成《无人机快递配送任务总结报告》。",
                "content1_msg": "无人机名字或代号：UAV-01、UAV-02、UAV-03、UAV-04  \n时间：2023年10月20日 11:45 – 12:00、2023年10月20日 11:45  \n地点：市区快递配送中心  \n任务优先级重要性：高  \n任务描述信息：按既定航线返航，飞行高度100米，确保安全返回。",
                "similarity": 0.7749617806623564
            },
            {
                "content1_para": "数据回传与任务总结\n执行时间：2023年10月20日 11:30 – 11:45\n执行地点：市区快递配送中心数据处理站\n执行者：\nUAV-01：上传配送数据\nUAV-02：上传配送数据\nUAV-03：上传配送数据\nUAV-04：上传配送数据\n任务优先级：高（确保数据准确性与任务复盘分析）\n操作步骤：\nUAV-01\n于2023年10月20日 11:30完成数据回传，上传以下核心数据：\n- 投递成功快递数量\n- 投递时间\n- 投递地点\nUAV-02\n于2023年10月20日 11:30完成数据回传，上传以下核心数据：\n- 投递成功快递数量\n- 投递时间\n- 投递地点\nUAV-03\n于2023年10月20日 11:30完成数据回传，上传以下核心数据：\n- 投递成功快递数量\n- 投递时间\n- 投递地点\nUAV-04\n于2023年10月20日 11:30完成数据回传，上传以下核心数据：\n- 投递成功快递数量\n- 投递时间\n- 投递地点\n\n————————————————————————————————————————————————————————————————————————————————-",
                "content1_msg": "无人机名字或代号：UAV-01、UAV-02、UAV-03、UAV-04  \n时间：2023年10月20日 11:30 – 11:45、2023年10月20日 11:30  \n地点：市区快递配送中心数据处理站  \n任务优先级重要性：高  \n任务描述信息：上传配送数据、完成数据回传，上传以下核心数据：投递成功快递数量、投递时间、投递地点",
                "similarity": 0.6857834367322533
            }
        ]
    },
    {
        "content2_para": "UAV-03:\n时间：2023年10月20日 11:45\n地点：市区快递配送中心\n任务优先级重要性：高\n具体任务：按既定航线返航，飞行高度100米，确保安全返回。",
        "matches": [
            {
                "content1_para": "返航与任务总结\n执行时间：2023年10月20日 11:45 – 12:00\n执行地点：市区快递配送中心\n执行者：\nUAV-01：执行返航\nUAV-02：执行返航\nUAV-03：执行返航\nUAV-04：执行返航\n任务优先级：高（确保数据完整性与任务复盘分析）\n操作步骤：\nUAV-01\n与\nUAV-02\n与\nUAV-03\n与\nUAV-04\n于2023年10月20日 11:45按既定航线返航，飞行高度100米，确保安全返回。\n数据总结与评估：\n整理并分析配送数据，形成《无人机快递配送任务总结报告》。",
                "content1_msg": "无人机名字或代号：UAV-01、UAV-02、UAV-03、UAV-04  \n时间：2023年10月20日 11:45 – 12:00、2023年10月20日 11:45  \n地点：市区快递配送中心  \n任务优先级重要性：高  \n任务描述信息：按既定航线返航，飞行高度100米，确保安全返回。",
                "similarity": 0.7754445186803923
            },
            {
                "content1_para": "数据回传与任务总结\n执行时间：2023年10月20日 11:30 – 11:45\n执行地点：市区快递配送中心数据处理站\n执行者：\nUAV-01：上传配送数据\nUAV-02：上传配送数据\nUAV-03：上传配送数据\nUAV-04：上传配送数据\n任务优先级：高（确保数据准确性与任务复盘分析）\n操作步骤：\nUAV-01\n于2023年10月20日 11:30完成数据回传，上传以下核心数据：\n- 投递成功快递数量\n- 投递时间\n- 投递地点\nUAV-02\n于2023年10月20日 11:30完成数据回传，上传以下核心数据：\n- 投递成功快递数量\n- 投递时间\n- 投递地点\nUAV-03\n于2023年10月20日 11:30完成数据回传，上传以下核心数据：\n- 投递成功快递数量\n- 投递时间\n- 投递地点\nUAV-04\n于2023年10月20日 11:30完成数据回传，上传以下核心数据：\n- 投递成功快递数量\n- 投递时间\n- 投递地点\n\n————————————————————————————————————————————————————————————————————————————————-",
                "content1_msg": "无人机名字或代号：UAV-01、UAV-02、UAV-03、UAV-04  \n时间：2023年10月20日 11:30 – 11:45、2023年10月20日 11:30  \n地点：市区快递配送中心数据处理站  \n任务优先级重要性：高  \n任务描述信息：上传配送数据、完成数据回传，上传以下核心数据：投递成功快递数量、投递时间、投递地点",
                "similarity": 0.6859933046865074
            }
        ]
    },
    {
        "content2_para": "UAV-04:\n时间：2023年10月20日 11:45\n地点：市区快递配送中心\n任务优先级重要性：高\n具体任务：按既定航线返航，飞行高度100米，确保安全返回。",
        "matches": [
            {
                "content1_para": "返航与任务总结\n执行时间：2023年10月20日 11:45 – 12:00\n执行地点：市区快递配送中心\n执行者：\nUAV-01：执行返航\nUAV-02：执行返航\nUAV-03：执行返航\nUAV-04：执行返航\n任务优先级：高（确保数据完整性与任务复盘分析）\n操作步骤：\nUAV-01\n与\nUAV-02\n与\nUAV-03\n与\nUAV-04\n于2023年10月20日 11:45按既定航线返航，飞行高度100米，确保安全返回。\n数据总结与评估：\n整理并分析配送数据，形成《无人机快递配送任务总结报告》。",
                "content1_msg": "无人机名字或代号：UAV-01、UAV-02、UAV-03、UAV-04  \n时间：2023年10月20日 11:45 – 12:00、2023年10月20日 11:45  \n地点：市区快递配送中心  \n任务优先级重要性：高  \n任务描述信息：按既定航线返航，飞行高度100米，确保安全返回。",
                "similarity": 0.7753318062971221
            },
            {
                "content1_para": "数据回传与任务总结\n执行时间：2023年10月20日 11:30 – 11:45\n执行地点：市区快递配送中心数据处理站\n执行者：\nUAV-01：上传配送数据\nUAV-02：上传配送数据\nUAV-03：上传配送数据\nUAV-04：上传配送数据\n任务优先级：高（确保数据准确性与任务复盘分析）\n操作步骤：\nUAV-01\n于2023年10月20日 11:30完成数据回传，上传以下核心数据：\n- 投递成功快递数量\n- 投递时间\n- 投递地点\nUAV-02\n于2023年10月20日 11:30完成数据回传，上传以下核心数据：\n- 投递成功快递数量\n- 投递时间\n- 投递地点\nUAV-03\n于2023年10月20日 11:30完成数据回传，上传以下核心数据：\n- 投递成功快递数量\n- 投递时间\n- 投递地点\nUAV-04\n于2023年10月20日 11:30完成数据回传，上传以下核心数据：\n- 投递成功快递数量\n- 投递时间\n- 投递地点\n\n————————————————————————————————————————————————————————————————————————————————-",
                "content1_msg": "无人机名字或代号：UAV-01、UAV-02、UAV-03、UAV-04  \n时间：2023年10月20日 11:30 – 11:45、2023年10月20日 11:30  \n地点：市区快递配送中心数据处理站  \n任务优先级重要性：高  \n任务描述信息：上传配送数据、完成数据回传，上传以下核心数据：投递成功快递数量、投递时间、投递地点",
                "similarity": 0.685918858485183
            }
        ]
    },
    {
        "content2_para": "任务完成后，整理并分析配送数据，形成《无人机快递配送任务总结报告》。",
        "matches": [
            {
                "content1_para": "返航与任务总结\n执行时间：2023年10月20日 11:45 – 12:00\n执行地点：市区快递配送中心\n执行者：\nUAV-01：执行返航\nUAV-02：执行返航\nUAV-03：执行返航\nUAV-04：执行返航\n任务优先级：高（确保数据完整性与任务复盘分析）\n操作步骤：\nUAV-01\n与\nUAV-02\n与\nUAV-03\n与\nUAV-04\n于2023年10月20日 11:45按既定航线返航，飞行高度100米，确保安全返回。\n数据总结与评估：\n整理并分析配送数据，形成《无人机快递配送任务总结报告》。",
                "content1_msg": "无人机名字或代号：UAV-01、UAV-02、UAV-03、UAV-04  \n时间：2023年10月20日 11:45 – 12:00、2023年10月20日 11:45  \n地点：市区快递配送中心  \n任务优先级重要性：高  \n任务描述信息：按既定航线返航，飞行高度100米，确保安全返回。",
                "similarity": 0.6468512764007766
            },
            {
                "content1_para": "100米\n- 飞行速度：20 km/h\n- 监测范围：配送中心至北城区指定地址\n\n————————————————————————————————————————————————————————————————————————————————-",
                "content1_msg": "无人机名字或代号：未提及  \n时间：未提及  \n地点：配送中心至北城区指定地址  \n任务优先级重要性：未提及  \n任务描述信息：飞行速度为20 km/h，监测范围为配送中心至北城区指定地址，飞行高度为100米",
                "similarity": 0.6279360055923462
            }
        ]
    }
]