[
    {
        "paragraph": "无人机快递配送任务\n执行时间：2023年10月20日 09:00 – 11:30\n执行地点：市区快递配送中心（坐标：39.9042°N, 116.4074°E）\n执行者：\nUAV-01：负责配送快递至东城区指定地址\nUAV-02：负责配送快递至西城区指定地址\nUAV-03：负责配送快递至南城区指定地址\nUAV-04：负责配送快递至北城区指定地址\n任务优先级：高（确保快递准时送达）\n重要性：高（提高顾客满意度）\n操作步骤：\nUAV-01\n于2023年10月20日 09:00在快递配送中心完成设备自检，确保以下系统正常：\n- 高清摄像头\n- 飞行控制系统\n- GPS定位系统\n- 电池电量≥95%\nUAV-02\n于2023年10月20日 09:15同步进行设备校准，重点检查以下功能：\n- 低空避障雷达\n- 飞行路径规划算法\n- 电池电量≥95%\nUAV-03\n于2023年10月20日 09:30同步进行设备自检，确保以下系统正常：\n- 高清摄像头\n- 飞行控制系统\n- GPS定位系统\n- 电池电量≥95%\nUAV-04\n于2023年10月20日 09:45同步进行设备自检，确保以下系统正常：\n- 高清摄像头\n- 飞",
        "key_message": "无人机名字或代号：UAV-01、UAV-02、UAV-03、UAV-04  \n时间：2023年10月20日 09:00 – 11:30、2023年10月20日 09:00、2023年10月20日 09:15、2023年10月20日 09:30、2023年10月20日 09:45  \n地点：市区快递配送中心（坐标：39.9042°N, 116.4074°E）、东城区指定地址、西城区指定地址、南城区指定地址、北城区指定地址  \n任务优先级重要性：高（确保快递准时送达）、高（提高顾客满意度）  \n任务描述信息：负责配送快递至东城区指定地址、负责配送快递至西城区指定地址、负责配送快递至南城区指定地址、负责配送快递至北城区指定地址、完成设备自检、同步进行设备校准、同步进行设备自检"
    },
    {
        "paragraph": "45同步进行设备自检，确保以下系统正常：\n- 高清摄像头\n- 飞行控制系统\n- GPS定位系统\n- 电池电量≥95%\n\n————————————————————————————————————————————————————————————————————————————————-",
        "key_message": "无人机名字或代号：未提及  \n时间：未提及  \n地点：未提及  \n任务优先级重要性：未提及  \n任务描述信息：同步进行设备自检，确保高清摄像头、飞行控制系统、GPS定位系统正常，电池电量≥95%。"
    },
    {
        "paragraph": "起飞与目标区域巡航\n执行时间：2023年10月20日 10:00 – 10:30\n执行地点：市区快递配送中心至东城区、西城区、南城区、北城区\n执行者：\nUAV-01：负责东城区配送任务\nUAV-02：负责西城区配送任务\nUAV-03：负责南城区配送任务\nUAV-04：负责北城区配送任务\n任务优先级：高（确保快递准时送达）\n操作步骤：\nUAV-01\n于2023年10月20日 10:00按指定航线起飞，飞行参数如下：\n- 飞行高度：100米\n- 飞行速度：20 km/h\n- 监测范围：配送中心至东城区指定地址\nUAV-02\n于2023年10月20日 10:05按指定航线起飞，飞行参数如下：\n- 飞行高度：100米\n- 飞行速度：20 km/h\n- 监测范围：配送中心至西城区指定地址\nUAV-03\n于2023年10月20日 10:10按指定航线起飞，飞行参数如下：\n- 飞行高度：100米\n- 飞行速度：20 km/h\n- 监测范围：配送中心至南城区指定地址\nUAV-04\n于2023年10月20日 10:15按指定航线起飞，飞行参数如下：\n- 飞行高度：100米\n- 飞行速度：20 km/h\n- 监测范围：配送中心至",
        "key_message": "无人机名字或代号：UAV-01、UAV-02、UAV-03、UAV-04  \n时间：2023年10月20日 10:00 – 10:30、2023年10月20日 10:00、2023年10月20日 10:05、2023年10月20日 10:10、2023年10月20日 10:15  \n地点：市区快递配送中心至东城区、西城区、南城区、北城区  \n任务优先级重要性：高  \n任务描述信息：起飞，按指定航线飞行，配送快递至东城区、西城区、南城区、北城区指定地址（飞行高度：100米，飞行速度：20 km/h）。"
    },
    {
        "paragraph": "100米\n- 飞行速度：20 km/h\n- 监测范围：配送中心至北城区指定地址\n\n————————————————————————————————————————————————————————————————————————————————-",
        "key_message": "无人机名字或代号：未提及  \n时间：未提及  \n地点：配送中心至北城区指定地址  \n任务优先级重要性：未提及  \n任务描述信息：飞行速度为20 km/h，监测范围为配送中心至北城区指定地址，飞行高度为100米"
    },
    {
        "paragraph": "快递投递与返回\n执行时间：2023年10月20日 10:30 – 11:30\n执行地点：东城区、西城区、南城区、北城区指定地址\n执行者：\nUAV-01：负责东城区快递投递\nUAV-02：负责西城区快递投递\nUAV-03：负责南城区快递投递\nUAV-04：负责北城区快递投递\n任务优先级：高（确保快递准时送达）\n操作步骤：\nUAV-01\n于2023年10月20日 10:30到达东城区指定地址，进行快递投递\nUAV-02\n于2023年10月20日 10:35到达西城区指定地址，进行快递投递\nUAV-03\n于2023年10月20日 10:40到达南城区指定地址，进行快递投递\nUAV-04\n于2023年10月20日 10:45到达北城区指定地址，进行快递投递\n所有无人机于2023年10月20日 11:30完成投递任务后，按既定航线返航至市区快递配送中心。\n\n————————————————————————————————————————————————————————————————————————————————-",
        "key_message": "无人机名字或代号：UAV-01、UAV-02、UAV-03、UAV-04  \n时间：2023年10月20日 10:30 – 11:30、2023年10月20日 10:30、2023年10月20日 10:35、2023年10月20日 10:40、2023年10月20日 10:45、2023年10月20日 11:30  \n地点：东城区指定地址、西城区指定地址、南城区指定地址、北城区指定地址、市区快递配送中心  \n任务优先级重要性：高  \n任务描述信息：到达指定地址进行快递投递，完成投递任务后按既定航线返航至市区快递配送中心。"
    },
    {
        "paragraph": "数据回传与任务总结\n执行时间：2023年10月20日 11:30 – 11:45\n执行地点：市区快递配送中心数据处理站\n执行者：\nUAV-01：上传配送数据\nUAV-02：上传配送数据\nUAV-03：上传配送数据\nUAV-04：上传配送数据\n任务优先级：高（确保数据准确性与任务复盘分析）\n操作步骤：\nUAV-01\n于2023年10月20日 11:30完成数据回传，上传以下核心数据：\n- 投递成功快递数量\n- 投递时间\n- 投递地点\nUAV-02\n于2023年10月20日 11:30完成数据回传，上传以下核心数据：\n- 投递成功快递数量\n- 投递时间\n- 投递地点\nUAV-03\n于2023年10月20日 11:30完成数据回传，上传以下核心数据：\n- 投递成功快递数量\n- 投递时间\n- 投递地点\nUAV-04\n于2023年10月20日 11:30完成数据回传，上传以下核心数据：\n- 投递成功快递数量\n- 投递时间\n- 投递地点\n\n————————————————————————————————————————————————————————————————————————————————-",
        "key_message": "无人机名字或代号：UAV-01、UAV-02、UAV-03、UAV-04  \n时间：2023年10月20日 11:30 – 11:45、2023年10月20日 11:30  \n地点：市区快递配送中心数据处理站  \n任务优先级重要性：高  \n任务描述信息：上传配送数据、完成数据回传，上传以下核心数据：投递成功快递数量、投递时间、投递地点"
    },
    {
        "paragraph": "返航与任务总结\n执行时间：2023年10月20日 11:45 – 12:00\n执行地点：市区快递配送中心\n执行者：\nUAV-01：执行返航\nUAV-02：执行返航\nUAV-03：执行返航\nUAV-04：执行返航\n任务优先级：高（确保数据完整性与任务复盘分析）\n操作步骤：\nUAV-01\n与\nUAV-02\n与\nUAV-03\n与\nUAV-04\n于2023年10月20日 11:45按既定航线返航，飞行高度100米，确保安全返回。\n数据总结与评估：\n整理并分析配送数据，形成《无人机快递配送任务总结报告》。",
        "key_message": "无人机名字或代号：UAV-01、UAV-02、UAV-03、UAV-04  \n时间：2023年10月20日 11:45 – 12:00、2023年10月20日 11:45  \n地点：市区快递配送中心  \n任务优先级重要性：高  \n任务描述信息：按既定航线返航，飞行高度100米，确保安全返回。"
    }
]