[
    {
        "paragraph": "无人机快递配送任务\n执行时间\n：2023年11月15日 09:00 – 12:00\n执行地点\n：上海市浦东新区（坐标：31.2304°N, 121.4737°E）\n执行者\n：\nUAV-01\n：负责配送至上海市浦东新区第一小区\nUAV-02\n：负责配送至上海市浦东新区第二小区\nUAV-03\n：负责配送至上海市浦东新区第三小区\n任务优先级\n：高（确保快递在预定时间内送达，满足客户需求）\n重要性\n：高（快递内容为紧急药品，需迅速送达）\n操作步骤\n：\nUAV-01\n于2023年11月15日 09:00在浦东新区无人机配送站起飞，执行以下任务：\n- 09:00 - 09:05，检查货物状态和无人机电量，确保一切正常。\n- 09:05 - 09:10，飞往上海市浦东新区第一小区，确认地址无误。\n- 09:10 - 09:15，精确降落至指定收货点，交付快递并确认收货。\n\nUAV-02\n于2023年11月15日 09:10在浦东新区无人机配送站起飞，执行以下任务：\n- 09:10 - 09:15，检查货物状态和无人机电量，确保一切正常。\n- 09:15 - 09:20，飞往上海市浦东新区第二小区，确认地址无误。\n- 09:",
        "key_message": "无人机名字或代号：UAV-01、UAV-02、UAV-03  \n时间：2023年11月15日 09:00 – 12:00、2023年11月15日 09:00、2023年11月15日 09:05、2023年11月15日 09:10、2023年11月15日 09:15  \n地点：上海市浦东新区（坐标：31.2304°N, 121.4737°E）、上海市浦东新区第一小区、上海市浦东新区第二小区、上海市浦东新区第三小区、浦东新区无人机配送站  \n任务优先级重要性：高  \n任务描述信息：  \n- UAV-01：检查货物状态和无人机电量，飞往上海市浦东新区第一小区，精确降落至指定收货点并交付快递。  \n- UAV-02：检查货物状态和无人机电量，飞往上海市浦东新区第二小区，确认地址无误。  \n- 未提及具体任务描述信息的为 UAV-03。"
    },
    {
        "paragraph": "9:20，飞往上海市浦东新区第二小区，确认地址无误。\n- 09:20 - 09:25，精确降落至指定收货点，交付快递并确认收货。\n\nUAV-03\n于2023年11月15日 09:20在浦东新区无人机配送站起飞，执行以下任务：\n- 09:20 - 09:25，检查货物状态和无人机电量，确保一切正常。\n- 09:25 - 09:30，飞往上海市浦东新区第三小区，确认地址无误。\n- 09:30 - 09:35，精确降落至指定收货点，交付快递并确认收货。\n\n————————————————————————————————————————————————————————————————————————————————-",
        "key_message": "无人机名字或代号：UAV-03  \n时间：2023年11月15日 09:20、2023年11月15日 09:20 - 09:25、2023年11月15日 09:25 - 09:30、2023年11月15日 09:30 - 09:35  \n地点：浦东新区无人机配送站、上海市浦东新区第二小区、上海市浦东新区第三小区  \n任务优先级重要性：未提及  \n任务描述信息：  \n- 检查货物状态和无人机电量，确保一切正常。  \n- 飞往上海市浦东新区第二小区，确认地址无误。  \n- 精确降落至指定收货点，交付快递并确认收货。  \n- 飞往上海市浦东新区第三小区，确认地址无误。  \n- 精确降落至指定收货点，交付快递并确认收货。"
    },
    {
        "paragraph": "无人机紧急药品投送任务\n执行时间\n：2023年11月15日 14:00 – 16:00\n执行地点\n：上海市浦东新区某医院（坐标：31.2246°N, 121.4748°E）\n执行者\n：\nUAV-04\n：负责紧急药品投送至上海市浦东新区某医院\nUAV-05\n：备用无人机，待命状态\n任务优先级\n：极高（确保紧急药品在最快时间内送达，救治生命）\n重要性\n：极高（药品为心脏急救药物，时间紧迫）\n操作步骤\n：\nUAV-04\n于2023年11月15日 14:00在浦东新区无人机配送站起飞，执行以下任务：\n- 14:00 - 14:05，检查药品状态和无人机电量，确保一切正常。\n- 14:05 - 14:10，飞往上海市浦东新区某医院，确认地址无误。\n- 14:10 - 14:15，精确降落至医院指定接收区域，交付药品并确认接收。\n\nUAV-05\n于2023年11月15日 14:00进入待命状态，随时准备起飞接替UAV-04的任务，若UAV-04出现故障或需要支援。\n\n——————————————————————————————————————————————————————————————————————————————",
        "key_message": "无人机名字或代号：UAV-04、UAV-05  \n时间：2023年11月15日 14:00 – 16:00、2023年11月15日 14:00、2023年11月15日 14:05、2023年11月15日 14:10、2023年11月15日 14:15  \n地点：上海市浦东新区某医院（坐标：31.2246°N, 121.4748°E）、浦东新区无人机配送站  \n任务优先级重要性：极高（确保紧急药品在最快时间内送达，救治生命）、极高（药品为心脏急救药物，时间紧迫）  \n任务描述信息：  \n- UAV-04负责紧急药品投送至上海市浦东新区某医院。  \n- UAV-05为备用无人机，待命状态，随时准备接替UAV-04的任务。  \n- UAV-04于2023年11月15日 14:00起飞，执行以下任务：检查药品状态和无人机电量，飞往医院，精确降落并交付药品。  \n- UAV-05于2023年11月15日 14:00进入待命状态，若UAV-04出现故障或需要支援，则立即接替任务。"
    },
    {
        "paragraph": "——————————————————————————————————-",
        "key_message": "无人机名字或代号：未提及  \n时间：未提及  \n地点：未提及  \n任务优先级重要性：未提及  \n任务描述信息：未提及"
    },
    {
        "paragraph": "无人机快递分拣任务\n执行时间\n：2023年11月16日 10:00 – 12:00\n执行地点\n：上海市浦东新区快递分拣中心（坐标：31.2292°N, 121.4824°E）\n执行者\n：\nUAV-06\n：负责快递分拣至上海市浦东新区第四小区\nUAV-07\n：负责快递分拣至上海市浦东新区第五小区\n任务优先级\n：中（确保快递分拣效率，提高配送速度）\n重要性\n：中（快递分拣是配送流程中的关键环节）\n操作步骤\n：\nUAV-06\n于2023年11月16日 10:00在浦东新区无人机配送站起飞，执行以下任务：\n- 10:00 - 10:05，检查快递状态和无人机电量，确保一切正常。\n- 10:05 - 10:10，飞往浦东新区快递分拣中心，确认地址无误。\n- 10:10 - 10:15，将快递分拣至指定区域，准备后续配送。\n\nUAV-07\n于2023年11月16日 10:10在浦东新区无人机配送站起飞，执行以下任务：\n- 10:10 - 10:15，检查快递状态和无人机电量，确保一切正常。\n- 10:15 - 10:20，飞往浦东新区快递分拣中心，确认地址无误。\n- 10:20 - 10:25，将快递分拣至指定区域，准备",
        "key_message": "无人机名字或代号：UAV-06、UAV-07  \n时间：2023年11月16日 10:00 – 12:00、2023年11月16日 10:00、2023年11月16日 10:05、2023年11月16日 10:10、2023年11月16日 10:15、2023年11月16日 10:20、2023年11月16日 10:25  \n地点：上海市浦东新区快递分拣中心（坐标：31.2292°N, 121.4824°E）、浦东新区无人机配送站、上海市浦东新区第四小区、上海市浦东新区第五小区  \n任务优先级重要性：中  \n任务描述信息：  \n- UAV-06：负责快递分拣至上海市浦东新区第四小区；于2023年11月16日 10:00起飞，检查快递状态和无人机电量（10:00 - 10:05），飞往浦东新区快递分拣中心确认地址无误（10:05 - 10:10），将快递分拣至指定区域准备后续配送（10:10 - 10:15）。  \n- UAV-07：负责快递分拣至上海市浦东新区第五小区；于2023年11月16日 10:10起飞，检查快递状态和无人机电量（10:10 - 10:15），飞往浦东新区快递分拣中心确认地址无误（10:15 - 10:20），将快递分拣至指定区域准备后续配送（10:20 - 10:25）。"
    },
    {
        "paragraph": "误。\n- 10:20 - 10:25，将快递分拣至指定区域，准备后续配送。",
        "key_message": "无人机名字或代号：未提及  \n时间：10:20 - 10:25  \n地点：未提及  \n任务优先级重要性：未提及  \n任务描述信息：将快递分拣至指定区域，准备后续配送。"
    }
]