[
    {
        "paragraph": "UAV-01:\n实体关系：快递配送\n时间：2023年10月20日 09:00 – 09:30\n地点：北京市海淀区中关村大街\n任务优先级重要性：高\n具体任务：检查电量≥80%，装载2件快递（≤10kg），固定包裹。"
    },
    {
        "paragraph": "UAV-02:\n实体关系：快递配送\n时间：2023年10月20日 09:00 – 09:30\n地点：北京市海淀区中关村大街\n任务优先级重要性：高\n具体任务：检查电量≥80%，装载2件快递（≤10kg），固定包裹。"
    },
    {
        "paragraph": "UAV-03:\n实体关系：快递配送\n时间：2023年10月20日 09:00 – 09:30\n地点：北京市海淀区中关村大街\n任务优先级重要性：高\n具体任务：检查电量≥80%，装载2件快递（≤10kg），固定包裹。"
    },
    {
        "paragraph": "UAV-04:\n实体关系：快递配送\n时间：2023年10月20日 09:00 – 09:30\n地点：北京市海淀区中关村大街\n任务优先级重要性：高\n具体任务：检查电量≥80%，装载2件快递（≤10kg），固定包裹。"
    },
    {
        "paragraph": "UAV-05:\n实体关系：快递配送\n时间：2023年10月20日 09:00 – 09:30\n地点：北京市海淀区中关村大街\n任务优先级重要性：高\n具体任务：检查电量≥80%，装载2件快递（≤10kg），固定包裹。"
    },
    {
        "paragraph": "UAV-06:\n实体关系：快递配送\n时间：2023年10月20日 09:00 – 09:30\n地点：北京市海淀区中关村大街\n任务优先级重要性：高\n具体任务：检查电量≥80%，装载2件快递（≤10kg），固定包裹。"
    },
    {
        "paragraph": "UAV-07:\n实体关系：快递配送\n时间：2023年10月20日 09:00 – 09:30\n地点：北京市海淀区中关村大街\n任务优先级重要性：高\n具体任务：检查电量≥80%，装载2件快递（≤10kg），固定包裹。"
    },
    {
        "paragraph": "UAV-08:\n实体关系：快递配送\n时间：2023年10月20日 09:00 – 09:30\n地点：北京市海淀区中关村大街\n任务优先级重要性：高\n具体任务：检查电量≥80%，装载2件快递（≤10kg），固定包裹。"
    },
    {
        "paragraph": "UAV-09:\n实体关系：快递配送\n时间：2023年10月20日 09:00 – 09:30\n地点：北京市海淀区中关村大街\n任务优先级重要性：高\n具体任务：检查电量≥80%，装载2件快递（≤10kg），固定包裹。"
    },
    {
        "paragraph": "UAV-10:\n实体关系：快递配送\n时间：2023年10月20日 09:00 – 09:30\n地点：北京市海淀区中关村大街\n任务优先级重要性：高\n具体任务：检查电量≥80%，装载2件快递（≤10kg），固定包裹。"
    },
    {
        "paragraph": "UAV-01至UAV-10:\n实体关系：飞行路径规划\n时间：2023年10月20日 09:30 – 09:45\n地点：北京市海淀区中关村大街\n任务优先级重要性：高\n具体任务：规划飞行路径，避开障碍物和人群密集区域，校准飞行高度和速度。"
    },
    {
        "paragraph": "UAV-01至UAV-10:\n实体关系：快递投递\n时间：2023年10月20日 09:45 – 11:45\n地点：北京市海淀区中关村大街\n任务优先级重要性：高\n具体任务：依次投递快递包裹，保持与包裹稳定连接，确保安全送达。"
    },
    {
        "paragraph": "UAV-01至UAV-10:\n实体关系：任务监控\n时间：2023年10月20日 11:45 – 12:00\n地点：北京市海淀区中关村大街\n任务优先级重要性：高\n具体任务：监控飞行状态，记录快递投递成功数量，通知地面控制中心异常情况。"
    },
    {
        "paragraph": "UAV-11:\n实体关系：备用无人机\n时间：2023年10月20日 12:00 – 12:30\n地点：北京市海淀区中关村大街\n任务优先级重要性：高\n具体任务：接收到指令后起飞，检查异常无人机状态，引导至安全区域。"
    },
    {
        "paragraph": "技术支持团队:\n实体关系：任务完成与设备维护\n时间：2023年10月20日 12:30 – 13:00\n地点：北京市海淀区中关村大街\n任务优先级重要性：高\n具体任务：检查无人机系统，清理镜头，充电至100%。"
    }
]