[
    {
        "paragraph": "无人机快递配送任务执行\n\n执行时间\n：2023年10月20日 09:00 – 12:00\n执行地点\n：北京市海淀区中关村大街（坐标：39.9902°N, 116.3317°E）\n执行者\n：\nUAV-01至UAV-10\n：负责向中关村地区配送快递包裹\n\n任务优先级\n：高（保证快递及时送达，提高用户满意度）\n\n操作步骤\n：\n————————————————————————————————————————————————————————————————————————————————-\n\n1.1 快递包裹装载与起飞准备\n（2023年10月20日 09:00 – 09:30）\nUAV-01至UAV-10\n依次完成以下步骤：\n- 检查无人机电量，确保电量≥80%，保障飞行时间不少于30分钟。\n- 装载快递包裹，每个无人机最多携带2件快递，总重量不超过10kg。\n- 确认包裹固定牢固，防止飞行过程中脱落。\n\n1.2 飞行路径规划与校准\n（2023年10月20日 09:30 – 09:45）\nUAV-01至UAV-10\n- 通过GPS定位系统，规划飞行路径，确保避开障碍物和人群密集区域。\n- 进行飞行路径校准，调整无人机飞",
        "key_message": "无人机名字或代号：UAV-01至UAV-10  \n时间：2023年10月20日 09:00 – 12:00、2023年10月20日 09:00 – 09:30、2023年10月20日 09:30 – 09:45  \n地点：北京市海淀区中关村大街（坐标：39.9902°N, 116.3317°E）  \n任务优先级重要性：高  \n任务描述信息：负责向中关村地区配送快递包裹；检查无人机电量，确保电量≥80%，保障飞行时间不少于30分钟；装载快递包裹，每个无人机最多携带2件快递，总重量不超过10kg；确认包裹固定牢固，防止飞行过程中脱落；通过GPS定位系统，规划飞行路径，确保避开障碍物和人群密集区域；进行飞行路径校准，调整无人机飞行。"
    },
    {
        "paragraph": "保避开障碍物和人群密集区域。\n- 进行飞行路径校准，调整无人机飞行高度和速度，确保精准投递。\n\n1.3 快递投递任务执行\n（2023年10月20日 09:45 – 11:45）\nUAV-01至UAV-10\n- 按照规划路径，依次投递快递包裹，每架无人机负责投递2件快递。\n  - UAV-01：09:45投递至中关村一区，UAV-02：09:55投递至中关村二区\n  - UAV-03：10:05投递至中关村三区，UAV-04：10:15投递至中关村四区\n  - UAV-05：10:25投递至中关村五区，UAV-06：10:35投递至中关村六区\n  - UAV-07：10:45投递至中关村七区，UAV-08：10:55投递至中关村八区\n  - UAV-09：11:05投递至中关村九区，UAV-10：11:15投递至中关村十区\n- 投递过程中，保持无人机与包裹的稳定连接，确保快递安全送达。\n\n1.4 任务监控与数据记录\n（2023年10月20日 11:45 – 12:00）\nUAV-01至UAV-10\n- 监控无人机飞行状态，包括电量、位置、速度等信息。\n- 记录快递投递成功数量，如有异常情况，立即通知地面控制中心",
        "key_message": "无人机名字或代号：UAV-01、UAV-02、UAV-03、UAV-04、UAV-05、UAV-06、UAV-07、UAV-08、UAV-09、UAV-10  \n时间：2023年10月20日 09:45 – 11:45、2023年10月20日 11:45 – 12:00、2023年10月20日 09:45、2023年10月20日 09:55、2023年10月20日 10:05、2023年10月20日 10:15、2023年10月20日 10:25、2023年10月20日 10:35、2023年10月20日 10:45、2023年10月20日 10:55、2023年10月20日 11:05、2023年10月20日 11:15  \n地点：中关村一区、中关村二区、中关村三区、中关村四区、中关村五区、中关村六区、中关村七区、中关村八区、中关村九区、中关村十区  \n任务优先级重要性：未提及  \n任务描述信息：避开障碍物和人群密集区域，进行飞行路径校准，调整无人机飞行高度和速度，确保精准投递；按照规划路径依次投递快递包裹，每架无人机负责投递2件快递；保持无人机与包裹的稳定连接，确保快递安全送达；监控无人机飞行状态（电量、位置、速度等信息），记录快递投递成功数量，如有异常情况立即通知地面控制中心。"
    },
    {
        "paragraph": "。\n- 记录快递投递成功数量，如有异常情况，立即通知地面控制中心。\n\n————————————————————————————————————————————————————————————————————————————————-",
        "key_message": "无人机名字或代号：未提及  \n时间：未提及  \n地点：未提及  \n任务优先级重要性：未提及  \n任务描述信息：记录快递投递成功数量，如有异常情况，立即通知地面控制中心。"
    },
    {
        "paragraph": "快递包裹异常处理与返航\n（2023年10月20日 12:00 – 12:30）\n执行者\n：UAV-11（备用无人机）\n\n操作步骤\n：\n- 如果发现某架无人机在投递过程中出现异常，立即启动备用无人机UAV-11。\n- UAV-11接收到指令后，立即起飞并前往异常无人机所在位置。\n- 到达异常无人机附近后，检查其状态，如需返航，将异常无人机引导至安全区域。\n- 确认异常无人机安全后，返回地面控制中心。\n\n任务完成与设备维护\n（2023年10月20日 12:30 – 13:00）\n执行者\n：技术支持团队\n\n操作步骤\n：\n- 检查无人机飞行系统、光影设备、定位导航模块，确保状态正常。\n- 清理无人机光学镜头，确保LED光源无污染物影响。\n- 为无人机充电，电量恢复至100%以备次日使用。",
        "key_message": "无人机名字或代号：UAV-11  \n时间：2023年10月20日 12:00 – 12:30、2023年10月20日 12:30 – 13:00  \n地点：未提及  \n任务优先级重要性：未提及  \n任务描述信息：如果发现某架无人机在投递过程中出现异常，立即启动备用无人机UAV-11；UAV-11接收到指令后，立即起飞并前往异常无人机所在位置；到达异常无人机附近后，检查其状态，如需返航，将异常无人机引导至安全区域；确认异常无人机安全后，返回地面控制中心。检查无人机飞行系统、光影设备、定位导航模块，确保状态正常；清理无人机光学镜头，确保LED光源无污染物影响；为无人机充电，电量恢复至100%以备次日使用。"
    }
]