[
    {
        "content2_para": "UAV-101:\n实体关系：朝阳公园至中关村快递配送\n时间：2023年11月15日 07:30 – 08:00\n地点：北京市朝阳公园快递点\n任务优先级重要性：高\n具体任务：进行系统自检，确保电池电量≥90%，货物装载正确，并建立通信连接。",
        "matches": [
            {
                "content1_para": "无人机准备与设备检查\n执行时间\n：2023年11月15日 07:30 – 08:00\n执行地点\n：北京市朝阳公园快递点\n执行者\n：UAV-101, UAV-102, UAV-103\n任务描述：\n确保无人机系统正常，电池电量充足，货物装载正确。\n\n操作步骤：\n- UAV-101, UAV-102, UAV-103依次进行系统自检，包括导航系统、电池电量、摄像头和装载的快递包裹检查。\n- 确保每架无人机电池电量≥90%，并检查货物是否正确装载。\n- 无人机与地面控制站建立通信连接，进行初步测试。\n\n————————————————————————————————————————————————————————————————————————————————-",
                "content1_msg": "无人机名字或代号：UAV-101, UAV-102, UAV-103  \n时间：2023年11月15日 07:30 – 08:00  \n地点：北京市朝阳公园快递点  \n任务优先级重要性：未提及  \n任务描述信息：确保无人机系统正常，电池电量充足，货物装载正确。依次进行系统自检，包括导航系统、电池电量、摄像头和装载的快递包裹检查。确保每架无人机电池电量≥90%，并检查货物是否正确装载。无人机与地面控制站建立通信连接，进行初步测试。",
                "similarity": 0.8101383590126983
            },
            {
                "content1_para": "任务总结与返航\n执行时间\n：2023年11月15日 11:00 – 12:00\n执行地点\n：北京市朝阳公园快递点\n执行者\n：UAV-101, UAV-102, UAV-103, UAV-104\n任务描述：\n汇总配送数据，返航至起点，进行数据分析和备份数据。\n\n操作步骤：\n- UAV-101, UAV-102, UAV-103完成配送任务后，按预定航线返航至朝阳公园快递点。\n- UAV-104监控返航过程，确保无人机安全。\n- 地面控制站接收返航数据，进行数据分析，并备份配送数据。\n- 汇总配送效率，计算无人机使用成本，并记录在案。",
                "content1_msg": "无人机名字或代号：UAV-101, UAV-102, UAV-103, UAV-104  \n时间：2023年11月15日 11:00 – 12:00  \n地点：北京市朝阳公园快递点  \n任务优先级重要性：未提及  \n任务描述信息：汇总配送数据，返航至起点，进行数据分析和备份数据；完成配送任务后按预定航线返航；监控返航过程确保无人机安全；接收返航数据进行数据分析并备份配送数据；汇总配送效率计算无人机使用成本并记录在案。",
                "similarity": 0.7098834518545634
            }
        ]
    },
    {
        "content2_para": "UAV-101:\n实体关系：朝阳公园至中关村快递配送\n时间：2023年11月15日 08:00 – 09:30\n地点：北京市中心区域\n任务优先级重要性：高\n具体任务：08:00起飞，沿预设航线前往中关村，飞行高度100米，速度30 km/h，每5分钟发送送达确认。",
        "matches": [
            {
                "content1_para": "快递配送任务执行\n执行时间\n：2023年11月15日 08:00 – 09:30\n执行地点\n：北京市中心区域\n执行者\n：UAV-101, UAV-102, UAV-103\n任务描述：\n按照预设航线进行快递配送，确保按时送达。\n\n操作步骤：\n- UAV-101于08:00起飞，沿预设航线前往中关村区域，飞行高度保持100米，飞行速度为30 km/h。\n- 每隔5分钟，UAV-101通过地面控制站发送快递送达确认信息。\n- UAV-102于08:10起飞，沿预设航线前往天安门广场区域，执行同样的配送任务。\n- UAV-103于08:20起飞，沿预设航线前往奥林匹克公园区域，执行同样的配送任务。\n\n————————————————————————————————————————————————————————————————————————————————-",
                "content1_msg": "无人机名字或代号：UAV-101, UAV-102, UAV-103  \n时间：2023年11月15日 08:00 – 09:30、2023年11月15日 08:00、2023年11月15日 08:10、2023年11月15日 08:20  \n地点：北京市中心区域、中关村区域、天安门广场区域、奥林匹克公园区域  \n任务优先级重要性：未提及  \n任务描述信息：按照预设航线进行快递配送，确保按时送达。",
                "similarity": 0.7901976733523504
            },
            {
                "content1_para": "实时监控与数据反馈\n执行时间\n：2023年11月15日 09:30 – 11:00\n执行地点\n：北京市中心区域\n执行者\n：UAV-101, UAV-102, UAV-103\n任务描述：\n实时监控配送过程，确保快递安全送达，并对地面控制站反馈配送状态。\n\n操作步骤：\n- 每架无人机每分钟向地面控制站发送位置和状态信息。\n- 地面控制站实时监控无人机位置，确保它们在预定航线上。\n- 如果发现无人机偏离航线或遇到异常情况，地面控制站立即采取措施。\n\n————————————————————————————————————————————————————————————————————————————————-",
                "content1_msg": "无人机名字或代号：UAV-101, UAV-102, UAV-103  \n时间：2023年11月15日 09:30 – 11:00  \n地点：北京市中心区域  \n任务优先级重要性：未提及  \n任务描述信息：实时监控配送过程，确保快递安全送达，并对地面控制站反馈配送状态。",
                "similarity": 0.728955838963459
            }
        ]
    },
    {
        "content2_para": "UAV-102:\n实体关系：中关村至天安门广场快递配送\n时间：2023年11月15日 08:10 – 09:30\n地点：北京市中心区域\n任务优先级重要性：高\n具体任务：08:10起飞，沿预设航线前往天安门广场，执行同样的配送任务。",
        "matches": [
            {
                "content1_para": "快递配送任务执行\n执行时间\n：2023年11月15日 08:00 – 09:30\n执行地点\n：北京市中心区域\n执行者\n：UAV-101, UAV-102, UAV-103\n任务描述：\n按照预设航线进行快递配送，确保按时送达。\n\n操作步骤：\n- UAV-101于08:00起飞，沿预设航线前往中关村区域，飞行高度保持100米，飞行速度为30 km/h。\n- 每隔5分钟，UAV-101通过地面控制站发送快递送达确认信息。\n- UAV-102于08:10起飞，沿预设航线前往天安门广场区域，执行同样的配送任务。\n- UAV-103于08:20起飞，沿预设航线前往奥林匹克公园区域，执行同样的配送任务。\n\n————————————————————————————————————————————————————————————————————————————————-",
                "content1_msg": "无人机名字或代号：UAV-101, UAV-102, UAV-103  \n时间：2023年11月15日 08:00 – 09:30、2023年11月15日 08:00、2023年11月15日 08:10、2023年11月15日 08:20  \n地点：北京市中心区域、中关村区域、天安门广场区域、奥林匹克公园区域  \n任务优先级重要性：未提及  \n任务描述信息：按照预设航线进行快递配送，确保按时送达。",
                "similarity": 0.8021308018427468
            },
            {
                "content1_para": "实时监控与数据反馈\n执行时间\n：2023年11月15日 09:30 – 11:00\n执行地点\n：北京市中心区域\n执行者\n：UAV-101, UAV-102, UAV-103\n任务描述：\n实时监控配送过程，确保快递安全送达，并对地面控制站反馈配送状态。\n\n操作步骤：\n- 每架无人机每分钟向地面控制站发送位置和状态信息。\n- 地面控制站实时监控无人机位置，确保它们在预定航线上。\n- 如果发现无人机偏离航线或遇到异常情况，地面控制站立即采取措施。\n\n————————————————————————————————————————————————————————————————————————————————-",
                "content1_msg": "无人机名字或代号：UAV-101, UAV-102, UAV-103  \n时间：2023年11月15日 09:30 – 11:00  \n地点：北京市中心区域  \n任务优先级重要性：未提及  \n任务描述信息：实时监控配送过程，确保快递安全送达，并对地面控制站反馈配送状态。",
                "similarity": 0.7229601796252484
            }
        ]
    },
    {
        "content2_para": "UAV-103:\n实体关系：天安门广场至奥林匹克公园快递配送\n时间：2023年11月15日 08:20 – 09:30\n地点：北京市中心区域\n任务优先级重要性：高\n具体任务：08:20起飞，沿预设航线前往奥林匹克公园，执行同样的配送任务。",
        "matches": [
            {
                "content1_para": "快递配送任务执行\n执行时间\n：2023年11月15日 08:00 – 09:30\n执行地点\n：北京市中心区域\n执行者\n：UAV-101, UAV-102, UAV-103\n任务描述：\n按照预设航线进行快递配送，确保按时送达。\n\n操作步骤：\n- UAV-101于08:00起飞，沿预设航线前往中关村区域，飞行高度保持100米，飞行速度为30 km/h。\n- 每隔5分钟，UAV-101通过地面控制站发送快递送达确认信息。\n- UAV-102于08:10起飞，沿预设航线前往天安门广场区域，执行同样的配送任务。\n- UAV-103于08:20起飞，沿预设航线前往奥林匹克公园区域，执行同样的配送任务。\n\n————————————————————————————————————————————————————————————————————————————————-",
                "content1_msg": "无人机名字或代号：UAV-101, UAV-102, UAV-103  \n时间：2023年11月15日 08:00 – 09:30、2023年11月15日 08:00、2023年11月15日 08:10、2023年11月15日 08:20  \n地点：北京市中心区域、中关村区域、天安门广场区域、奥林匹克公园区域  \n任务优先级重要性：未提及  \n任务描述信息：按照预设航线进行快递配送，确保按时送达。",
                "similarity": 0.7998435332041359
            },
            {
                "content1_para": "实时监控与数据反馈\n执行时间\n：2023年11月15日 09:30 – 11:00\n执行地点\n：北京市中心区域\n执行者\n：UAV-101, UAV-102, UAV-103\n任务描述：\n实时监控配送过程，确保快递安全送达，并对地面控制站反馈配送状态。\n\n操作步骤：\n- 每架无人机每分钟向地面控制站发送位置和状态信息。\n- 地面控制站实时监控无人机位置，确保它们在预定航线上。\n- 如果发现无人机偏离航线或遇到异常情况，地面控制站立即采取措施。\n\n————————————————————————————————————————————————————————————————————————————————-",
                "content1_msg": "无人机名字或代号：UAV-101, UAV-102, UAV-103  \n时间：2023年11月15日 09:30 – 11:00  \n地点：北京市中心区域  \n任务优先级重要性：未提及  \n任务描述信息：实时监控配送过程，确保快递安全送达，并对地面控制站反馈配送状态。",
                "similarity": 0.7205199058634991
            }
        ]
    },
    {
        "content2_para": "UAV-101, UAV-102, UAV-103:\n实体关系：实时监控与数据反馈\n时间：2023年11月15日 09:30 – 11:00\n地点：北京市中心区域\n任务优先级重要性：高\n具体任务：每分钟发送位置和状态信息，确保在预定航线上，地面控制站实时监控。",
        "matches": [
            {
                "content1_para": "实时监控与数据反馈\n执行时间\n：2023年11月15日 09:30 – 11:00\n执行地点\n：北京市中心区域\n执行者\n：UAV-101, UAV-102, UAV-103\n任务描述：\n实时监控配送过程，确保快递安全送达，并对地面控制站反馈配送状态。\n\n操作步骤：\n- 每架无人机每分钟向地面控制站发送位置和状态信息。\n- 地面控制站实时监控无人机位置，确保它们在预定航线上。\n- 如果发现无人机偏离航线或遇到异常情况，地面控制站立即采取措施。\n\n————————————————————————————————————————————————————————————————————————————————-",
                "content1_msg": "无人机名字或代号：UAV-101, UAV-102, UAV-103  \n时间：2023年11月15日 09:30 – 11:00  \n地点：北京市中心区域  \n任务优先级重要性：未提及  \n任务描述信息：实时监控配送过程，确保快递安全送达，并对地面控制站反馈配送状态。",
                "similarity": 0.8509711302359402
            },
            {
                "content1_para": "任务总结与返航\n执行时间\n：2023年11月15日 11:00 – 12:00\n执行地点\n：北京市朝阳公园快递点\n执行者\n：UAV-101, UAV-102, UAV-103, UAV-104\n任务描述：\n汇总配送数据，返航至起点，进行数据分析和备份数据。\n\n操作步骤：\n- UAV-101, UAV-102, UAV-103完成配送任务后，按预定航线返航至朝阳公园快递点。\n- UAV-104监控返航过程，确保无人机安全。\n- 地面控制站接收返航数据，进行数据分析，并备份配送数据。\n- 汇总配送效率，计算无人机使用成本，并记录在案。",
                "content1_msg": "无人机名字或代号：UAV-101, UAV-102, UAV-103, UAV-104  \n时间：2023年11月15日 11:00 – 12:00  \n地点：北京市朝阳公园快递点  \n任务优先级重要性：未提及  \n任务描述信息：汇总配送数据，返航至起点，进行数据分析和备份数据；完成配送任务后按预定航线返航；监控返航过程确保无人机安全；接收返航数据进行数据分析并备份配送数据；汇总配送效率计算无人机使用成本并记录在案。",
                "similarity": 0.8129488376909557
            }
        ]
    },
    {
        "content2_para": "UAV-101, UAV-102, UAV-103, UAV-104:\n实体关系：任务总结与返航\n时间：2023年11月15日 11:00 – 12:00\n地点：北京市朝阳公园快递点\n任务优先级重要性：高\n具体任务：返航至朝阳公园快递点，地面控制站接收返航数据，进行数据分析，备份配送数据，汇总配送效率。",
        "matches": [
            {
                "content1_para": "任务总结与返航\n执行时间\n：2023年11月15日 11:00 – 12:00\n执行地点\n：北京市朝阳公园快递点\n执行者\n：UAV-101, UAV-102, UAV-103, UAV-104\n任务描述：\n汇总配送数据，返航至起点，进行数据分析和备份数据。\n\n操作步骤：\n- UAV-101, UAV-102, UAV-103完成配送任务后，按预定航线返航至朝阳公园快递点。\n- UAV-104监控返航过程，确保无人机安全。\n- 地面控制站接收返航数据，进行数据分析，并备份配送数据。\n- 汇总配送效率，计算无人机使用成本，并记录在案。",
                "content1_msg": "无人机名字或代号：UAV-101, UAV-102, UAV-103, UAV-104  \n时间：2023年11月15日 11:00 – 12:00  \n地点：北京市朝阳公园快递点  \n任务优先级重要性：未提及  \n任务描述信息：汇总配送数据，返航至起点，进行数据分析和备份数据；完成配送任务后按预定航线返航；监控返航过程确保无人机安全；接收返航数据进行数据分析并备份配送数据；汇总配送效率计算无人机使用成本并记录在案。",
                "similarity": 0.9139345751915378
            },
            {
                "content1_para": "无人机准备与设备检查\n执行时间\n：2023年11月15日 07:30 – 08:00\n执行地点\n：北京市朝阳公园快递点\n执行者\n：UAV-101, UAV-102, UAV-103\n任务描述：\n确保无人机系统正常，电池电量充足，货物装载正确。\n\n操作步骤：\n- UAV-101, UAV-102, UAV-103依次进行系统自检，包括导航系统、电池电量、摄像头和装载的快递包裹检查。\n- 确保每架无人机电池电量≥90%，并检查货物是否正确装载。\n- 无人机与地面控制站建立通信连接，进行初步测试。\n\n————————————————————————————————————————————————————————————————————————————————-",
                "content1_msg": "无人机名字或代号：UAV-101, UAV-102, UAV-103  \n时间：2023年11月15日 07:30 – 08:00  \n地点：北京市朝阳公园快递点  \n任务优先级重要性：未提及  \n任务描述信息：确保无人机系统正常，电池电量充足，货物装载正确。依次进行系统自检，包括导航系统、电池电量、摄像头和装载的快递包裹检查。确保每架无人机电池电量≥90%，并检查货物是否正确装载。无人机与地面控制站建立通信连接，进行初步测试。",
                "similarity": 0.7841265045319238
            }
        ]
    }
]