[
    {
        "paragraph": "无人机快递配送任务一\n任务优先级：\n：高\n任务重要性：\n：确保快递及时送达，提高配送效率\n执行时间：\n：2023年4月10日 10:00\n执行地点：\n：上海市浦东新区某居民小区（坐标：31.2304°N, 121.5278°E）\n执行者：\nUAV-01\n：负责快递收集与配送\nUAV-02\n：辅助导航与实时监控\n操作步骤：\n1.1 UAV-01在10:00到达快递收集点（上海市浦东新区某快递服务中心，坐标：31.2305°N, 121.5280°E），收集指定快递。\n1.2 UAV-01在10:10完成快递装载，开始起飞前往配送目的地（上海市浦东新区某居民小区1号楼，坐标：31.2308°N, 121.5268°E）。\n1.3 UAV-02在10:10同步起飞，与UAV-01保持一定距离，负责实时监控UAV-01飞行状态。\n1.4 UAV-01在10:20到达配送目的地，通过无人机终端发送配送请求。\n1.5 UAV-02在10:21确认配送请求，向地面控制中心发送配送完成通知。\n1.6 UAV-01在10:22将快递送达指定收件人，进行签收确认。\n1.7 UAV-01与UAV-02在10:23返回快递服务中心。",
        "key_message": "无人机名字或代号：UAV-01、UAV-02  \n时间：2023年4月10日 10:00、2023年4月10日 10:10、2023年4月10日 10:20、2023年4月10日 10:21、2023年4月10日 10:22、2023年4月10日 10:23  \n地点：上海市浦东新区某居民小区（坐标：31.2304°N, 121.5278°E）、上海市浦东新区某快递服务中心（坐标：31.2305°N, 121.5280°E）、上海市浦东新区某居民小区1号楼（坐标：31.2308°N, 121.5268°E）  \n任务优先级重要性：高  \n任务描述信息：负责快递收集与配送（UAV-01），辅助导航与实时监控（UAV-02），UAV-01在10:00到达快递收集点并收集指定快递，10:10完成快递装载后起飞前往配送目的地，UAV-02同步起飞进行实时监控，UAV-01在10:20到达配送目的地并通过终端发送配送请求，UAV-02在10:21确认配送请求并向地面控制中心发送通知，UAV-01在10:22将快递送达指定收件人并签收确认，UAV-01与UAV-02在10:23返回快递服务中心。"
    },
    {
        "paragraph": "1.7 UAV-01与UAV-02在10:23返回快递服务中心。\n\n————————————————————————————————————————————————————————————————————————————————-",
        "key_message": "无人机名字或代号：UAV-01、UAV-02  \n时间：10:23  \n地点：快递服务中心  \n任务优先级重要性：未提及  \n任务描述信息：返回"
    },
    {
        "paragraph": "无人机快递配送任务二\n任务优先级：\n：中\n任务重要性：\n：优化配送路线，提高配送效率\n执行时间：\n：2023年4月10日 14:00\n执行地点：\n：上海市浦东新区某商业区（坐标：31.2300°N, 121.5300°E）\n执行者：\nUAV-01\n：负责配送区域内快递\nUAV-02\n：辅助导航与实时监控\n操作步骤：\n2.1 UAV-01在14:00到达快递服务中心，接收配送区域内快递。\n2.2 UAV-02在14:10同步起飞，与UAV-01保持一定距离，负责实时监控UAV-01飞行状态。\n2.3 UAV-01在14:15根据配送地址，选择最优配送路线。\n2.4 UAV-01在14:20开始按照最优路线进行配送，UAV-02实时监控UAV-01飞行状态，确保配送过程安全。\n2.5 当UAV-01遇到交通拥堵或其他意外情况时，UAV-02及时向地面控制中心发送异常信息。\n2.6 UAV-01在14:45完成配送任务，UAV-02在14:46向地面控制中心发送配送完成通知。\n2.7 UAV-01与UAV-02在14:50返回快递服务中心。\n\n————————————————————————————————————",
        "key_message": "无人机名字或代号：UAV-01、UAV-02  \n时间：2023年4月10日 14:00、2023年4月10日 14:10、2023年4月10日 14:15、2023年4月10日 14:20、2023年4月10日 14:45、2023年4月10日 14:46、2023年4月10日 14:50  \n地点：上海市浦东新区某商业区（坐标：31.2300°N, 121.5300°E）、快递服务中心  \n任务优先级重要性：中  \n任务描述信息：优化配送路线，提高配送效率；UAV-01负责配送区域内快递；UAV-02辅助导航与实时监控；UAV-01在14:00到达快递服务中心接收配送区域内快递；UAV-02在14:10同步起飞实时监控UAV-01飞行状态；UAV-01在14:15选择最优配送路线；UAV-01在14:20开始按照最优路线进行配送；UAV-02实时监控UAV-01飞行状态确保配送过程安全；当UAV-01遇到交通拥堵或其他意外情况时，UAV-02及时向地面控制中心发送异常信息；UAV-01在14:45完成配送任务；UAV-02在14:46向地面控制中心发送配送完成通知；UAV-01与UAV-02在14:50返回快递服务中心。"
    },
    {
        "paragraph": "————————————————————————————————————————————————————————————————————————————-",
        "key_message": "无人机名字或代号：未提及  \n时间：未提及  \n地点：未提及  \n任务优先级重要性：未提及  \n任务描述信息：未提及"
    },
    {
        "paragraph": "无人机快递配送任务三\n任务优先级：\n：低\n任务重要性：\n：测试无人机夜间配送能力\n执行时间：\n：2023年4月10日 20:00\n执行地点：\n：上海市浦东新区某居民小区（坐标：31.2304°N, 121.5278°E）\n执行者：\nUAV-01\n：负责夜间配送任务\nUAV-02\n：辅助导航与实时监控\n操作步骤：\n3.1 UAV-01在20:00到达快递服务中心，接收夜间配送快递。\n3.2 UAV-02在20:10同步起飞，与UAV-01保持一定距离，负责实时监控UAV-01飞行状态。\n3.3 UAV-01在20:15开始按照既定路线进行夜间配送。\n3.4 UAV-02实时监控UAV-01飞行状态，确保夜间配送过程安全。\n3.5 当UAV-01遇到异常情况时，UAV-02及时向地面控制中心发送异常信息。\n3.6 UAV-01在21:00完成夜间配送任务，UAV-02在21:01向地面控制中心发送配送完成通知。\n3.7 UAV-01与UAV-02在21:10返回快递服务中心。",
        "key_message": "无人机名字或代号：UAV-01、UAV-02  \n时间：2023年4月10日 20:00、2023年4月10日 20:10、2023年4月10日 20:15、2023年4月10日 21:00、2023年4月10日 21:01、2023年4月10日 21:10  \n地点：上海市浦东新区某居民小区（坐标：31.2304°N, 121.5278°E）、快递服务中心  \n任务优先级重要性：低  \n任务描述信息：负责夜间配送任务、辅助导航与实时监控、接收夜间配送快递、按照既定路线进行夜间配送、实时监控飞行状态、发送异常信息、发送配送完成通知、返回快递服务中心"
    }
]