[
    {
        "content2_para": "UAV-01:\n实体关系：灾区高空监测\n时间：2023年9月15日 08:00\n地点：四川茂县地震灾区（32.5°N, 104.1°E）\n任务优先级重要性：极高\n具体任务：起飞至1000米高空，进行全景图像采集。",
        "matches": [
            {
                "content1_para": "灾区实时监测与评估\n执行时间：2023年9月15日 08:00 – 12:00\n执行地点：四川茂县地震灾区（坐标：32.5°N, 104.1°E）\n执行者：\nUAV-01\n：负责灾区高空实时监测\nUAV-02\n：负责灾区低空图像采集与细节评估\nUAV-03\n：备用无人机，执行故障应急接替与数据备份\n任务优先级：极高（确保灾区情况实时了解，为救援决策提供依据）\n操作步骤：\n————————————————————————————————————————————————————————————————————————————————-\nUAV-01\n于2023年9月15日 08:00在灾区指定起飞点起飞，执行以下任务：\n- 08:00-08:15，飞行至灾区高空（高度1000米），进行全景图像采集，记录地震影响范围。\n- 08:15-08:30，沿灾区边缘飞行，监测灾区周边地形变化，避免高空障碍物。\n- 08:30-09:00，返回起飞点，将采集到的图像数据传输至指挥中心。\n\nUAV-02\n于2023年9月15日 08:15在灾区指定起飞点起飞，执行以下任务：\n- 08:15-08:30，飞行至灾区低空（高度20",
                "content1_msg": "无人机名字或代号：UAV-01、UAV-02、UAV-03  \n时间：2023年9月15日 08:00 – 12:00、2023年9月15日 08:00、2023年9月15日 08:15  \n地点：四川茂县地震灾区（坐标：32.5°N, 104.1°E）  \n任务优先级重要性：极高  \n任务描述信息：  \n- UAV-01：08:00-08:15，飞行至灾区高空（高度1000米），进行全景图像采集，记录地震影响范围。  \n- UAV-01：08:15-08:30，沿灾区边缘飞行，监测灾区周边地形变化，避免高空障碍物。  \n- UAV-01：08:30-09:00，返回起飞点，将采集到的图像数据传输至指挥中心。  \n- UAV-02：08:15-08:30，飞行至灾区低空（高度20...（未完整，但可推测为低空图像采集任务）",
                "similarity": 0.8030970687555783
            },
            {
                "content1_para": "灾区通信恢复与数据传输\n执行时间：2023年9月15日 10:00 – 14:00\n执行地点：四川茂县地震灾区（坐标：32.5°N, 104.1°E）\n执行者：\nUAV-07\n：负责灾区通信基站修复\nUAV-08\n：负责灾区数据传输与实时监控\nUAV-09\n：备用无人机，执行故障应急接替与通信恢复\n任务优先级：极高（确保灾区通信畅通，救援信息实时传输）\n操作步骤：\n————————————————————————————————————————————————————————————————————————————————-\nUAV-07\n于2023年9月15日 10:00在灾区指定起飞点起飞，执行以下任务：\n- 10:00-10:30，对灾区通信基站进行初步检查，确定故障原因。\n- 10:30-11:00，利用携带的工具进行基站修复，恢复通信信号。\n- 11:00-11:30，返回起飞点，将修复情况传输至指挥中心。\n\nUAV-08\n于2023年9月15日 10:00在灾区指定起飞点起飞，执行以下任务：\n- 10:00-10:30，建立临时通信网络，确保灾区内部信息传输。\n- 10:30-11:00，监控灾区",
                "content1_msg": "无人机名字或代号：UAV-07、UAV-08、UAV-09  \n时间：2023年9月15日 10:00 – 14:00、2023年9月15日 10:00、2023年9月15日 10:00-10:30、2023年9月15日 10:30-11:00、2023年9月15日 11:00-11:30  \n地点：四川茂县地震灾区（坐标：32.5°N, 104.1°E）  \n任务优先级重要性：极高  \n任务描述信息：  \n- 负责灾区通信基站修复  \n- 负责灾区数据传输与实时监控  \n- 备用无人机，执行故障应急接替与通信恢复  \n- 对灾区通信基站进行初步检查，确定故障原因  \n- 利用携带的工具进行基站修复，恢复通信信号  \n- 返回起飞点，将修复情况传输至指挥中心  \n- 建立临时通信网络，确保灾区内部信息传输  \n- 监控灾区",
                "similarity": 0.710368212722359
            }
        ]
    },
    {
        "content2_para": "UAV-01:\n实体关系：灾区高空监测\n时间：2023年9月15日 08:15-08:30\n地点：四川茂县地震灾区（32.5°N, 104.1°E）\n任务优先级重要性：极高\n具体任务：沿灾区边缘飞行，监测地形变化。",
        "matches": [
            {
                "content1_para": "灾区实时监测与评估\n执行时间：2023年9月15日 08:00 – 12:00\n执行地点：四川茂县地震灾区（坐标：32.5°N, 104.1°E）\n执行者：\nUAV-01\n：负责灾区高空实时监测\nUAV-02\n：负责灾区低空图像采集与细节评估\nUAV-03\n：备用无人机，执行故障应急接替与数据备份\n任务优先级：极高（确保灾区情况实时了解，为救援决策提供依据）\n操作步骤：\n————————————————————————————————————————————————————————————————————————————————-\nUAV-01\n于2023年9月15日 08:00在灾区指定起飞点起飞，执行以下任务：\n- 08:00-08:15，飞行至灾区高空（高度1000米），进行全景图像采集，记录地震影响范围。\n- 08:15-08:30，沿灾区边缘飞行，监测灾区周边地形变化，避免高空障碍物。\n- 08:30-09:00，返回起飞点，将采集到的图像数据传输至指挥中心。\n\nUAV-02\n于2023年9月15日 08:15在灾区指定起飞点起飞，执行以下任务：\n- 08:15-08:30，飞行至灾区低空（高度20",
                "content1_msg": "无人机名字或代号：UAV-01、UAV-02、UAV-03  \n时间：2023年9月15日 08:00 – 12:00、2023年9月15日 08:00、2023年9月15日 08:15  \n地点：四川茂县地震灾区（坐标：32.5°N, 104.1°E）  \n任务优先级重要性：极高  \n任务描述信息：  \n- UAV-01：08:00-08:15，飞行至灾区高空（高度1000米），进行全景图像采集，记录地震影响范围。  \n- UAV-01：08:15-08:30，沿灾区边缘飞行，监测灾区周边地形变化，避免高空障碍物。  \n- UAV-01：08:30-09:00，返回起飞点，将采集到的图像数据传输至指挥中心。  \n- UAV-02：08:15-08:30，飞行至灾区低空（高度20...（未完整，但可推测为低空图像采集任务）",
                "similarity": 0.847460498570462
            },
            {
                "content1_para": "以下任务：\n- 08:15-08:30，飞行至灾区低空（高度200米），对重点区域进行图像采集。\n- 08:30-09:00，对采集到的图像进行初步分析，识别建筑物倒塌情况、道路阻塞等细节。\n- 09:00-09:15，返回起飞点，将图像数据传输至指挥中心。\n\nUAV-03\n于2023年9月15日 08:00在备用起飞点待命，准备随时接替故障无人机或备份数据。\n\n————————————————————————————————————————————————————————————————————————————————-",
                "content1_msg": "无人机名字或代号：UAV-03  \n时间：2023年9月15日 08:00、08:15-08:30、08:30-09:00、09:00-09:15  \n地点：灾区低空（高度200米）、重点区域、备用起飞点、指挥中心  \n任务优先级重要性：未提及  \n任务描述信息：飞行至灾区低空（高度200米），对重点区域进行图像采集；对采集到的图像进行初步分析，识别建筑物倒塌情况、道路阻塞等细节；返回起飞点，将图像数据传输至指挥中心；在备用起飞点待命，准备随时接替故障无人机或备份数据。",
                "similarity": 0.746061174828545
            }
        ]
    },
    {
        "content2_para": "UAV-01:\n实体关系：灾区高空监测\n时间：2023年9月15日 08:30-09:00\n地点：四川茂县地震灾区（32.5°N, 104.1°E）\n任务优先级重要性：极高\n具体任务：返回起飞点，传输图像数据。",
        "matches": [
            {
                "content1_para": "灾区实时监测与评估\n执行时间：2023年9月15日 08:00 – 12:00\n执行地点：四川茂县地震灾区（坐标：32.5°N, 104.1°E）\n执行者：\nUAV-01\n：负责灾区高空实时监测\nUAV-02\n：负责灾区低空图像采集与细节评估\nUAV-03\n：备用无人机，执行故障应急接替与数据备份\n任务优先级：极高（确保灾区情况实时了解，为救援决策提供依据）\n操作步骤：\n————————————————————————————————————————————————————————————————————————————————-\nUAV-01\n于2023年9月15日 08:00在灾区指定起飞点起飞，执行以下任务：\n- 08:00-08:15，飞行至灾区高空（高度1000米），进行全景图像采集，记录地震影响范围。\n- 08:15-08:30，沿灾区边缘飞行，监测灾区周边地形变化，避免高空障碍物。\n- 08:30-09:00，返回起飞点，将采集到的图像数据传输至指挥中心。\n\nUAV-02\n于2023年9月15日 08:15在灾区指定起飞点起飞，执行以下任务：\n- 08:15-08:30，飞行至灾区低空（高度20",
                "content1_msg": "无人机名字或代号：UAV-01、UAV-02、UAV-03  \n时间：2023年9月15日 08:00 – 12:00、2023年9月15日 08:00、2023年9月15日 08:15  \n地点：四川茂县地震灾区（坐标：32.5°N, 104.1°E）  \n任务优先级重要性：极高  \n任务描述信息：  \n- UAV-01：08:00-08:15，飞行至灾区高空（高度1000米），进行全景图像采集，记录地震影响范围。  \n- UAV-01：08:15-08:30，沿灾区边缘飞行，监测灾区周边地形变化，避免高空障碍物。  \n- UAV-01：08:30-09:00，返回起飞点，将采集到的图像数据传输至指挥中心。  \n- UAV-02：08:15-08:30，飞行至灾区低空（高度20...（未完整，但可推测为低空图像采集任务）",
                "similarity": 0.8089166249244055
            },
            {
                "content1_para": "灾区物资投放与人员搜救\n执行时间：2023年9月15日 09:00 – 13:00\n执行地点：四川茂县地震灾区（坐标：32.5°N, 104.1°E）\n执行者：\nUAV-04\n：负责灾区物资投放\nUAV-05\n：负责灾区低空搜索与人员定位\nUAV-06\n：备用无人机，执行故障应急接替与物资投放\n任务优先级：极高（确保灾区物资及时到达，人员得到及时救援）\n操作步骤：\n————————————————————————————————————————————————————————————————————————————————-\nUAV-04\n于2023年9月15日 09:00在灾区指定起飞点起飞，执行以下任务：\n- 09:00-09:15，投放救灾物资至灾区指定区域，如帐篷、食物、药品等。\n- 09:15-09:30，根据指挥中心指令，调整投放路径，确保物资覆盖更多灾区。\n- 09:30-10:00，返回起飞点，将投放数据传输至指挥中心。\n\nUAV-05\n于2023年9月15日 09:00在灾区指定起飞点起飞，执行以下任务：\n- 09:00-09:30，在灾区低空进行搜索，利用热成像设备定位被困人员。\n- 09",
                "content1_msg": "无人机名字或代号：UAV-04、UAV-05、UAV-06  \n时间：2023年9月15日 09:00 – 13:00、2023年9月15日 09:00、2023年9月15日 09:00-09:15、2023年9月15日 09:15-09:30、2023年9月15日 09:30-10:00  \n地点：四川茂县地震灾区（坐标：32.5°N, 104.1°E）  \n任务优先级重要性：极高  \n任务描述信息：  \n- UAV-04：投放救灾物资至灾区指定区域，调整投放路径确保物资覆盖更多灾区，返回起飞点传输数据。  \n- UAV-05：在灾区低空进行搜索，利用热成像设备定位被困人员。  \n- UAV-06：备用无人机，执行故障应急接替与物资投放。",
                "similarity": 0.7499439969159973
            }
        ]
    },
    {
        "content2_para": "UAV-02:\n实体关系：灾区低空图像采集\n时间：2023年9月15日 08:15\n地点：四川茂县地震灾区（32.5°N, 104.1°E）\n任务优先级重要性：极高\n具体任务：起飞至200米低空，采集重点区域图像。",
        "matches": [
            {
                "content1_para": "灾区实时监测与评估\n执行时间：2023年9月15日 08:00 – 12:00\n执行地点：四川茂县地震灾区（坐标：32.5°N, 104.1°E）\n执行者：\nUAV-01\n：负责灾区高空实时监测\nUAV-02\n：负责灾区低空图像采集与细节评估\nUAV-03\n：备用无人机，执行故障应急接替与数据备份\n任务优先级：极高（确保灾区情况实时了解，为救援决策提供依据）\n操作步骤：\n————————————————————————————————————————————————————————————————————————————————-\nUAV-01\n于2023年9月15日 08:00在灾区指定起飞点起飞，执行以下任务：\n- 08:00-08:15，飞行至灾区高空（高度1000米），进行全景图像采集，记录地震影响范围。\n- 08:15-08:30，沿灾区边缘飞行，监测灾区周边地形变化，避免高空障碍物。\n- 08:30-09:00，返回起飞点，将采集到的图像数据传输至指挥中心。\n\nUAV-02\n于2023年9月15日 08:15在灾区指定起飞点起飞，执行以下任务：\n- 08:15-08:30，飞行至灾区低空（高度20",
                "content1_msg": "无人机名字或代号：UAV-01、UAV-02、UAV-03  \n时间：2023年9月15日 08:00 – 12:00、2023年9月15日 08:00、2023年9月15日 08:15  \n地点：四川茂县地震灾区（坐标：32.5°N, 104.1°E）  \n任务优先级重要性：极高  \n任务描述信息：  \n- UAV-01：08:00-08:15，飞行至灾区高空（高度1000米），进行全景图像采集，记录地震影响范围。  \n- UAV-01：08:15-08:30，沿灾区边缘飞行，监测灾区周边地形变化，避免高空障碍物。  \n- UAV-01：08:30-09:00，返回起飞点，将采集到的图像数据传输至指挥中心。  \n- UAV-02：08:15-08:30，飞行至灾区低空（高度20...（未完整，但可推测为低空图像采集任务）",
                "similarity": 0.8023636661649565
            },
            {
                "content1_para": "以下任务：\n- 08:15-08:30，飞行至灾区低空（高度200米），对重点区域进行图像采集。\n- 08:30-09:00，对采集到的图像进行初步分析，识别建筑物倒塌情况、道路阻塞等细节。\n- 09:00-09:15，返回起飞点，将图像数据传输至指挥中心。\n\nUAV-03\n于2023年9月15日 08:00在备用起飞点待命，准备随时接替故障无人机或备份数据。\n\n————————————————————————————————————————————————————————————————————————————————-",
                "content1_msg": "无人机名字或代号：UAV-03  \n时间：2023年9月15日 08:00、08:15-08:30、08:30-09:00、09:00-09:15  \n地点：灾区低空（高度200米）、重点区域、备用起飞点、指挥中心  \n任务优先级重要性：未提及  \n任务描述信息：飞行至灾区低空（高度200米），对重点区域进行图像采集；对采集到的图像进行初步分析，识别建筑物倒塌情况、道路阻塞等细节；返回起飞点，将图像数据传输至指挥中心；在备用起飞点待命，准备随时接替故障无人机或备份数据。",
                "similarity": 0.7129455149844723
            }
        ]
    },
    {
        "content2_para": "UAV-02:\n实体关系：灾区低空图像采集\n时间：2023年9月15日 08:30-09:00\n地点：四川茂县地震灾区（32.5°N, 104.1°E）\n任务优先级重要性：极高\n具体任务：分析图像，识别建筑物倒塌等细节。",
        "matches": [
            {
                "content1_para": "灾区实时监测与评估\n执行时间：2023年9月15日 08:00 – 12:00\n执行地点：四川茂县地震灾区（坐标：32.5°N, 104.1°E）\n执行者：\nUAV-01\n：负责灾区高空实时监测\nUAV-02\n：负责灾区低空图像采集与细节评估\nUAV-03\n：备用无人机，执行故障应急接替与数据备份\n任务优先级：极高（确保灾区情况实时了解，为救援决策提供依据）\n操作步骤：\n————————————————————————————————————————————————————————————————————————————————-\nUAV-01\n于2023年9月15日 08:00在灾区指定起飞点起飞，执行以下任务：\n- 08:00-08:15，飞行至灾区高空（高度1000米），进行全景图像采集，记录地震影响范围。\n- 08:15-08:30，沿灾区边缘飞行，监测灾区周边地形变化，避免高空障碍物。\n- 08:30-09:00，返回起飞点，将采集到的图像数据传输至指挥中心。\n\nUAV-02\n于2023年9月15日 08:15在灾区指定起飞点起飞，执行以下任务：\n- 08:15-08:30，飞行至灾区低空（高度20",
                "content1_msg": "无人机名字或代号：UAV-01、UAV-02、UAV-03  \n时间：2023年9月15日 08:00 – 12:00、2023年9月15日 08:00、2023年9月15日 08:15  \n地点：四川茂县地震灾区（坐标：32.5°N, 104.1°E）  \n任务优先级重要性：极高  \n任务描述信息：  \n- UAV-01：08:00-08:15，飞行至灾区高空（高度1000米），进行全景图像采集，记录地震影响范围。  \n- UAV-01：08:15-08:30，沿灾区边缘飞行，监测灾区周边地形变化，避免高空障碍物。  \n- UAV-01：08:30-09:00，返回起飞点，将采集到的图像数据传输至指挥中心。  \n- UAV-02：08:15-08:30，飞行至灾区低空（高度20...（未完整，但可推测为低空图像采集任务）",
                "similarity": 0.8049821709952466
            },
            {
                "content1_para": "灾区物资投放与人员搜救\n执行时间：2023年9月15日 09:00 – 13:00\n执行地点：四川茂县地震灾区（坐标：32.5°N, 104.1°E）\n执行者：\nUAV-04\n：负责灾区物资投放\nUAV-05\n：负责灾区低空搜索与人员定位\nUAV-06\n：备用无人机，执行故障应急接替与物资投放\n任务优先级：极高（确保灾区物资及时到达，人员得到及时救援）\n操作步骤：\n————————————————————————————————————————————————————————————————————————————————-\nUAV-04\n于2023年9月15日 09:00在灾区指定起飞点起飞，执行以下任务：\n- 09:00-09:15，投放救灾物资至灾区指定区域，如帐篷、食物、药品等。\n- 09:15-09:30，根据指挥中心指令，调整投放路径，确保物资覆盖更多灾区。\n- 09:30-10:00，返回起飞点，将投放数据传输至指挥中心。\n\nUAV-05\n于2023年9月15日 09:00在灾区指定起飞点起飞，执行以下任务：\n- 09:00-09:30，在灾区低空进行搜索，利用热成像设备定位被困人员。\n- 09",
                "content1_msg": "无人机名字或代号：UAV-04、UAV-05、UAV-06  \n时间：2023年9月15日 09:00 – 13:00、2023年9月15日 09:00、2023年9月15日 09:00-09:15、2023年9月15日 09:15-09:30、2023年9月15日 09:30-10:00  \n地点：四川茂县地震灾区（坐标：32.5°N, 104.1°E）  \n任务优先级重要性：极高  \n任务描述信息：  \n- UAV-04：投放救灾物资至灾区指定区域，调整投放路径确保物资覆盖更多灾区，返回起飞点传输数据。  \n- UAV-05：在灾区低空进行搜索，利用热成像设备定位被困人员。  \n- UAV-06：备用无人机，执行故障应急接替与物资投放。",
                "similarity": 0.7482144619025969
            }
        ]
    },
    {
        "content2_para": "UAV-02:\n实体关系：灾区低空图像采集\n时间：2023年9月15日 09:00-09:15\n地点：四川茂县地震灾区（32.5°N, 104.1°E）\n任务优先级重要性：极高\n具体任务：返回起飞点，传输图像数据。",
        "matches": [
            {
                "content1_para": "灾区物资投放与人员搜救\n执行时间：2023年9月15日 09:00 – 13:00\n执行地点：四川茂县地震灾区（坐标：32.5°N, 104.1°E）\n执行者：\nUAV-04\n：负责灾区物资投放\nUAV-05\n：负责灾区低空搜索与人员定位\nUAV-06\n：备用无人机，执行故障应急接替与物资投放\n任务优先级：极高（确保灾区物资及时到达，人员得到及时救援）\n操作步骤：\n————————————————————————————————————————————————————————————————————————————————-\nUAV-04\n于2023年9月15日 09:00在灾区指定起飞点起飞，执行以下任务：\n- 09:00-09:15，投放救灾物资至灾区指定区域，如帐篷、食物、药品等。\n- 09:15-09:30，根据指挥中心指令，调整投放路径，确保物资覆盖更多灾区。\n- 09:30-10:00，返回起飞点，将投放数据传输至指挥中心。\n\nUAV-05\n于2023年9月15日 09:00在灾区指定起飞点起飞，执行以下任务：\n- 09:00-09:30，在灾区低空进行搜索，利用热成像设备定位被困人员。\n- 09",
                "content1_msg": "无人机名字或代号：UAV-04、UAV-05、UAV-06  \n时间：2023年9月15日 09:00 – 13:00、2023年9月15日 09:00、2023年9月15日 09:00-09:15、2023年9月15日 09:15-09:30、2023年9月15日 09:30-10:00  \n地点：四川茂县地震灾区（坐标：32.5°N, 104.1°E）  \n任务优先级重要性：极高  \n任务描述信息：  \n- UAV-04：投放救灾物资至灾区指定区域，调整投放路径确保物资覆盖更多灾区，返回起飞点传输数据。  \n- UAV-05：在灾区低空进行搜索，利用热成像设备定位被困人员。  \n- UAV-06：备用无人机，执行故障应急接替与物资投放。",
                "similarity": 0.7845305027392194
            },
            {
                "content1_para": "灾区实时监测与评估\n执行时间：2023年9月15日 08:00 – 12:00\n执行地点：四川茂县地震灾区（坐标：32.5°N, 104.1°E）\n执行者：\nUAV-01\n：负责灾区高空实时监测\nUAV-02\n：负责灾区低空图像采集与细节评估\nUAV-03\n：备用无人机，执行故障应急接替与数据备份\n任务优先级：极高（确保灾区情况实时了解，为救援决策提供依据）\n操作步骤：\n————————————————————————————————————————————————————————————————————————————————-\nUAV-01\n于2023年9月15日 08:00在灾区指定起飞点起飞，执行以下任务：\n- 08:00-08:15，飞行至灾区高空（高度1000米），进行全景图像采集，记录地震影响范围。\n- 08:15-08:30，沿灾区边缘飞行，监测灾区周边地形变化，避免高空障碍物。\n- 08:30-09:00，返回起飞点，将采集到的图像数据传输至指挥中心。\n\nUAV-02\n于2023年9月15日 08:15在灾区指定起飞点起飞，执行以下任务：\n- 08:15-08:30，飞行至灾区低空（高度20",
                "content1_msg": "无人机名字或代号：UAV-01、UAV-02、UAV-03  \n时间：2023年9月15日 08:00 – 12:00、2023年9月15日 08:00、2023年9月15日 08:15  \n地点：四川茂县地震灾区（坐标：32.5°N, 104.1°E）  \n任务优先级重要性：极高  \n任务描述信息：  \n- UAV-01：08:00-08:15，飞行至灾区高空（高度1000米），进行全景图像采集，记录地震影响范围。  \n- UAV-01：08:15-08:30，沿灾区边缘飞行，监测灾区周边地形变化，避免高空障碍物。  \n- UAV-01：08:30-09:00，返回起飞点，将采集到的图像数据传输至指挥中心。  \n- UAV-02：08:15-08:30，飞行至灾区低空（高度20...（未完整，但可推测为低空图像采集任务）",
                "similarity": 0.7493579351174354
            }
        ]
    },
    {
        "content2_para": "UAV-03:\n实体关系：备用无人机\n时间：2023年9月15日 08:00\n地点：备用起飞点\n任务优先级重要性：极高\n具体任务：待命，准备应急接替和数据备份。",
        "matches": [
            {
                "content1_para": "灾区实时监测与评估\n执行时间：2023年9月15日 08:00 – 12:00\n执行地点：四川茂县地震灾区（坐标：32.5°N, 104.1°E）\n执行者：\nUAV-01\n：负责灾区高空实时监测\nUAV-02\n：负责灾区低空图像采集与细节评估\nUAV-03\n：备用无人机，执行故障应急接替与数据备份\n任务优先级：极高（确保灾区情况实时了解，为救援决策提供依据）\n操作步骤：\n————————————————————————————————————————————————————————————————————————————————-\nUAV-01\n于2023年9月15日 08:00在灾区指定起飞点起飞，执行以下任务：\n- 08:00-08:15，飞行至灾区高空（高度1000米），进行全景图像采集，记录地震影响范围。\n- 08:15-08:30，沿灾区边缘飞行，监测灾区周边地形变化，避免高空障碍物。\n- 08:30-09:00，返回起飞点，将采集到的图像数据传输至指挥中心。\n\nUAV-02\n于2023年9月15日 08:15在灾区指定起飞点起飞，执行以下任务：\n- 08:15-08:30，飞行至灾区低空（高度20",
                "content1_msg": "无人机名字或代号：UAV-01、UAV-02、UAV-03  \n时间：2023年9月15日 08:00 – 12:00、2023年9月15日 08:00、2023年9月15日 08:15  \n地点：四川茂县地震灾区（坐标：32.5°N, 104.1°E）  \n任务优先级重要性：极高  \n任务描述信息：  \n- UAV-01：08:00-08:15，飞行至灾区高空（高度1000米），进行全景图像采集，记录地震影响范围。  \n- UAV-01：08:15-08:30，沿灾区边缘飞行，监测灾区周边地形变化，避免高空障碍物。  \n- UAV-01：08:30-09:00，返回起飞点，将采集到的图像数据传输至指挥中心。  \n- UAV-02：08:15-08:30，飞行至灾区低空（高度20...（未完整，但可推测为低空图像采集任务）",
                "similarity": 0.78190403511905
            },
            {
                "content1_para": "以下任务：\n- 08:15-08:30，飞行至灾区低空（高度200米），对重点区域进行图像采集。\n- 08:30-09:00，对采集到的图像进行初步分析，识别建筑物倒塌情况、道路阻塞等细节。\n- 09:00-09:15，返回起飞点，将图像数据传输至指挥中心。\n\nUAV-03\n于2023年9月15日 08:00在备用起飞点待命，准备随时接替故障无人机或备份数据。\n\n————————————————————————————————————————————————————————————————————————————————-",
                "content1_msg": "无人机名字或代号：UAV-03  \n时间：2023年9月15日 08:00、08:15-08:30、08:30-09:00、09:00-09:15  \n地点：灾区低空（高度200米）、重点区域、备用起飞点、指挥中心  \n任务优先级重要性：未提及  \n任务描述信息：飞行至灾区低空（高度200米），对重点区域进行图像采集；对采集到的图像进行初步分析，识别建筑物倒塌情况、道路阻塞等细节；返回起飞点，将图像数据传输至指挥中心；在备用起飞点待命，准备随时接替故障无人机或备份数据。",
                "similarity": 0.7618261642886388
            }
        ]
    },
    {
        "content2_para": "UAV-04:\n实体关系：灾区物资投放\n时间：2023年9月15日 09:00\n地点：四川茂县地震灾区（32.5°N, 104.1°E）\n任务优先级重要性：极高\n具体任务：起飞，投放救灾物资。",
        "matches": [
            {
                "content1_para": "灾区物资投放与人员搜救\n执行时间：2023年9月15日 09:00 – 13:00\n执行地点：四川茂县地震灾区（坐标：32.5°N, 104.1°E）\n执行者：\nUAV-04\n：负责灾区物资投放\nUAV-05\n：负责灾区低空搜索与人员定位\nUAV-06\n：备用无人机，执行故障应急接替与物资投放\n任务优先级：极高（确保灾区物资及时到达，人员得到及时救援）\n操作步骤：\n————————————————————————————————————————————————————————————————————————————————-\nUAV-04\n于2023年9月15日 09:00在灾区指定起飞点起飞，执行以下任务：\n- 09:00-09:15，投放救灾物资至灾区指定区域，如帐篷、食物、药品等。\n- 09:15-09:30，根据指挥中心指令，调整投放路径，确保物资覆盖更多灾区。\n- 09:30-10:00，返回起飞点，将投放数据传输至指挥中心。\n\nUAV-05\n于2023年9月15日 09:00在灾区指定起飞点起飞，执行以下任务：\n- 09:00-09:30，在灾区低空进行搜索，利用热成像设备定位被困人员。\n- 09",
                "content1_msg": "无人机名字或代号：UAV-04、UAV-05、UAV-06  \n时间：2023年9月15日 09:00 – 13:00、2023年9月15日 09:00、2023年9月15日 09:00-09:15、2023年9月15日 09:15-09:30、2023年9月15日 09:30-10:00  \n地点：四川茂县地震灾区（坐标：32.5°N, 104.1°E）  \n任务优先级重要性：极高  \n任务描述信息：  \n- UAV-04：投放救灾物资至灾区指定区域，调整投放路径确保物资覆盖更多灾区，返回起飞点传输数据。  \n- UAV-05：在灾区低空进行搜索，利用热成像设备定位被困人员。  \n- UAV-06：备用无人机，执行故障应急接替与物资投放。",
                "similarity": 0.798358968126819
            },
            {
                "content1_para": "灾区通信恢复与数据传输\n执行时间：2023年9月15日 10:00 – 14:00\n执行地点：四川茂县地震灾区（坐标：32.5°N, 104.1°E）\n执行者：\nUAV-07\n：负责灾区通信基站修复\nUAV-08\n：负责灾区数据传输与实时监控\nUAV-09\n：备用无人机，执行故障应急接替与通信恢复\n任务优先级：极高（确保灾区通信畅通，救援信息实时传输）\n操作步骤：\n————————————————————————————————————————————————————————————————————————————————-\nUAV-07\n于2023年9月15日 10:00在灾区指定起飞点起飞，执行以下任务：\n- 10:00-10:30，对灾区通信基站进行初步检查，确定故障原因。\n- 10:30-11:00，利用携带的工具进行基站修复，恢复通信信号。\n- 11:00-11:30，返回起飞点，将修复情况传输至指挥中心。\n\nUAV-08\n于2023年9月15日 10:00在灾区指定起飞点起飞，执行以下任务：\n- 10:00-10:30，建立临时通信网络，确保灾区内部信息传输。\n- 10:30-11:00，监控灾区",
                "content1_msg": "无人机名字或代号：UAV-07、UAV-08、UAV-09  \n时间：2023年9月15日 10:00 – 14:00、2023年9月15日 10:00、2023年9月15日 10:00-10:30、2023年9月15日 10:30-11:00、2023年9月15日 11:00-11:30  \n地点：四川茂县地震灾区（坐标：32.5°N, 104.1°E）  \n任务优先级重要性：极高  \n任务描述信息：  \n- 负责灾区通信基站修复  \n- 负责灾区数据传输与实时监控  \n- 备用无人机，执行故障应急接替与通信恢复  \n- 对灾区通信基站进行初步检查，确定故障原因  \n- 利用携带的工具进行基站修复，恢复通信信号  \n- 返回起飞点，将修复情况传输至指挥中心  \n- 建立临时通信网络，确保灾区内部信息传输  \n- 监控灾区",
                "similarity": 0.7184052034570618
            }
        ]
    },
    {
        "content2_para": "UAV-04:\n实体关系：灾区物资投放\n时间：2023年9月15日 09:15-09:30\n地点：四川茂县地震灾区（32.5°N, 104.1°E）\n任务优先级重要性：极高\n具体任务：调整投放路径，确保物资覆盖。",
        "matches": [
            {
                "content1_para": "灾区物资投放与人员搜救\n执行时间：2023年9月15日 09:00 – 13:00\n执行地点：四川茂县地震灾区（坐标：32.5°N, 104.1°E）\n执行者：\nUAV-04\n：负责灾区物资投放\nUAV-05\n：负责灾区低空搜索与人员定位\nUAV-06\n：备用无人机，执行故障应急接替与物资投放\n任务优先级：极高（确保灾区物资及时到达，人员得到及时救援）\n操作步骤：\n————————————————————————————————————————————————————————————————————————————————-\nUAV-04\n于2023年9月15日 09:00在灾区指定起飞点起飞，执行以下任务：\n- 09:00-09:15，投放救灾物资至灾区指定区域，如帐篷、食物、药品等。\n- 09:15-09:30，根据指挥中心指令，调整投放路径，确保物资覆盖更多灾区。\n- 09:30-10:00，返回起飞点，将投放数据传输至指挥中心。\n\nUAV-05\n于2023年9月15日 09:00在灾区指定起飞点起飞，执行以下任务：\n- 09:00-09:30，在灾区低空进行搜索，利用热成像设备定位被困人员。\n- 09",
                "content1_msg": "无人机名字或代号：UAV-04、UAV-05、UAV-06  \n时间：2023年9月15日 09:00 – 13:00、2023年9月15日 09:00、2023年9月15日 09:00-09:15、2023年9月15日 09:15-09:30、2023年9月15日 09:30-10:00  \n地点：四川茂县地震灾区（坐标：32.5°N, 104.1°E）  \n任务优先级重要性：极高  \n任务描述信息：  \n- UAV-04：投放救灾物资至灾区指定区域，调整投放路径确保物资覆盖更多灾区，返回起飞点传输数据。  \n- UAV-05：在灾区低空进行搜索，利用热成像设备定位被困人员。  \n- UAV-06：备用无人机，执行故障应急接替与物资投放。",
                "similarity": 0.818576901626882
            },
            {
                "content1_para": "灾区实时监测与评估\n执行时间：2023年9月15日 08:00 – 12:00\n执行地点：四川茂县地震灾区（坐标：32.5°N, 104.1°E）\n执行者：\nUAV-01\n：负责灾区高空实时监测\nUAV-02\n：负责灾区低空图像采集与细节评估\nUAV-03\n：备用无人机，执行故障应急接替与数据备份\n任务优先级：极高（确保灾区情况实时了解，为救援决策提供依据）\n操作步骤：\n————————————————————————————————————————————————————————————————————————————————-\nUAV-01\n于2023年9月15日 08:00在灾区指定起飞点起飞，执行以下任务：\n- 08:00-08:15，飞行至灾区高空（高度1000米），进行全景图像采集，记录地震影响范围。\n- 08:15-08:30，沿灾区边缘飞行，监测灾区周边地形变化，避免高空障碍物。\n- 08:30-09:00，返回起飞点，将采集到的图像数据传输至指挥中心。\n\nUAV-02\n于2023年9月15日 08:15在灾区指定起飞点起飞，执行以下任务：\n- 08:15-08:30，飞行至灾区低空（高度20",
                "content1_msg": "无人机名字或代号：UAV-01、UAV-02、UAV-03  \n时间：2023年9月15日 08:00 – 12:00、2023年9月15日 08:00、2023年9月15日 08:15  \n地点：四川茂县地震灾区（坐标：32.5°N, 104.1°E）  \n任务优先级重要性：极高  \n任务描述信息：  \n- UAV-01：08:00-08:15，飞行至灾区高空（高度1000米），进行全景图像采集，记录地震影响范围。  \n- UAV-01：08:15-08:30，沿灾区边缘飞行，监测灾区周边地形变化，避免高空障碍物。  \n- UAV-01：08:30-09:00，返回起飞点，将采集到的图像数据传输至指挥中心。  \n- UAV-02：08:15-08:30，飞行至灾区低空（高度20...（未完整，但可推测为低空图像采集任务）",
                "similarity": 0.7048920851782313
            }
        ]
    },
    {
        "content2_para": "UAV-04:\n实体关系：灾区物资投放\n时间：2023年9月15日 09:30-10:00\n地点：四川茂县地震灾区（32.5°N, 104.1°E）\n任务优先级重要性：极高\n具体任务：返回起飞点，传输投放数据。",
        "matches": [
            {
                "content1_para": "灾区物资投放与人员搜救\n执行时间：2023年9月15日 09:00 – 13:00\n执行地点：四川茂县地震灾区（坐标：32.5°N, 104.1°E）\n执行者：\nUAV-04\n：负责灾区物资投放\nUAV-05\n：负责灾区低空搜索与人员定位\nUAV-06\n：备用无人机，执行故障应急接替与物资投放\n任务优先级：极高（确保灾区物资及时到达，人员得到及时救援）\n操作步骤：\n————————————————————————————————————————————————————————————————————————————————-\nUAV-04\n于2023年9月15日 09:00在灾区指定起飞点起飞，执行以下任务：\n- 09:00-09:15，投放救灾物资至灾区指定区域，如帐篷、食物、药品等。\n- 09:15-09:30，根据指挥中心指令，调整投放路径，确保物资覆盖更多灾区。\n- 09:30-10:00，返回起飞点，将投放数据传输至指挥中心。\n\nUAV-05\n于2023年9月15日 09:00在灾区指定起飞点起飞，执行以下任务：\n- 09:00-09:30，在灾区低空进行搜索，利用热成像设备定位被困人员。\n- 09",
                "content1_msg": "无人机名字或代号：UAV-04、UAV-05、UAV-06  \n时间：2023年9月15日 09:00 – 13:00、2023年9月15日 09:00、2023年9月15日 09:00-09:15、2023年9月15日 09:15-09:30、2023年9月15日 09:30-10:00  \n地点：四川茂县地震灾区（坐标：32.5°N, 104.1°E）  \n任务优先级重要性：极高  \n任务描述信息：  \n- UAV-04：投放救灾物资至灾区指定区域，调整投放路径确保物资覆盖更多灾区，返回起飞点传输数据。  \n- UAV-05：在灾区低空进行搜索，利用热成像设备定位被困人员。  \n- UAV-06：备用无人机，执行故障应急接替与物资投放。",
                "similarity": 0.8035796716516063
            },
            {
                "content1_para": "灾区通信恢复与数据传输\n执行时间：2023年9月15日 10:00 – 14:00\n执行地点：四川茂县地震灾区（坐标：32.5°N, 104.1°E）\n执行者：\nUAV-07\n：负责灾区通信基站修复\nUAV-08\n：负责灾区数据传输与实时监控\nUAV-09\n：备用无人机，执行故障应急接替与通信恢复\n任务优先级：极高（确保灾区通信畅通，救援信息实时传输）\n操作步骤：\n————————————————————————————————————————————————————————————————————————————————-\nUAV-07\n于2023年9月15日 10:00在灾区指定起飞点起飞，执行以下任务：\n- 10:00-10:30，对灾区通信基站进行初步检查，确定故障原因。\n- 10:30-11:00，利用携带的工具进行基站修复，恢复通信信号。\n- 11:00-11:30，返回起飞点，将修复情况传输至指挥中心。\n\nUAV-08\n于2023年9月15日 10:00在灾区指定起飞点起飞，执行以下任务：\n- 10:00-10:30，建立临时通信网络，确保灾区内部信息传输。\n- 10:30-11:00，监控灾区",
                "content1_msg": "无人机名字或代号：UAV-07、UAV-08、UAV-09  \n时间：2023年9月15日 10:00 – 14:00、2023年9月15日 10:00、2023年9月15日 10:00-10:30、2023年9月15日 10:30-11:00、2023年9月15日 11:00-11:30  \n地点：四川茂县地震灾区（坐标：32.5°N, 104.1°E）  \n任务优先级重要性：极高  \n任务描述信息：  \n- 负责灾区通信基站修复  \n- 负责灾区数据传输与实时监控  \n- 备用无人机，执行故障应急接替与通信恢复  \n- 对灾区通信基站进行初步检查，确定故障原因  \n- 利用携带的工具进行基站修复，恢复通信信号  \n- 返回起飞点，将修复情况传输至指挥中心  \n- 建立临时通信网络，确保灾区内部信息传输  \n- 监控灾区",
                "similarity": 0.779604947636708
            }
        ]
    },
    {
        "content2_para": "UAV-05:\n实体关系：灾区低空搜索\n时间：2023年9月15日 09:00\n地点：四川茂县地震灾区（32.5°N, 104.1°E）\n任务优先级重要性：极高\n具体任务：起飞，进行低空搜索。",
        "matches": [
            {
                "content1_para": "灾区物资投放与人员搜救\n执行时间：2023年9月15日 09:00 – 13:00\n执行地点：四川茂县地震灾区（坐标：32.5°N, 104.1°E）\n执行者：\nUAV-04\n：负责灾区物资投放\nUAV-05\n：负责灾区低空搜索与人员定位\nUAV-06\n：备用无人机，执行故障应急接替与物资投放\n任务优先级：极高（确保灾区物资及时到达，人员得到及时救援）\n操作步骤：\n————————————————————————————————————————————————————————————————————————————————-\nUAV-04\n于2023年9月15日 09:00在灾区指定起飞点起飞，执行以下任务：\n- 09:00-09:15，投放救灾物资至灾区指定区域，如帐篷、食物、药品等。\n- 09:15-09:30，根据指挥中心指令，调整投放路径，确保物资覆盖更多灾区。\n- 09:30-10:00，返回起飞点，将投放数据传输至指挥中心。\n\nUAV-05\n于2023年9月15日 09:00在灾区指定起飞点起飞，执行以下任务：\n- 09:00-09:30，在灾区低空进行搜索，利用热成像设备定位被困人员。\n- 09",
                "content1_msg": "无人机名字或代号：UAV-04、UAV-05、UAV-06  \n时间：2023年9月15日 09:00 – 13:00、2023年9月15日 09:00、2023年9月15日 09:00-09:15、2023年9月15日 09:15-09:30、2023年9月15日 09:30-10:00  \n地点：四川茂县地震灾区（坐标：32.5°N, 104.1°E）  \n任务优先级重要性：极高  \n任务描述信息：  \n- UAV-04：投放救灾物资至灾区指定区域，调整投放路径确保物资覆盖更多灾区，返回起飞点传输数据。  \n- UAV-05：在灾区低空进行搜索，利用热成像设备定位被困人员。  \n- UAV-06：备用无人机，执行故障应急接替与物资投放。",
                "similarity": 0.7875642689347718
            },
            {
                "content1_para": "灾区通信恢复与数据传输\n执行时间：2023年9月15日 10:00 – 14:00\n执行地点：四川茂县地震灾区（坐标：32.5°N, 104.1°E）\n执行者：\nUAV-07\n：负责灾区通信基站修复\nUAV-08\n：负责灾区数据传输与实时监控\nUAV-09\n：备用无人机，执行故障应急接替与通信恢复\n任务优先级：极高（确保灾区通信畅通，救援信息实时传输）\n操作步骤：\n————————————————————————————————————————————————————————————————————————————————-\nUAV-07\n于2023年9月15日 10:00在灾区指定起飞点起飞，执行以下任务：\n- 10:00-10:30，对灾区通信基站进行初步检查，确定故障原因。\n- 10:30-11:00，利用携带的工具进行基站修复，恢复通信信号。\n- 11:00-11:30，返回起飞点，将修复情况传输至指挥中心。\n\nUAV-08\n于2023年9月15日 10:00在灾区指定起飞点起飞，执行以下任务：\n- 10:00-10:30，建立临时通信网络，确保灾区内部信息传输。\n- 10:30-11:00，监控灾区",
                "content1_msg": "无人机名字或代号：UAV-07、UAV-08、UAV-09  \n时间：2023年9月15日 10:00 – 14:00、2023年9月15日 10:00、2023年9月15日 10:00-10:30、2023年9月15日 10:30-11:00、2023年9月15日 11:00-11:30  \n地点：四川茂县地震灾区（坐标：32.5°N, 104.1°E）  \n任务优先级重要性：极高  \n任务描述信息：  \n- 负责灾区通信基站修复  \n- 负责灾区数据传输与实时监控  \n- 备用无人机，执行故障应急接替与通信恢复  \n- 对灾区通信基站进行初步检查，确定故障原因  \n- 利用携带的工具进行基站修复，恢复通信信号  \n- 返回起飞点，将修复情况传输至指挥中心  \n- 建立临时通信网络，确保灾区内部信息传输  \n- 监控灾区",
                "similarity": 0.7070853277398987
            }
        ]
    },
    {
        "content2_para": "UAV-05:\n实体关系：灾区低空搜索\n时间：2023年9月15日 09:00-09:30\n地点：四川茂县地震灾区（32.5°N, 104.1°E）\n任务优先级重要性：极高\n具体任务：利用热成像定位被困人员。",
        "matches": [
            {
                "content1_para": "灾区物资投放与人员搜救\n执行时间：2023年9月15日 09:00 – 13:00\n执行地点：四川茂县地震灾区（坐标：32.5°N, 104.1°E）\n执行者：\nUAV-04\n：负责灾区物资投放\nUAV-05\n：负责灾区低空搜索与人员定位\nUAV-06\n：备用无人机，执行故障应急接替与物资投放\n任务优先级：极高（确保灾区物资及时到达，人员得到及时救援）\n操作步骤：\n————————————————————————————————————————————————————————————————————————————————-\nUAV-04\n于2023年9月15日 09:00在灾区指定起飞点起飞，执行以下任务：\n- 09:00-09:15，投放救灾物资至灾区指定区域，如帐篷、食物、药品等。\n- 09:15-09:30，根据指挥中心指令，调整投放路径，确保物资覆盖更多灾区。\n- 09:30-10:00，返回起飞点，将投放数据传输至指挥中心。\n\nUAV-05\n于2023年9月15日 09:00在灾区指定起飞点起飞，执行以下任务：\n- 09:00-09:30，在灾区低空进行搜索，利用热成像设备定位被困人员。\n- 09",
                "content1_msg": "无人机名字或代号：UAV-04、UAV-05、UAV-06  \n时间：2023年9月15日 09:00 – 13:00、2023年9月15日 09:00、2023年9月15日 09:00-09:15、2023年9月15日 09:15-09:30、2023年9月15日 09:30-10:00  \n地点：四川茂县地震灾区（坐标：32.5°N, 104.1°E）  \n任务优先级重要性：极高  \n任务描述信息：  \n- UAV-04：投放救灾物资至灾区指定区域，调整投放路径确保物资覆盖更多灾区，返回起飞点传输数据。  \n- UAV-05：在灾区低空进行搜索，利用热成像设备定位被困人员。  \n- UAV-06：备用无人机，执行故障应急接替与物资投放。",
                "similarity": 0.8231319557640066
            },
            {
                "content1_para": "灾区通信恢复与数据传输\n执行时间：2023年9月15日 10:00 – 14:00\n执行地点：四川茂县地震灾区（坐标：32.5°N, 104.1°E）\n执行者：\nUAV-07\n：负责灾区通信基站修复\nUAV-08\n：负责灾区数据传输与实时监控\nUAV-09\n：备用无人机，执行故障应急接替与通信恢复\n任务优先级：极高（确保灾区通信畅通，救援信息实时传输）\n操作步骤：\n————————————————————————————————————————————————————————————————————————————————-\nUAV-07\n于2023年9月15日 10:00在灾区指定起飞点起飞，执行以下任务：\n- 10:00-10:30，对灾区通信基站进行初步检查，确定故障原因。\n- 10:30-11:00，利用携带的工具进行基站修复，恢复通信信号。\n- 11:00-11:30，返回起飞点，将修复情况传输至指挥中心。\n\nUAV-08\n于2023年9月15日 10:00在灾区指定起飞点起飞，执行以下任务：\n- 10:00-10:30，建立临时通信网络，确保灾区内部信息传输。\n- 10:30-11:00，监控灾区",
                "content1_msg": "无人机名字或代号：UAV-07、UAV-08、UAV-09  \n时间：2023年9月15日 10:00 – 14:00、2023年9月15日 10:00、2023年9月15日 10:00-10:30、2023年9月15日 10:30-11:00、2023年9月15日 11:00-11:30  \n地点：四川茂县地震灾区（坐标：32.5°N, 104.1°E）  \n任务优先级重要性：极高  \n任务描述信息：  \n- 负责灾区通信基站修复  \n- 负责灾区数据传输与实时监控  \n- 备用无人机，执行故障应急接替与通信恢复  \n- 对灾区通信基站进行初步检查，确定故障原因  \n- 利用携带的工具进行基站修复，恢复通信信号  \n- 返回起飞点，将修复情况传输至指挥中心  \n- 建立临时通信网络，确保灾区内部信息传输  \n- 监控灾区",
                "similarity": 0.7238424697585164
            }
        ]
    },
    {
        "content2_para": "UAV-05:\n实体关系：灾区低空搜索\n时间：2023年9月15日 09:30-10:00\n地点：四川茂县地震灾区（32.5°N, 104.1°E）\n任务优先级重要性：极高\n具体任务：返回起飞点，传输定位信息。",
        "matches": [
            {
                "content1_para": "灾区物资投放与人员搜救\n执行时间：2023年9月15日 09:00 – 13:00\n执行地点：四川茂县地震灾区（坐标：32.5°N, 104.1°E）\n执行者：\nUAV-04\n：负责灾区物资投放\nUAV-05\n：负责灾区低空搜索与人员定位\nUAV-06\n：备用无人机，执行故障应急接替与物资投放\n任务优先级：极高（确保灾区物资及时到达，人员得到及时救援）\n操作步骤：\n————————————————————————————————————————————————————————————————————————————————-\nUAV-04\n于2023年9月15日 09:00在灾区指定起飞点起飞，执行以下任务：\n- 09:00-09:15，投放救灾物资至灾区指定区域，如帐篷、食物、药品等。\n- 09:15-09:30，根据指挥中心指令，调整投放路径，确保物资覆盖更多灾区。\n- 09:30-10:00，返回起飞点，将投放数据传输至指挥中心。\n\nUAV-05\n于2023年9月15日 09:00在灾区指定起飞点起飞，执行以下任务：\n- 09:00-09:30，在灾区低空进行搜索，利用热成像设备定位被困人员。\n- 09",
                "content1_msg": "无人机名字或代号：UAV-04、UAV-05、UAV-06  \n时间：2023年9月15日 09:00 – 13:00、2023年9月15日 09:00、2023年9月15日 09:00-09:15、2023年9月15日 09:15-09:30、2023年9月15日 09:30-10:00  \n地点：四川茂县地震灾区（坐标：32.5°N, 104.1°E）  \n任务优先级重要性：极高  \n任务描述信息：  \n- UAV-04：投放救灾物资至灾区指定区域，调整投放路径确保物资覆盖更多灾区，返回起飞点传输数据。  \n- UAV-05：在灾区低空进行搜索，利用热成像设备定位被困人员。  \n- UAV-06：备用无人机，执行故障应急接替与物资投放。",
                "similarity": 0.7968152597253367
            },
            {
                "content1_para": "灾区通信恢复与数据传输\n执行时间：2023年9月15日 10:00 – 14:00\n执行地点：四川茂县地震灾区（坐标：32.5°N, 104.1°E）\n执行者：\nUAV-07\n：负责灾区通信基站修复\nUAV-08\n：负责灾区数据传输与实时监控\nUAV-09\n：备用无人机，执行故障应急接替与通信恢复\n任务优先级：极高（确保灾区通信畅通，救援信息实时传输）\n操作步骤：\n————————————————————————————————————————————————————————————————————————————————-\nUAV-07\n于2023年9月15日 10:00在灾区指定起飞点起飞，执行以下任务：\n- 10:00-10:30，对灾区通信基站进行初步检查，确定故障原因。\n- 10:30-11:00，利用携带的工具进行基站修复，恢复通信信号。\n- 11:00-11:30，返回起飞点，将修复情况传输至指挥中心。\n\nUAV-08\n于2023年9月15日 10:00在灾区指定起飞点起飞，执行以下任务：\n- 10:00-10:30，建立临时通信网络，确保灾区内部信息传输。\n- 10:30-11:00，监控灾区",
                "content1_msg": "无人机名字或代号：UAV-07、UAV-08、UAV-09  \n时间：2023年9月15日 10:00 – 14:00、2023年9月15日 10:00、2023年9月15日 10:00-10:30、2023年9月15日 10:30-11:00、2023年9月15日 11:00-11:30  \n地点：四川茂县地震灾区（坐标：32.5°N, 104.1°E）  \n任务优先级重要性：极高  \n任务描述信息：  \n- 负责灾区通信基站修复  \n- 负责灾区数据传输与实时监控  \n- 备用无人机，执行故障应急接替与通信恢复  \n- 对灾区通信基站进行初步检查，确定故障原因  \n- 利用携带的工具进行基站修复，恢复通信信号  \n- 返回起飞点，将修复情况传输至指挥中心  \n- 建立临时通信网络，确保灾区内部信息传输  \n- 监控灾区",
                "similarity": 0.7735384464961135
            }
        ]
    },
    {
        "content2_para": "UAV-05:\n实体关系：灾区低空搜索\n时间：2023年9月15日 10:00-10:30\n地点：四川茂县地震灾区（32.5°N, 104.1°E）\n任务优先级重要性：极高\n具体任务：补充燃料，准备下一轮搜索。",
        "matches": [
            {
                "content1_para": "灾区通信恢复与数据传输\n执行时间：2023年9月15日 10:00 – 14:00\n执行地点：四川茂县地震灾区（坐标：32.5°N, 104.1°E）\n执行者：\nUAV-07\n：负责灾区通信基站修复\nUAV-08\n：负责灾区数据传输与实时监控\nUAV-09\n：备用无人机，执行故障应急接替与通信恢复\n任务优先级：极高（确保灾区通信畅通，救援信息实时传输）\n操作步骤：\n————————————————————————————————————————————————————————————————————————————————-\nUAV-07\n于2023年9月15日 10:00在灾区指定起飞点起飞，执行以下任务：\n- 10:00-10:30，对灾区通信基站进行初步检查，确定故障原因。\n- 10:30-11:00，利用携带的工具进行基站修复，恢复通信信号。\n- 11:00-11:30，返回起飞点，将修复情况传输至指挥中心。\n\nUAV-08\n于2023年9月15日 10:00在灾区指定起飞点起飞，执行以下任务：\n- 10:00-10:30，建立临时通信网络，确保灾区内部信息传输。\n- 10:30-11:00，监控灾区",
                "content1_msg": "无人机名字或代号：UAV-07、UAV-08、UAV-09  \n时间：2023年9月15日 10:00 – 14:00、2023年9月15日 10:00、2023年9月15日 10:00-10:30、2023年9月15日 10:30-11:00、2023年9月15日 11:00-11:30  \n地点：四川茂县地震灾区（坐标：32.5°N, 104.1°E）  \n任务优先级重要性：极高  \n任务描述信息：  \n- 负责灾区通信基站修复  \n- 负责灾区数据传输与实时监控  \n- 备用无人机，执行故障应急接替与通信恢复  \n- 对灾区通信基站进行初步检查，确定故障原因  \n- 利用携带的工具进行基站修复，恢复通信信号  \n- 返回起飞点，将修复情况传输至指挥中心  \n- 建立临时通信网络，确保灾区内部信息传输  \n- 监控灾区",
                "similarity": 0.8007877142279495
            },
            {
                "content1_para": "灾区物资投放与人员搜救\n执行时间：2023年9月15日 09:00 – 13:00\n执行地点：四川茂县地震灾区（坐标：32.5°N, 104.1°E）\n执行者：\nUAV-04\n：负责灾区物资投放\nUAV-05\n：负责灾区低空搜索与人员定位\nUAV-06\n：备用无人机，执行故障应急接替与物资投放\n任务优先级：极高（确保灾区物资及时到达，人员得到及时救援）\n操作步骤：\n————————————————————————————————————————————————————————————————————————————————-\nUAV-04\n于2023年9月15日 09:00在灾区指定起飞点起飞，执行以下任务：\n- 09:00-09:15，投放救灾物资至灾区指定区域，如帐篷、食物、药品等。\n- 09:15-09:30，根据指挥中心指令，调整投放路径，确保物资覆盖更多灾区。\n- 09:30-10:00，返回起飞点，将投放数据传输至指挥中心。\n\nUAV-05\n于2023年9月15日 09:00在灾区指定起飞点起飞，执行以下任务：\n- 09:00-09:30，在灾区低空进行搜索，利用热成像设备定位被困人员。\n- 09",
                "content1_msg": "无人机名字或代号：UAV-04、UAV-05、UAV-06  \n时间：2023年9月15日 09:00 – 13:00、2023年9月15日 09:00、2023年9月15日 09:00-09:15、2023年9月15日 09:15-09:30、2023年9月15日 09:30-10:00  \n地点：四川茂县地震灾区（坐标：32.5°N, 104.1°E）  \n任务优先级重要性：极高  \n任务描述信息：  \n- UAV-04：投放救灾物资至灾区指定区域，调整投放路径确保物资覆盖更多灾区，返回起飞点传输数据。  \n- UAV-05：在灾区低空进行搜索，利用热成像设备定位被困人员。  \n- UAV-06：备用无人机，执行故障应急接替与物资投放。",
                "similarity": 0.7610475072142953
            }
        ]
    },
    {
        "content2_para": "UAV-06:\n实体关系：备用无人机\n时间：2023年9月15日 09:00\n地点：备用起飞点\n任务优先级重要性：极高\n具体任务：待命，准备应急接替和物资投放。",
        "matches": [
            {
                "content1_para": "灾区物资投放与人员搜救\n执行时间：2023年9月15日 09:00 – 13:00\n执行地点：四川茂县地震灾区（坐标：32.5°N, 104.1°E）\n执行者：\nUAV-04\n：负责灾区物资投放\nUAV-05\n：负责灾区低空搜索与人员定位\nUAV-06\n：备用无人机，执行故障应急接替与物资投放\n任务优先级：极高（确保灾区物资及时到达，人员得到及时救援）\n操作步骤：\n————————————————————————————————————————————————————————————————————————————————-\nUAV-04\n于2023年9月15日 09:00在灾区指定起飞点起飞，执行以下任务：\n- 09:00-09:15，投放救灾物资至灾区指定区域，如帐篷、食物、药品等。\n- 09:15-09:30，根据指挥中心指令，调整投放路径，确保物资覆盖更多灾区。\n- 09:30-10:00，返回起飞点，将投放数据传输至指挥中心。\n\nUAV-05\n于2023年9月15日 09:00在灾区指定起飞点起飞，执行以下任务：\n- 09:00-09:30，在灾区低空进行搜索，利用热成像设备定位被困人员。\n- 09",
                "content1_msg": "无人机名字或代号：UAV-04、UAV-05、UAV-06  \n时间：2023年9月15日 09:00 – 13:00、2023年9月15日 09:00、2023年9月15日 09:00-09:15、2023年9月15日 09:15-09:30、2023年9月15日 09:30-10:00  \n地点：四川茂县地震灾区（坐标：32.5°N, 104.1°E）  \n任务优先级重要性：极高  \n任务描述信息：  \n- UAV-04：投放救灾物资至灾区指定区域，调整投放路径确保物资覆盖更多灾区，返回起飞点传输数据。  \n- UAV-05：在灾区低空进行搜索，利用热成像设备定位被困人员。  \n- UAV-06：备用无人机，执行故障应急接替与物资投放。",
                "similarity": 0.75802295173041
            },
            {
                "content1_para": "30，在灾区低空进行搜索，利用热成像设备定位被困人员。\n- 09:30-10:00，将定位信息传输至指挥中心，协助地面救援队伍进行救援。\n- 10:00-10:30，返回起飞点，补充燃料并准备下一轮搜索。\n\nUAV-06\n于2023年9月15日 09:00在备用起飞点待命，准备随时接替故障无人机或执行物资投放任务。\n\n————————————————————————————————————————————————————————————————————————————————-",
                "content1_msg": "无人机名字或代号：UAV-06  \n时间：2023年9月15日 09:00、09:30-10:00、10:00-10:30  \n地点：备用起飞点、灾区  \n任务优先级重要性：未提及  \n任务描述信息：在灾区低空进行搜索，利用热成像设备定位被困人员；将定位信息传输至指挥中心，协助地面救援队伍进行救援；返回起飞点，补充燃料并准备下一轮搜索；准备随时接替故障无人机或执行物资投放任务。",
                "similarity": 0.7226566205094324
            }
        ]
    },
    {
        "content2_para": "UAV-07:\n实体关系：灾区通信基站修复\n时间：2023年9月15日 10:00\n地点：四川茂县地震灾区（32.5°N, 104.1°E）\n任务优先级重要性：极高\n具体任务：起飞，检查通信基站故障。",
        "matches": [
            {
                "content1_para": "灾区通信恢复与数据传输\n执行时间：2023年9月15日 10:00 – 14:00\n执行地点：四川茂县地震灾区（坐标：32.5°N, 104.1°E）\n执行者：\nUAV-07\n：负责灾区通信基站修复\nUAV-08\n：负责灾区数据传输与实时监控\nUAV-09\n：备用无人机，执行故障应急接替与通信恢复\n任务优先级：极高（确保灾区通信畅通，救援信息实时传输）\n操作步骤：\n————————————————————————————————————————————————————————————————————————————————-\nUAV-07\n于2023年9月15日 10:00在灾区指定起飞点起飞，执行以下任务：\n- 10:00-10:30，对灾区通信基站进行初步检查，确定故障原因。\n- 10:30-11:00，利用携带的工具进行基站修复，恢复通信信号。\n- 11:00-11:30，返回起飞点，将修复情况传输至指挥中心。\n\nUAV-08\n于2023年9月15日 10:00在灾区指定起飞点起飞，执行以下任务：\n- 10:00-10:30，建立临时通信网络，确保灾区内部信息传输。\n- 10:30-11:00，监控灾区",
                "content1_msg": "无人机名字或代号：UAV-07、UAV-08、UAV-09  \n时间：2023年9月15日 10:00 – 14:00、2023年9月15日 10:00、2023年9月15日 10:00-10:30、2023年9月15日 10:30-11:00、2023年9月15日 11:00-11:30  \n地点：四川茂县地震灾区（坐标：32.5°N, 104.1°E）  \n任务优先级重要性：极高  \n任务描述信息：  \n- 负责灾区通信基站修复  \n- 负责灾区数据传输与实时监控  \n- 备用无人机，执行故障应急接替与通信恢复  \n- 对灾区通信基站进行初步检查，确定故障原因  \n- 利用携带的工具进行基站修复，恢复通信信号  \n- 返回起飞点，将修复情况传输至指挥中心  \n- 建立临时通信网络，确保灾区内部信息传输  \n- 监控灾区",
                "similarity": 0.8026195229503215
            },
            {
                "content1_para": "灾区物资投放与人员搜救\n执行时间：2023年9月15日 09:00 – 13:00\n执行地点：四川茂县地震灾区（坐标：32.5°N, 104.1°E）\n执行者：\nUAV-04\n：负责灾区物资投放\nUAV-05\n：负责灾区低空搜索与人员定位\nUAV-06\n：备用无人机，执行故障应急接替与物资投放\n任务优先级：极高（确保灾区物资及时到达，人员得到及时救援）\n操作步骤：\n————————————————————————————————————————————————————————————————————————————————-\nUAV-04\n于2023年9月15日 09:00在灾区指定起飞点起飞，执行以下任务：\n- 09:00-09:15，投放救灾物资至灾区指定区域，如帐篷、食物、药品等。\n- 09:15-09:30，根据指挥中心指令，调整投放路径，确保物资覆盖更多灾区。\n- 09:30-10:00，返回起飞点，将投放数据传输至指挥中心。\n\nUAV-05\n于2023年9月15日 09:00在灾区指定起飞点起飞，执行以下任务：\n- 09:00-09:30，在灾区低空进行搜索，利用热成像设备定位被困人员。\n- 09",
                "content1_msg": "无人机名字或代号：UAV-04、UAV-05、UAV-06  \n时间：2023年9月15日 09:00 – 13:00、2023年9月15日 09:00、2023年9月15日 09:00-09:15、2023年9月15日 09:15-09:30、2023年9月15日 09:30-10:00  \n地点：四川茂县地震灾区（坐标：32.5°N, 104.1°E）  \n任务优先级重要性：极高  \n任务描述信息：  \n- UAV-04：投放救灾物资至灾区指定区域，调整投放路径确保物资覆盖更多灾区，返回起飞点传输数据。  \n- UAV-05：在灾区低空进行搜索，利用热成像设备定位被困人员。  \n- UAV-06：备用无人机，执行故障应急接替与物资投放。",
                "similarity": 0.7135110903756008
            }
        ]
    },
    {
        "content2_para": "UAV-07:\n实体关系：灾区通信基站修复\n时间：2023年9月15日 10:30-11:00\n地点：四川茂县地震灾区（32.5°N, 104.1°E）\n任务优先级重要性：极高\n具体任务：修复基站，恢复通信信号。",
        "matches": [
            {
                "content1_para": "灾区通信恢复与数据传输\n执行时间：2023年9月15日 10:00 – 14:00\n执行地点：四川茂县地震灾区（坐标：32.5°N, 104.1°E）\n执行者：\nUAV-07\n：负责灾区通信基站修复\nUAV-08\n：负责灾区数据传输与实时监控\nUAV-09\n：备用无人机，执行故障应急接替与通信恢复\n任务优先级：极高（确保灾区通信畅通，救援信息实时传输）\n操作步骤：\n————————————————————————————————————————————————————————————————————————————————-\nUAV-07\n于2023年9月15日 10:00在灾区指定起飞点起飞，执行以下任务：\n- 10:00-10:30，对灾区通信基站进行初步检查，确定故障原因。\n- 10:30-11:00，利用携带的工具进行基站修复，恢复通信信号。\n- 11:00-11:30，返回起飞点，将修复情况传输至指挥中心。\n\nUAV-08\n于2023年9月15日 10:00在灾区指定起飞点起飞，执行以下任务：\n- 10:00-10:30，建立临时通信网络，确保灾区内部信息传输。\n- 10:30-11:00，监控灾区",
                "content1_msg": "无人机名字或代号：UAV-07、UAV-08、UAV-09  \n时间：2023年9月15日 10:00 – 14:00、2023年9月15日 10:00、2023年9月15日 10:00-10:30、2023年9月15日 10:30-11:00、2023年9月15日 11:00-11:30  \n地点：四川茂县地震灾区（坐标：32.5°N, 104.1°E）  \n任务优先级重要性：极高  \n任务描述信息：  \n- 负责灾区通信基站修复  \n- 负责灾区数据传输与实时监控  \n- 备用无人机，执行故障应急接替与通信恢复  \n- 对灾区通信基站进行初步检查，确定故障原因  \n- 利用携带的工具进行基站修复，恢复通信信号  \n- 返回起飞点，将修复情况传输至指挥中心  \n- 建立临时通信网络，确保灾区内部信息传输  \n- 监控灾区",
                "similarity": 0.8380095327393964
            },
            {
                "content1_para": "络，确保灾区内部信息传输。\n- 10:30-11:00，监控灾区通信状况，实时传输救援信息。\n- 11:00-11:30，返回起飞点，补充燃料并准备下一轮数据传输。\n\nUAV-09\n于2023年9月15日 10:00在备用起飞点待命，准备随时接替故障无人机或执行通信恢复任务。",
                "content1_msg": "无人机名字或代号：UAV-09  \n时间：2023年9月15日 10:00、10:30-11:00、11:00-11:30  \n地点：备用起飞点、灾区  \n任务优先级重要性：未提及  \n任务描述信息：监控灾区通信状况，实时传输救援信息；返回起飞点，补充燃料并准备下一轮数据传输；待命，准备随时接替故障无人机或执行通信恢复任务。",
                "similarity": 0.7250195875284657
            }
        ]
    },
    {
        "content2_para": "UAV-07:\n实体关系：灾区通信基站修复\n时间：2023年9月15日 11:00-11:30\n地点：四川茂县地震灾区（32.5°N, 104.1°E）\n任务优先级重要性：极高\n具体任务：返回起飞点，传输修复情况。",
        "matches": [
            {
                "content1_para": "灾区通信恢复与数据传输\n执行时间：2023年9月15日 10:00 – 14:00\n执行地点：四川茂县地震灾区（坐标：32.5°N, 104.1°E）\n执行者：\nUAV-07\n：负责灾区通信基站修复\nUAV-08\n：负责灾区数据传输与实时监控\nUAV-09\n：备用无人机，执行故障应急接替与通信恢复\n任务优先级：极高（确保灾区通信畅通，救援信息实时传输）\n操作步骤：\n————————————————————————————————————————————————————————————————————————————————-\nUAV-07\n于2023年9月15日 10:00在灾区指定起飞点起飞，执行以下任务：\n- 10:00-10:30，对灾区通信基站进行初步检查，确定故障原因。\n- 10:30-11:00，利用携带的工具进行基站修复，恢复通信信号。\n- 11:00-11:30，返回起飞点，将修复情况传输至指挥中心。\n\nUAV-08\n于2023年9月15日 10:00在灾区指定起飞点起飞，执行以下任务：\n- 10:00-10:30，建立临时通信网络，确保灾区内部信息传输。\n- 10:30-11:00，监控灾区",
                "content1_msg": "无人机名字或代号：UAV-07、UAV-08、UAV-09  \n时间：2023年9月15日 10:00 – 14:00、2023年9月15日 10:00、2023年9月15日 10:00-10:30、2023年9月15日 10:30-11:00、2023年9月15日 11:00-11:30  \n地点：四川茂县地震灾区（坐标：32.5°N, 104.1°E）  \n任务优先级重要性：极高  \n任务描述信息：  \n- 负责灾区通信基站修复  \n- 负责灾区数据传输与实时监控  \n- 备用无人机，执行故障应急接替与通信恢复  \n- 对灾区通信基站进行初步检查，确定故障原因  \n- 利用携带的工具进行基站修复，恢复通信信号  \n- 返回起飞点，将修复情况传输至指挥中心  \n- 建立临时通信网络，确保灾区内部信息传输  \n- 监控灾区",
                "similarity": 0.8122279151408598
            },
            {
                "content1_para": "络，确保灾区内部信息传输。\n- 10:30-11:00，监控灾区通信状况，实时传输救援信息。\n- 11:00-11:30，返回起飞点，补充燃料并准备下一轮数据传输。\n\nUAV-09\n于2023年9月15日 10:00在备用起飞点待命，准备随时接替故障无人机或执行通信恢复任务。",
                "content1_msg": "无人机名字或代号：UAV-09  \n时间：2023年9月15日 10:00、10:30-11:00、11:00-11:30  \n地点：备用起飞点、灾区  \n任务优先级重要性：未提及  \n任务描述信息：监控灾区通信状况，实时传输救援信息；返回起飞点，补充燃料并准备下一轮数据传输；待命，准备随时接替故障无人机或执行通信恢复任务。",
                "similarity": 0.7751766043478644
            }
        ]
    },
    {
        "content2_para": "UAV-08:\n实体关系：灾区数据传输\n时间：2023年9月15日 10:00\n地点：四川茂县地震灾区（32.5°N, 104.1°E）\n任务优先级重要性：极高\n具体任务：起飞，建立临时通信网络。",
        "matches": [
            {
                "content1_para": "灾区通信恢复与数据传输\n执行时间：2023年9月15日 10:00 – 14:00\n执行地点：四川茂县地震灾区（坐标：32.5°N, 104.1°E）\n执行者：\nUAV-07\n：负责灾区通信基站修复\nUAV-08\n：负责灾区数据传输与实时监控\nUAV-09\n：备用无人机，执行故障应急接替与通信恢复\n任务优先级：极高（确保灾区通信畅通，救援信息实时传输）\n操作步骤：\n————————————————————————————————————————————————————————————————————————————————-\nUAV-07\n于2023年9月15日 10:00在灾区指定起飞点起飞，执行以下任务：\n- 10:00-10:30，对灾区通信基站进行初步检查，确定故障原因。\n- 10:30-11:00，利用携带的工具进行基站修复，恢复通信信号。\n- 11:00-11:30，返回起飞点，将修复情况传输至指挥中心。\n\nUAV-08\n于2023年9月15日 10:00在灾区指定起飞点起飞，执行以下任务：\n- 10:00-10:30，建立临时通信网络，确保灾区内部信息传输。\n- 10:30-11:00，监控灾区",
                "content1_msg": "无人机名字或代号：UAV-07、UAV-08、UAV-09  \n时间：2023年9月15日 10:00 – 14:00、2023年9月15日 10:00、2023年9月15日 10:00-10:30、2023年9月15日 10:30-11:00、2023年9月15日 11:00-11:30  \n地点：四川茂县地震灾区（坐标：32.5°N, 104.1°E）  \n任务优先级重要性：极高  \n任务描述信息：  \n- 负责灾区通信基站修复  \n- 负责灾区数据传输与实时监控  \n- 备用无人机，执行故障应急接替与通信恢复  \n- 对灾区通信基站进行初步检查，确定故障原因  \n- 利用携带的工具进行基站修复，恢复通信信号  \n- 返回起飞点，将修复情况传输至指挥中心  \n- 建立临时通信网络，确保灾区内部信息传输  \n- 监控灾区",
                "similarity": 0.7923862425104745
            },
            {
                "content1_para": "灾区实时监测与评估\n执行时间：2023年9月15日 08:00 – 12:00\n执行地点：四川茂县地震灾区（坐标：32.5°N, 104.1°E）\n执行者：\nUAV-01\n：负责灾区高空实时监测\nUAV-02\n：负责灾区低空图像采集与细节评估\nUAV-03\n：备用无人机，执行故障应急接替与数据备份\n任务优先级：极高（确保灾区情况实时了解，为救援决策提供依据）\n操作步骤：\n————————————————————————————————————————————————————————————————————————————————-\nUAV-01\n于2023年9月15日 08:00在灾区指定起飞点起飞，执行以下任务：\n- 08:00-08:15，飞行至灾区高空（高度1000米），进行全景图像采集，记录地震影响范围。\n- 08:15-08:30，沿灾区边缘飞行，监测灾区周边地形变化，避免高空障碍物。\n- 08:30-09:00，返回起飞点，将采集到的图像数据传输至指挥中心。\n\nUAV-02\n于2023年9月15日 08:15在灾区指定起飞点起飞，执行以下任务：\n- 08:15-08:30，飞行至灾区低空（高度20",
                "content1_msg": "无人机名字或代号：UAV-01、UAV-02、UAV-03  \n时间：2023年9月15日 08:00 – 12:00、2023年9月15日 08:00、2023年9月15日 08:15  \n地点：四川茂县地震灾区（坐标：32.5°N, 104.1°E）  \n任务优先级重要性：极高  \n任务描述信息：  \n- UAV-01：08:00-08:15，飞行至灾区高空（高度1000米），进行全景图像采集，记录地震影响范围。  \n- UAV-01：08:15-08:30，沿灾区边缘飞行，监测灾区周边地形变化，避免高空障碍物。  \n- UAV-01：08:30-09:00，返回起飞点，将采集到的图像数据传输至指挥中心。  \n- UAV-02：08:15-08:30，飞行至灾区低空（高度20...（未完整，但可推测为低空图像采集任务）",
                "similarity": 0.7634157763387205
            }
        ]
    },
    {
        "content2_para": "UAV-08:\n实体关系：灾区数据传输\n时间：2023年9月15日 10:30-11:00\n地点：四川茂县地震灾区（32.5°N, 104.1°E）\n任务优先级重要性：极高\n具体任务：监控通信状况，实时传输救援信息。",
        "matches": [
            {
                "content1_para": "灾区通信恢复与数据传输\n执行时间：2023年9月15日 10:00 – 14:00\n执行地点：四川茂县地震灾区（坐标：32.5°N, 104.1°E）\n执行者：\nUAV-07\n：负责灾区通信基站修复\nUAV-08\n：负责灾区数据传输与实时监控\nUAV-09\n：备用无人机，执行故障应急接替与通信恢复\n任务优先级：极高（确保灾区通信畅通，救援信息实时传输）\n操作步骤：\n————————————————————————————————————————————————————————————————————————————————-\nUAV-07\n于2023年9月15日 10:00在灾区指定起飞点起飞，执行以下任务：\n- 10:00-10:30，对灾区通信基站进行初步检查，确定故障原因。\n- 10:30-11:00，利用携带的工具进行基站修复，恢复通信信号。\n- 11:00-11:30，返回起飞点，将修复情况传输至指挥中心。\n\nUAV-08\n于2023年9月15日 10:00在灾区指定起飞点起飞，执行以下任务：\n- 10:00-10:30，建立临时通信网络，确保灾区内部信息传输。\n- 10:30-11:00，监控灾区",
                "content1_msg": "无人机名字或代号：UAV-07、UAV-08、UAV-09  \n时间：2023年9月15日 10:00 – 14:00、2023年9月15日 10:00、2023年9月15日 10:00-10:30、2023年9月15日 10:30-11:00、2023年9月15日 11:00-11:30  \n地点：四川茂县地震灾区（坐标：32.5°N, 104.1°E）  \n任务优先级重要性：极高  \n任务描述信息：  \n- 负责灾区通信基站修复  \n- 负责灾区数据传输与实时监控  \n- 备用无人机，执行故障应急接替与通信恢复  \n- 对灾区通信基站进行初步检查，确定故障原因  \n- 利用携带的工具进行基站修复，恢复通信信号  \n- 返回起飞点，将修复情况传输至指挥中心  \n- 建立临时通信网络，确保灾区内部信息传输  \n- 监控灾区",
                "similarity": 0.8281241652254723
            },
            {
                "content1_para": "络，确保灾区内部信息传输。\n- 10:30-11:00，监控灾区通信状况，实时传输救援信息。\n- 11:00-11:30，返回起飞点，补充燃料并准备下一轮数据传输。\n\nUAV-09\n于2023年9月15日 10:00在备用起飞点待命，准备随时接替故障无人机或执行通信恢复任务。",
                "content1_msg": "无人机名字或代号：UAV-09  \n时间：2023年9月15日 10:00、10:30-11:00、11:00-11:30  \n地点：备用起飞点、灾区  \n任务优先级重要性：未提及  \n任务描述信息：监控灾区通信状况，实时传输救援信息；返回起飞点，补充燃料并准备下一轮数据传输；待命，准备随时接替故障无人机或执行通信恢复任务。",
                "similarity": 0.7755349198750523
            }
        ]
    },
    {
        "content2_para": "UAV-08:\n实体关系：灾区数据传输\n时间：2023年9月15日 11:00-11:30\n地点：四川茂县地震灾区（32.5°N, 104.1°E）\n任务优先级重要性：极高\n具体任务：返回起飞点，补充燃料。",
        "matches": [
            {
                "content1_para": "络，确保灾区内部信息传输。\n- 10:30-11:00，监控灾区通信状况，实时传输救援信息。\n- 11:00-11:30，返回起飞点，补充燃料并准备下一轮数据传输。\n\nUAV-09\n于2023年9月15日 10:00在备用起飞点待命，准备随时接替故障无人机或执行通信恢复任务。",
                "content1_msg": "无人机名字或代号：UAV-09  \n时间：2023年9月15日 10:00、10:30-11:00、11:00-11:30  \n地点：备用起飞点、灾区  \n任务优先级重要性：未提及  \n任务描述信息：监控灾区通信状况，实时传输救援信息；返回起飞点，补充燃料并准备下一轮数据传输；待命，准备随时接替故障无人机或执行通信恢复任务。",
                "similarity": 0.7977541503237331
            },
            {
                "content1_para": "灾区通信恢复与数据传输\n执行时间：2023年9月15日 10:00 – 14:00\n执行地点：四川茂县地震灾区（坐标：32.5°N, 104.1°E）\n执行者：\nUAV-07\n：负责灾区通信基站修复\nUAV-08\n：负责灾区数据传输与实时监控\nUAV-09\n：备用无人机，执行故障应急接替与通信恢复\n任务优先级：极高（确保灾区通信畅通，救援信息实时传输）\n操作步骤：\n————————————————————————————————————————————————————————————————————————————————-\nUAV-07\n于2023年9月15日 10:00在灾区指定起飞点起飞，执行以下任务：\n- 10:00-10:30，对灾区通信基站进行初步检查，确定故障原因。\n- 10:30-11:00，利用携带的工具进行基站修复，恢复通信信号。\n- 11:00-11:30，返回起飞点，将修复情况传输至指挥中心。\n\nUAV-08\n于2023年9月15日 10:00在灾区指定起飞点起飞，执行以下任务：\n- 10:00-10:30，建立临时通信网络，确保灾区内部信息传输。\n- 10:30-11:00，监控灾区",
                "content1_msg": "无人机名字或代号：UAV-07、UAV-08、UAV-09  \n时间：2023年9月15日 10:00 – 14:00、2023年9月15日 10:00、2023年9月15日 10:00-10:30、2023年9月15日 10:30-11:00、2023年9月15日 11:00-11:30  \n地点：四川茂县地震灾区（坐标：32.5°N, 104.1°E）  \n任务优先级重要性：极高  \n任务描述信息：  \n- 负责灾区通信基站修复  \n- 负责灾区数据传输与实时监控  \n- 备用无人机，执行故障应急接替与通信恢复  \n- 对灾区通信基站进行初步检查，确定故障原因  \n- 利用携带的工具进行基站修复，恢复通信信号  \n- 返回起飞点，将修复情况传输至指挥中心  \n- 建立临时通信网络，确保灾区内部信息传输  \n- 监控灾区",
                "similarity": 0.7974151952122178
            }
        ]
    },
    {
        "content2_para": "UAV-09:\n实体关系：备用无人机\n时间：2023年9月15日 10:00\n地点：备用起飞点\n任务优先级重要性：极高\n具体任务：待命，准备应急接替和通信恢复。",
        "matches": [
            {
                "content1_para": "灾区通信恢复与数据传输\n执行时间：2023年9月15日 10:00 – 14:00\n执行地点：四川茂县地震灾区（坐标：32.5°N, 104.1°E）\n执行者：\nUAV-07\n：负责灾区通信基站修复\nUAV-08\n：负责灾区数据传输与实时监控\nUAV-09\n：备用无人机，执行故障应急接替与通信恢复\n任务优先级：极高（确保灾区通信畅通，救援信息实时传输）\n操作步骤：\n————————————————————————————————————————————————————————————————————————————————-\nUAV-07\n于2023年9月15日 10:00在灾区指定起飞点起飞，执行以下任务：\n- 10:00-10:30，对灾区通信基站进行初步检查，确定故障原因。\n- 10:30-11:00，利用携带的工具进行基站修复，恢复通信信号。\n- 11:00-11:30，返回起飞点，将修复情况传输至指挥中心。\n\nUAV-08\n于2023年9月15日 10:00在灾区指定起飞点起飞，执行以下任务：\n- 10:00-10:30，建立临时通信网络，确保灾区内部信息传输。\n- 10:30-11:00，监控灾区",
                "content1_msg": "无人机名字或代号：UAV-07、UAV-08、UAV-09  \n时间：2023年9月15日 10:00 – 14:00、2023年9月15日 10:00、2023年9月15日 10:00-10:30、2023年9月15日 10:30-11:00、2023年9月15日 11:00-11:30  \n地点：四川茂县地震灾区（坐标：32.5°N, 104.1°E）  \n任务优先级重要性：极高  \n任务描述信息：  \n- 负责灾区通信基站修复  \n- 负责灾区数据传输与实时监控  \n- 备用无人机，执行故障应急接替与通信恢复  \n- 对灾区通信基站进行初步检查，确定故障原因  \n- 利用携带的工具进行基站修复，恢复通信信号  \n- 返回起飞点，将修复情况传输至指挥中心  \n- 建立临时通信网络，确保灾区内部信息传输  \n- 监控灾区",
                "similarity": 0.7689049147332995
            },
            {
                "content1_para": "灾区物资投放与人员搜救\n执行时间：2023年9月15日 09:00 – 13:00\n执行地点：四川茂县地震灾区（坐标：32.5°N, 104.1°E）\n执行者：\nUAV-04\n：负责灾区物资投放\nUAV-05\n：负责灾区低空搜索与人员定位\nUAV-06\n：备用无人机，执行故障应急接替与物资投放\n任务优先级：极高（确保灾区物资及时到达，人员得到及时救援）\n操作步骤：\n————————————————————————————————————————————————————————————————————————————————-\nUAV-04\n于2023年9月15日 09:00在灾区指定起飞点起飞，执行以下任务：\n- 09:00-09:15，投放救灾物资至灾区指定区域，如帐篷、食物、药品等。\n- 09:15-09:30，根据指挥中心指令，调整投放路径，确保物资覆盖更多灾区。\n- 09:30-10:00，返回起飞点，将投放数据传输至指挥中心。\n\nUAV-05\n于2023年9月15日 09:00在灾区指定起飞点起飞，执行以下任务：\n- 09:00-09:30，在灾区低空进行搜索，利用热成像设备定位被困人员。\n- 09",
                "content1_msg": "无人机名字或代号：UAV-04、UAV-05、UAV-06  \n时间：2023年9月15日 09:00 – 13:00、2023年9月15日 09:00、2023年9月15日 09:00-09:15、2023年9月15日 09:15-09:30、2023年9月15日 09:30-10:00  \n地点：四川茂县地震灾区（坐标：32.5°N, 104.1°E）  \n任务优先级重要性：极高  \n任务描述信息：  \n- UAV-04：投放救灾物资至灾区指定区域，调整投放路径确保物资覆盖更多灾区，返回起飞点传输数据。  \n- UAV-05：在灾区低空进行搜索，利用热成像设备定位被困人员。  \n- UAV-06：备用无人机，执行故障应急接替与物资投放。",
                "similarity": 0.7562255552986341
            }
        ]
    }
]