[
    {
        "paragraph": "UAV-01:\n实体关系：灾区高空监测\n时间：2023年9月15日 08:00\n地点：四川茂县地震灾区（32.5°N, 104.1°E）\n任务优先级重要性：极高\n具体任务：起飞至1000米高空，进行全景图像采集。"
    },
    {
        "paragraph": "UAV-01:\n实体关系：灾区高空监测\n时间：2023年9月15日 08:15-08:30\n地点：四川茂县地震灾区（32.5°N, 104.1°E）\n任务优先级重要性：极高\n具体任务：沿灾区边缘飞行，监测地形变化。"
    },
    {
        "paragraph": "UAV-01:\n实体关系：灾区高空监测\n时间：2023年9月15日 08:30-09:00\n地点：四川茂县地震灾区（32.5°N, 104.1°E）\n任务优先级重要性：极高\n具体任务：返回起飞点，传输图像数据。"
    },
    {
        "paragraph": "UAV-02:\n实体关系：灾区低空图像采集\n时间：2023年9月15日 08:15\n地点：四川茂县地震灾区（32.5°N, 104.1°E）\n任务优先级重要性：极高\n具体任务：起飞至200米低空，采集重点区域图像。"
    },
    {
        "paragraph": "UAV-02:\n实体关系：灾区低空图像采集\n时间：2023年9月15日 08:30-09:00\n地点：四川茂县地震灾区（32.5°N, 104.1°E）\n任务优先级重要性：极高\n具体任务：分析图像，识别建筑物倒塌等细节。"
    },
    {
        "paragraph": "UAV-02:\n实体关系：灾区低空图像采集\n时间：2023年9月15日 09:00-09:15\n地点：四川茂县地震灾区（32.5°N, 104.1°E）\n任务优先级重要性：极高\n具体任务：返回起飞点，传输图像数据。"
    },
    {
        "paragraph": "UAV-03:\n实体关系：备用无人机\n时间：2023年9月15日 08:00\n地点：备用起飞点\n任务优先级重要性：极高\n具体任务：待命，准备应急接替和数据备份。"
    },
    {
        "paragraph": "UAV-04:\n实体关系：灾区物资投放\n时间：2023年9月15日 09:00\n地点：四川茂县地震灾区（32.5°N, 104.1°E）\n任务优先级重要性：极高\n具体任务：起飞，投放救灾物资。"
    },
    {
        "paragraph": "UAV-04:\n实体关系：灾区物资投放\n时间：2023年9月15日 09:15-09:30\n地点：四川茂县地震灾区（32.5°N, 104.1°E）\n任务优先级重要性：极高\n具体任务：调整投放路径，确保物资覆盖。"
    },
    {
        "paragraph": "UAV-04:\n实体关系：灾区物资投放\n时间：2023年9月15日 09:30-10:00\n地点：四川茂县地震灾区（32.5°N, 104.1°E）\n任务优先级重要性：极高\n具体任务：返回起飞点，传输投放数据。"
    },
    {
        "paragraph": "UAV-05:\n实体关系：灾区低空搜索\n时间：2023年9月15日 09:00\n地点：四川茂县地震灾区（32.5°N, 104.1°E）\n任务优先级重要性：极高\n具体任务：起飞，进行低空搜索。"
    },
    {
        "paragraph": "UAV-05:\n实体关系：灾区低空搜索\n时间：2023年9月15日 09:00-09:30\n地点：四川茂县地震灾区（32.5°N, 104.1°E）\n任务优先级重要性：极高\n具体任务：利用热成像定位被困人员。"
    },
    {
        "paragraph": "UAV-05:\n实体关系：灾区低空搜索\n时间：2023年9月15日 09:30-10:00\n地点：四川茂县地震灾区（32.5°N, 104.1°E）\n任务优先级重要性：极高\n具体任务：返回起飞点，传输定位信息。"
    },
    {
        "paragraph": "UAV-05:\n实体关系：灾区低空搜索\n时间：2023年9月15日 10:00-10:30\n地点：四川茂县地震灾区（32.5°N, 104.1°E）\n任务优先级重要性：极高\n具体任务：补充燃料，准备下一轮搜索。"
    },
    {
        "paragraph": "UAV-06:\n实体关系：备用无人机\n时间：2023年9月15日 09:00\n地点：备用起飞点\n任务优先级重要性：极高\n具体任务：待命，准备应急接替和物资投放。"
    },
    {
        "paragraph": "UAV-07:\n实体关系：灾区通信基站修复\n时间：2023年9月15日 10:00\n地点：四川茂县地震灾区（32.5°N, 104.1°E）\n任务优先级重要性：极高\n具体任务：起飞，检查通信基站故障。"
    },
    {
        "paragraph": "UAV-07:\n实体关系：灾区通信基站修复\n时间：2023年9月15日 10:30-11:00\n地点：四川茂县地震灾区（32.5°N, 104.1°E）\n任务优先级重要性：极高\n具体任务：修复基站，恢复通信信号。"
    },
    {
        "paragraph": "UAV-07:\n实体关系：灾区通信基站修复\n时间：2023年9月15日 11:00-11:30\n地点：四川茂县地震灾区（32.5°N, 104.1°E）\n任务优先级重要性：极高\n具体任务：返回起飞点，传输修复情况。"
    },
    {
        "paragraph": "UAV-08:\n实体关系：灾区数据传输\n时间：2023年9月15日 10:00\n地点：四川茂县地震灾区（32.5°N, 104.1°E）\n任务优先级重要性：极高\n具体任务：起飞，建立临时通信网络。"
    },
    {
        "paragraph": "UAV-08:\n实体关系：灾区数据传输\n时间：2023年9月15日 10:30-11:00\n地点：四川茂县地震灾区（32.5°N, 104.1°E）\n任务优先级重要性：极高\n具体任务：监控通信状况，实时传输救援信息。"
    },
    {
        "paragraph": "UAV-08:\n实体关系：灾区数据传输\n时间：2023年9月15日 11:00-11:30\n地点：四川茂县地震灾区（32.5°N, 104.1°E）\n任务优先级重要性：极高\n具体任务：返回起飞点，补充燃料。"
    },
    {
        "paragraph": "UAV-09:\n实体关系：备用无人机\n时间：2023年9月15日 10:00\n地点：备用起飞点\n任务优先级重要性：极高\n具体任务：待命，准备应急接替和通信恢复。"
    }
]