[
    {
        "content2_para": "**侦察准备**\n时间：2023年8月15日 10:00\n地点：X市Y区A镇B村\n任务优先级：紧急\n具体任务：完成电池充电和系统自检，确认传感器功能正常。",
        "matches": [
            {
                "content1_para": "灾害区域侦察与评估\n执行时间\n：2023年8月15日 10:00 – 11:30\n执行地点\n：X市Y区A镇B村（坐标：34.1234°N, 108.5678°E）\n执行者\n：\nUAV-01\n：负责A镇受灾区域高空侦察\nUAV-02\n：负责B村受灾区域低空侦察\nUAV-03\n：备用无人机，负责支援侦察或紧急情况下的替代任务\n任务优先级\n：紧急（快速获取受灾情况，为救援行动提供依据）\n操作步骤\n：\n侦察准备\n（2023年8月15日 10:00）\nUAV-01\n完成电池充电和系统自检，确认所有传感器功能正常。\nUAV-02\n完成电池充电和系统自检，确认所有传感器功能正常。\nUAV-03\n待命，准备随时接替UAV-01或UAV-02的任务。\n起飞与侦察\n（2023年8月15日 10:05）\nUAV-01起飞，飞行高度800米，以每分钟100米的速度进行高空侦察，重点区域为A镇受灾区域，记录建筑物损毁情况、道路畅通情况及人员聚集点。\nUAV-02起飞，飞行高度200米，以每分钟50米的速度进行低空侦察，重点区域为B村受灾区域，记录房屋受损情况、人员疏散情况及紧急避难所位置。\n数据回传与分析\n（2023年8月15日 10",
                "content1_msg": "无人机名字或代号：UAV-01、UAV-02、UAV-03  \n时间：2023年8月15日 10:00 – 11:30、2023年8月15日 10:00、2023年8月15日 10:05  \n地点：X市Y区A镇B村（坐标：34.1234°N, 108.5678°E）  \n任务优先级重要性：紧急  \n任务描述信息：  \n- UAV-01负责A镇受灾区域高空侦察，飞行高度800米，以每分钟100米的速度进行高空侦察，重点区域为A镇受灾区域，记录建筑物损毁情况、道路畅通情况及人员聚集点。  \n- UAV-02负责B村受灾区域低空侦察，飞行高度200米，以每分钟50米的速度进行低空侦察，重点区域为B村受灾区域，记录房屋受损情况、人员疏散情况及紧急避难所位置。  \n- UAV-03为备用无人机，负责支援侦察或紧急情况下的替代任务，待命准备随时接替UAV-01或UAV-02的任务。",
                "similarity": 0.7626962171310157
            },
            {
                "content1_para": "及紧急避难所位置。\n数据回传与分析\n（2023年8月15日 10:30）\nUAV-01和UAV-02分别将侦察数据实时传输至地面控制站，地面控制站对数据进行初步分析，评估受灾严重程度和救援需求。\n支援与替代\n（2023年8月15日 10:45）\n地面控制站根据侦察结果，若发现UAV-01或UAV-02任务超负荷，指令UAV-03进行支援或替代。\n\n————————————————————————————————————————————————————————————————————————————————-",
                "content1_msg": "无人机名字或代号：UAV-01、UAV-02、UAV-03  \n时间：2023年8月15日 10:30、2023年8月15日 10:45  \n地点：未提及  \n任务优先级重要性：未提及  \n任务描述信息：侦察数据实时传输至地面控制站，地面控制站对数据进行初步分析，评估受灾严重程度和救援需求；若发现UAV-01或UAV-02任务超负荷，指令UAV-03进行支援或替代。",
                "similarity": 0.6771798560925909
            }
        ]
    },
    {
        "content2_para": "**起飞与侦察**\n时间：2023年8月15日 10:05\n地点：X市Y区A镇B村\n任务优先级：紧急\n具体任务：起飞，飞行高度800米，高空侦察A镇受灾区域。",
        "matches": [
            {
                "content1_para": "灾害区域侦察与评估\n执行时间\n：2023年8月15日 10:00 – 11:30\n执行地点\n：X市Y区A镇B村（坐标：34.1234°N, 108.5678°E）\n执行者\n：\nUAV-01\n：负责A镇受灾区域高空侦察\nUAV-02\n：负责B村受灾区域低空侦察\nUAV-03\n：备用无人机，负责支援侦察或紧急情况下的替代任务\n任务优先级\n：紧急（快速获取受灾情况，为救援行动提供依据）\n操作步骤\n：\n侦察准备\n（2023年8月15日 10:00）\nUAV-01\n完成电池充电和系统自检，确认所有传感器功能正常。\nUAV-02\n完成电池充电和系统自检，确认所有传感器功能正常。\nUAV-03\n待命，准备随时接替UAV-01或UAV-02的任务。\n起飞与侦察\n（2023年8月15日 10:05）\nUAV-01起飞，飞行高度800米，以每分钟100米的速度进行高空侦察，重点区域为A镇受灾区域，记录建筑物损毁情况、道路畅通情况及人员聚集点。\nUAV-02起飞，飞行高度200米，以每分钟50米的速度进行低空侦察，重点区域为B村受灾区域，记录房屋受损情况、人员疏散情况及紧急避难所位置。\n数据回传与分析\n（2023年8月15日 10",
                "content1_msg": "无人机名字或代号：UAV-01、UAV-02、UAV-03  \n时间：2023年8月15日 10:00 – 11:30、2023年8月15日 10:00、2023年8月15日 10:05  \n地点：X市Y区A镇B村（坐标：34.1234°N, 108.5678°E）  \n任务优先级重要性：紧急  \n任务描述信息：  \n- UAV-01负责A镇受灾区域高空侦察，飞行高度800米，以每分钟100米的速度进行高空侦察，重点区域为A镇受灾区域，记录建筑物损毁情况、道路畅通情况及人员聚集点。  \n- UAV-02负责B村受灾区域低空侦察，飞行高度200米，以每分钟50米的速度进行低空侦察，重点区域为B村受灾区域，记录房屋受损情况、人员疏散情况及紧急避难所位置。  \n- UAV-03为备用无人机，负责支援侦察或紧急情况下的替代任务，待命准备随时接替UAV-01或UAV-02的任务。",
                "similarity": 0.7476217314766127
            },
            {
                "content1_para": "及紧急避难所位置。\n数据回传与分析\n（2023年8月15日 10:30）\nUAV-01和UAV-02分别将侦察数据实时传输至地面控制站，地面控制站对数据进行初步分析，评估受灾严重程度和救援需求。\n支援与替代\n（2023年8月15日 10:45）\n地面控制站根据侦察结果，若发现UAV-01或UAV-02任务超负荷，指令UAV-03进行支援或替代。\n\n————————————————————————————————————————————————————————————————————————————————-",
                "content1_msg": "无人机名字或代号：UAV-01、UAV-02、UAV-03  \n时间：2023年8月15日 10:30、2023年8月15日 10:45  \n地点：未提及  \n任务优先级重要性：未提及  \n任务描述信息：侦察数据实时传输至地面控制站，地面控制站对数据进行初步分析，评估受灾严重程度和救援需求；若发现UAV-01或UAV-02任务超负荷，指令UAV-03进行支援或替代。",
                "similarity": 0.663395737271176
            }
        ]
    },
    {
        "content2_para": "**数据回传与分析**\n时间：2023年8月15日 10:30\n地点：X市Y区A镇B村\n任务优先级：紧急\n具体任务：将侦察数据实时传输至地面控制站。",
        "matches": [
            {
                "content1_para": "及紧急避难所位置。\n数据回传与分析\n（2023年8月15日 10:30）\nUAV-01和UAV-02分别将侦察数据实时传输至地面控制站，地面控制站对数据进行初步分析，评估受灾严重程度和救援需求。\n支援与替代\n（2023年8月15日 10:45）\n地面控制站根据侦察结果，若发现UAV-01或UAV-02任务超负荷，指令UAV-03进行支援或替代。\n\n————————————————————————————————————————————————————————————————————————————————-",
                "content1_msg": "无人机名字或代号：UAV-01、UAV-02、UAV-03  \n时间：2023年8月15日 10:30、2023年8月15日 10:45  \n地点：未提及  \n任务优先级重要性：未提及  \n任务描述信息：侦察数据实时传输至地面控制站，地面控制站对数据进行初步分析，评估受灾严重程度和救援需求；若发现UAV-01或UAV-02任务超负荷，指令UAV-03进行支援或替代。",
                "similarity": 0.7413479402190486
            },
            {
                "content1_para": "灾害区域侦察与评估\n执行时间\n：2023年8月15日 10:00 – 11:30\n执行地点\n：X市Y区A镇B村（坐标：34.1234°N, 108.5678°E）\n执行者\n：\nUAV-01\n：负责A镇受灾区域高空侦察\nUAV-02\n：负责B村受灾区域低空侦察\nUAV-03\n：备用无人机，负责支援侦察或紧急情况下的替代任务\n任务优先级\n：紧急（快速获取受灾情况，为救援行动提供依据）\n操作步骤\n：\n侦察准备\n（2023年8月15日 10:00）\nUAV-01\n完成电池充电和系统自检，确认所有传感器功能正常。\nUAV-02\n完成电池充电和系统自检，确认所有传感器功能正常。\nUAV-03\n待命，准备随时接替UAV-01或UAV-02的任务。\n起飞与侦察\n（2023年8月15日 10:05）\nUAV-01起飞，飞行高度800米，以每分钟100米的速度进行高空侦察，重点区域为A镇受灾区域，记录建筑物损毁情况、道路畅通情况及人员聚集点。\nUAV-02起飞，飞行高度200米，以每分钟50米的速度进行低空侦察，重点区域为B村受灾区域，记录房屋受损情况、人员疏散情况及紧急避难所位置。\n数据回传与分析\n（2023年8月15日 10",
                "content1_msg": "无人机名字或代号：UAV-01、UAV-02、UAV-03  \n时间：2023年8月15日 10:00 – 11:30、2023年8月15日 10:00、2023年8月15日 10:05  \n地点：X市Y区A镇B村（坐标：34.1234°N, 108.5678°E）  \n任务优先级重要性：紧急  \n任务描述信息：  \n- UAV-01负责A镇受灾区域高空侦察，飞行高度800米，以每分钟100米的速度进行高空侦察，重点区域为A镇受灾区域，记录建筑物损毁情况、道路畅通情况及人员聚集点。  \n- UAV-02负责B村受灾区域低空侦察，飞行高度200米，以每分钟50米的速度进行低空侦察，重点区域为B村受灾区域，记录房屋受损情况、人员疏散情况及紧急避难所位置。  \n- UAV-03为备用无人机，负责支援侦察或紧急情况下的替代任务，待命准备随时接替UAV-01或UAV-02的任务。",
                "similarity": 0.7349158668829047
            }
        ]
    },
    {
        "content2_para": "**支援与替代**\n时间：2023年8月15日 10:45\n地点：X市Y区A镇B村\n任务优先级：紧急\n具体任务：根据侦察结果，若任务超负荷，接替UAV-01或UAV-02。",
        "matches": [
            {
                "content1_para": "及紧急避难所位置。\n数据回传与分析\n（2023年8月15日 10:30）\nUAV-01和UAV-02分别将侦察数据实时传输至地面控制站，地面控制站对数据进行初步分析，评估受灾严重程度和救援需求。\n支援与替代\n（2023年8月15日 10:45）\n地面控制站根据侦察结果，若发现UAV-01或UAV-02任务超负荷，指令UAV-03进行支援或替代。\n\n————————————————————————————————————————————————————————————————————————————————-",
                "content1_msg": "无人机名字或代号：UAV-01、UAV-02、UAV-03  \n时间：2023年8月15日 10:30、2023年8月15日 10:45  \n地点：未提及  \n任务优先级重要性：未提及  \n任务描述信息：侦察数据实时传输至地面控制站，地面控制站对数据进行初步分析，评估受灾严重程度和救援需求；若发现UAV-01或UAV-02任务超负荷，指令UAV-03进行支援或替代。",
                "similarity": 0.7418015836102967
            },
            {
                "content1_para": "灾害区域侦察与评估\n执行时间\n：2023年8月15日 10:00 – 11:30\n执行地点\n：X市Y区A镇B村（坐标：34.1234°N, 108.5678°E）\n执行者\n：\nUAV-01\n：负责A镇受灾区域高空侦察\nUAV-02\n：负责B村受灾区域低空侦察\nUAV-03\n：备用无人机，负责支援侦察或紧急情况下的替代任务\n任务优先级\n：紧急（快速获取受灾情况，为救援行动提供依据）\n操作步骤\n：\n侦察准备\n（2023年8月15日 10:00）\nUAV-01\n完成电池充电和系统自检，确认所有传感器功能正常。\nUAV-02\n完成电池充电和系统自检，确认所有传感器功能正常。\nUAV-03\n待命，准备随时接替UAV-01或UAV-02的任务。\n起飞与侦察\n（2023年8月15日 10:05）\nUAV-01起飞，飞行高度800米，以每分钟100米的速度进行高空侦察，重点区域为A镇受灾区域，记录建筑物损毁情况、道路畅通情况及人员聚集点。\nUAV-02起飞，飞行高度200米，以每分钟50米的速度进行低空侦察，重点区域为B村受灾区域，记录房屋受损情况、人员疏散情况及紧急避难所位置。\n数据回传与分析\n（2023年8月15日 10",
                "content1_msg": "无人机名字或代号：UAV-01、UAV-02、UAV-03  \n时间：2023年8月15日 10:00 – 11:30、2023年8月15日 10:00、2023年8月15日 10:05  \n地点：X市Y区A镇B村（坐标：34.1234°N, 108.5678°E）  \n任务优先级重要性：紧急  \n任务描述信息：  \n- UAV-01负责A镇受灾区域高空侦察，飞行高度800米，以每分钟100米的速度进行高空侦察，重点区域为A镇受灾区域，记录建筑物损毁情况、道路畅通情况及人员聚集点。  \n- UAV-02负责B村受灾区域低空侦察，飞行高度200米，以每分钟50米的速度进行低空侦察，重点区域为B村受灾区域，记录房屋受损情况、人员疏散情况及紧急避难所位置。  \n- UAV-03为备用无人机，负责支援侦察或紧急情况下的替代任务，待命准备随时接替UAV-01或UAV-02的任务。",
                "similarity": 0.7396172685533481
            }
        ]
    },
    {
        "content2_para": "**侦察准备**\n时间：2023年8月15日 10:00\n地点：X市Y区B村\n任务优先级：紧急\n具体任务：完成电池充电和系统自检，确认传感器功能正常。",
        "matches": [
            {
                "content1_para": "灾害区域侦察与评估\n执行时间\n：2023年8月15日 10:00 – 11:30\n执行地点\n：X市Y区A镇B村（坐标：34.1234°N, 108.5678°E）\n执行者\n：\nUAV-01\n：负责A镇受灾区域高空侦察\nUAV-02\n：负责B村受灾区域低空侦察\nUAV-03\n：备用无人机，负责支援侦察或紧急情况下的替代任务\n任务优先级\n：紧急（快速获取受灾情况，为救援行动提供依据）\n操作步骤\n：\n侦察准备\n（2023年8月15日 10:00）\nUAV-01\n完成电池充电和系统自检，确认所有传感器功能正常。\nUAV-02\n完成电池充电和系统自检，确认所有传感器功能正常。\nUAV-03\n待命，准备随时接替UAV-01或UAV-02的任务。\n起飞与侦察\n（2023年8月15日 10:05）\nUAV-01起飞，飞行高度800米，以每分钟100米的速度进行高空侦察，重点区域为A镇受灾区域，记录建筑物损毁情况、道路畅通情况及人员聚集点。\nUAV-02起飞，飞行高度200米，以每分钟50米的速度进行低空侦察，重点区域为B村受灾区域，记录房屋受损情况、人员疏散情况及紧急避难所位置。\n数据回传与分析\n（2023年8月15日 10",
                "content1_msg": "无人机名字或代号：UAV-01、UAV-02、UAV-03  \n时间：2023年8月15日 10:00 – 11:30、2023年8月15日 10:00、2023年8月15日 10:05  \n地点：X市Y区A镇B村（坐标：34.1234°N, 108.5678°E）  \n任务优先级重要性：紧急  \n任务描述信息：  \n- UAV-01负责A镇受灾区域高空侦察，飞行高度800米，以每分钟100米的速度进行高空侦察，重点区域为A镇受灾区域，记录建筑物损毁情况、道路畅通情况及人员聚集点。  \n- UAV-02负责B村受灾区域低空侦察，飞行高度200米，以每分钟50米的速度进行低空侦察，重点区域为B村受灾区域，记录房屋受损情况、人员疏散情况及紧急避难所位置。  \n- UAV-03为备用无人机，负责支援侦察或紧急情况下的替代任务，待命准备随时接替UAV-01或UAV-02的任务。",
                "similarity": 0.761474485856264
            },
            {
                "content1_para": "及紧急避难所位置。\n数据回传与分析\n（2023年8月15日 10:30）\nUAV-01和UAV-02分别将侦察数据实时传输至地面控制站，地面控制站对数据进行初步分析，评估受灾严重程度和救援需求。\n支援与替代\n（2023年8月15日 10:45）\n地面控制站根据侦察结果，若发现UAV-01或UAV-02任务超负荷，指令UAV-03进行支援或替代。\n\n————————————————————————————————————————————————————————————————————————————————-",
                "content1_msg": "无人机名字或代号：UAV-01、UAV-02、UAV-03  \n时间：2023年8月15日 10:30、2023年8月15日 10:45  \n地点：未提及  \n任务优先级重要性：未提及  \n任务描述信息：侦察数据实时传输至地面控制站，地面控制站对数据进行初步分析，评估受灾严重程度和救援需求；若发现UAV-01或UAV-02任务超负荷，指令UAV-03进行支援或替代。",
                "similarity": 0.6831133457144135
            }
        ]
    },
    {
        "content2_para": "**起飞与侦察**\n时间：2023年8月15日 10:05\n地点：X市Y区B村\n任务优先级：紧急\n具体任务：起飞，飞行高度200米，低空侦察B村受灾区域。",
        "matches": [
            {
                "content1_para": "灾害区域侦察与评估\n执行时间\n：2023年8月15日 10:00 – 11:30\n执行地点\n：X市Y区A镇B村（坐标：34.1234°N, 108.5678°E）\n执行者\n：\nUAV-01\n：负责A镇受灾区域高空侦察\nUAV-02\n：负责B村受灾区域低空侦察\nUAV-03\n：备用无人机，负责支援侦察或紧急情况下的替代任务\n任务优先级\n：紧急（快速获取受灾情况，为救援行动提供依据）\n操作步骤\n：\n侦察准备\n（2023年8月15日 10:00）\nUAV-01\n完成电池充电和系统自检，确认所有传感器功能正常。\nUAV-02\n完成电池充电和系统自检，确认所有传感器功能正常。\nUAV-03\n待命，准备随时接替UAV-01或UAV-02的任务。\n起飞与侦察\n（2023年8月15日 10:05）\nUAV-01起飞，飞行高度800米，以每分钟100米的速度进行高空侦察，重点区域为A镇受灾区域，记录建筑物损毁情况、道路畅通情况及人员聚集点。\nUAV-02起飞，飞行高度200米，以每分钟50米的速度进行低空侦察，重点区域为B村受灾区域，记录房屋受损情况、人员疏散情况及紧急避难所位置。\n数据回传与分析\n（2023年8月15日 10",
                "content1_msg": "无人机名字或代号：UAV-01、UAV-02、UAV-03  \n时间：2023年8月15日 10:00 – 11:30、2023年8月15日 10:00、2023年8月15日 10:05  \n地点：X市Y区A镇B村（坐标：34.1234°N, 108.5678°E）  \n任务优先级重要性：紧急  \n任务描述信息：  \n- UAV-01负责A镇受灾区域高空侦察，飞行高度800米，以每分钟100米的速度进行高空侦察，重点区域为A镇受灾区域，记录建筑物损毁情况、道路畅通情况及人员聚集点。  \n- UAV-02负责B村受灾区域低空侦察，飞行高度200米，以每分钟50米的速度进行低空侦察，重点区域为B村受灾区域，记录房屋受损情况、人员疏散情况及紧急避难所位置。  \n- UAV-03为备用无人机，负责支援侦察或紧急情况下的替代任务，待命准备随时接替UAV-01或UAV-02的任务。",
                "similarity": 0.7444758238236673
            },
            {
                "content1_para": "及紧急避难所位置。\n数据回传与分析\n（2023年8月15日 10:30）\nUAV-01和UAV-02分别将侦察数据实时传输至地面控制站，地面控制站对数据进行初步分析，评估受灾严重程度和救援需求。\n支援与替代\n（2023年8月15日 10:45）\n地面控制站根据侦察结果，若发现UAV-01或UAV-02任务超负荷，指令UAV-03进行支援或替代。\n\n————————————————————————————————————————————————————————————————————————————————-",
                "content1_msg": "无人机名字或代号：UAV-01、UAV-02、UAV-03  \n时间：2023年8月15日 10:30、2023年8月15日 10:45  \n地点：未提及  \n任务优先级重要性：未提及  \n任务描述信息：侦察数据实时传输至地面控制站，地面控制站对数据进行初步分析，评估受灾严重程度和救援需求；若发现UAV-01或UAV-02任务超负荷，指令UAV-03进行支援或替代。",
                "similarity": 0.6679513609303853
            }
        ]
    },
    {
        "content2_para": "**数据回传与分析**\n时间：2023年8月15日 10:30\n地点：X市Y区B村\n任务优先级：紧急\n具体任务：将侦察数据实时传输至地面控制站。",
        "matches": [
            {
                "content1_para": "及紧急避难所位置。\n数据回传与分析\n（2023年8月15日 10:30）\nUAV-01和UAV-02分别将侦察数据实时传输至地面控制站，地面控制站对数据进行初步分析，评估受灾严重程度和救援需求。\n支援与替代\n（2023年8月15日 10:45）\n地面控制站根据侦察结果，若发现UAV-01或UAV-02任务超负荷，指令UAV-03进行支援或替代。\n\n————————————————————————————————————————————————————————————————————————————————-",
                "content1_msg": "无人机名字或代号：UAV-01、UAV-02、UAV-03  \n时间：2023年8月15日 10:30、2023年8月15日 10:45  \n地点：未提及  \n任务优先级重要性：未提及  \n任务描述信息：侦察数据实时传输至地面控制站，地面控制站对数据进行初步分析，评估受灾严重程度和救援需求；若发现UAV-01或UAV-02任务超负荷，指令UAV-03进行支援或替代。",
                "similarity": 0.7577128672195936
            },
            {
                "content1_para": "灾害区域侦察与评估\n执行时间\n：2023年8月15日 10:00 – 11:30\n执行地点\n：X市Y区A镇B村（坐标：34.1234°N, 108.5678°E）\n执行者\n：\nUAV-01\n：负责A镇受灾区域高空侦察\nUAV-02\n：负责B村受灾区域低空侦察\nUAV-03\n：备用无人机，负责支援侦察或紧急情况下的替代任务\n任务优先级\n：紧急（快速获取受灾情况，为救援行动提供依据）\n操作步骤\n：\n侦察准备\n（2023年8月15日 10:00）\nUAV-01\n完成电池充电和系统自检，确认所有传感器功能正常。\nUAV-02\n完成电池充电和系统自检，确认所有传感器功能正常。\nUAV-03\n待命，准备随时接替UAV-01或UAV-02的任务。\n起飞与侦察\n（2023年8月15日 10:05）\nUAV-01起飞，飞行高度800米，以每分钟100米的速度进行高空侦察，重点区域为A镇受灾区域，记录建筑物损毁情况、道路畅通情况及人员聚集点。\nUAV-02起飞，飞行高度200米，以每分钟50米的速度进行低空侦察，重点区域为B村受灾区域，记录房屋受损情况、人员疏散情况及紧急避难所位置。\n数据回传与分析\n（2023年8月15日 10",
                "content1_msg": "无人机名字或代号：UAV-01、UAV-02、UAV-03  \n时间：2023年8月15日 10:00 – 11:30、2023年8月15日 10:00、2023年8月15日 10:05  \n地点：X市Y区A镇B村（坐标：34.1234°N, 108.5678°E）  \n任务优先级重要性：紧急  \n任务描述信息：  \n- UAV-01负责A镇受灾区域高空侦察，飞行高度800米，以每分钟100米的速度进行高空侦察，重点区域为A镇受灾区域，记录建筑物损毁情况、道路畅通情况及人员聚集点。  \n- UAV-02负责B村受灾区域低空侦察，飞行高度200米，以每分钟50米的速度进行低空侦察，重点区域为B村受灾区域，记录房屋受损情况、人员疏散情况及紧急避难所位置。  \n- UAV-03为备用无人机，负责支援侦察或紧急情况下的替代任务，待命准备随时接替UAV-01或UAV-02的任务。",
                "similarity": 0.7330925833175541
            }
        ]
    },
    {
        "content2_para": "**支援与替代**\n时间：2023年8月15日 10:45\n地点：X市Y区B村\n任务优先级：紧急\n具体任务：根据侦察结果，若任务超负荷，接替UAV-01或UAV-02。",
        "matches": [
            {
                "content1_para": "及紧急避难所位置。\n数据回传与分析\n（2023年8月15日 10:30）\nUAV-01和UAV-02分别将侦察数据实时传输至地面控制站，地面控制站对数据进行初步分析，评估受灾严重程度和救援需求。\n支援与替代\n（2023年8月15日 10:45）\n地面控制站根据侦察结果，若发现UAV-01或UAV-02任务超负荷，指令UAV-03进行支援或替代。\n\n————————————————————————————————————————————————————————————————————————————————-",
                "content1_msg": "无人机名字或代号：UAV-01、UAV-02、UAV-03  \n时间：2023年8月15日 10:30、2023年8月15日 10:45  \n地点：未提及  \n任务优先级重要性：未提及  \n任务描述信息：侦察数据实时传输至地面控制站，地面控制站对数据进行初步分析，评估受灾严重程度和救援需求；若发现UAV-01或UAV-02任务超负荷，指令UAV-03进行支援或替代。",
                "similarity": 0.75452222932896
            },
            {
                "content1_para": "灾害区域侦察与评估\n执行时间\n：2023年8月15日 10:00 – 11:30\n执行地点\n：X市Y区A镇B村（坐标：34.1234°N, 108.5678°E）\n执行者\n：\nUAV-01\n：负责A镇受灾区域高空侦察\nUAV-02\n：负责B村受灾区域低空侦察\nUAV-03\n：备用无人机，负责支援侦察或紧急情况下的替代任务\n任务优先级\n：紧急（快速获取受灾情况，为救援行动提供依据）\n操作步骤\n：\n侦察准备\n（2023年8月15日 10:00）\nUAV-01\n完成电池充电和系统自检，确认所有传感器功能正常。\nUAV-02\n完成电池充电和系统自检，确认所有传感器功能正常。\nUAV-03\n待命，准备随时接替UAV-01或UAV-02的任务。\n起飞与侦察\n（2023年8月15日 10:05）\nUAV-01起飞，飞行高度800米，以每分钟100米的速度进行高空侦察，重点区域为A镇受灾区域，记录建筑物损毁情况、道路畅通情况及人员聚集点。\nUAV-02起飞，飞行高度200米，以每分钟50米的速度进行低空侦察，重点区域为B村受灾区域，记录房屋受损情况、人员疏散情况及紧急避难所位置。\n数据回传与分析\n（2023年8月15日 10",
                "content1_msg": "无人机名字或代号：UAV-01、UAV-02、UAV-03  \n时间：2023年8月15日 10:00 – 11:30、2023年8月15日 10:00、2023年8月15日 10:05  \n地点：X市Y区A镇B村（坐标：34.1234°N, 108.5678°E）  \n任务优先级重要性：紧急  \n任务描述信息：  \n- UAV-01负责A镇受灾区域高空侦察，飞行高度800米，以每分钟100米的速度进行高空侦察，重点区域为A镇受灾区域，记录建筑物损毁情况、道路畅通情况及人员聚集点。  \n- UAV-02负责B村受灾区域低空侦察，飞行高度200米，以每分钟50米的速度进行低空侦察，重点区域为B村受灾区域，记录房屋受损情况、人员疏散情况及紧急避难所位置。  \n- UAV-03为备用无人机，负责支援侦察或紧急情况下的替代任务，待命准备随时接替UAV-01或UAV-02的任务。",
                "similarity": 0.735942576989641
            }
        ]
    },
    {
        "content2_para": "**待命**\n时间：2023年8月15日 10:00 – 11:30\n地点：X市Y区A镇B村\n任务优先级：紧急\n具体任务：待命，准备随时接替UAV-01或UAV-02的任务。",
        "matches": [
            {
                "content1_para": "灾害区域侦察与评估\n执行时间\n：2023年8月15日 10:00 – 11:30\n执行地点\n：X市Y区A镇B村（坐标：34.1234°N, 108.5678°E）\n执行者\n：\nUAV-01\n：负责A镇受灾区域高空侦察\nUAV-02\n：负责B村受灾区域低空侦察\nUAV-03\n：备用无人机，负责支援侦察或紧急情况下的替代任务\n任务优先级\n：紧急（快速获取受灾情况，为救援行动提供依据）\n操作步骤\n：\n侦察准备\n（2023年8月15日 10:00）\nUAV-01\n完成电池充电和系统自检，确认所有传感器功能正常。\nUAV-02\n完成电池充电和系统自检，确认所有传感器功能正常。\nUAV-03\n待命，准备随时接替UAV-01或UAV-02的任务。\n起飞与侦察\n（2023年8月15日 10:05）\nUAV-01起飞，飞行高度800米，以每分钟100米的速度进行高空侦察，重点区域为A镇受灾区域，记录建筑物损毁情况、道路畅通情况及人员聚集点。\nUAV-02起飞，飞行高度200米，以每分钟50米的速度进行低空侦察，重点区域为B村受灾区域，记录房屋受损情况、人员疏散情况及紧急避难所位置。\n数据回传与分析\n（2023年8月15日 10",
                "content1_msg": "无人机名字或代号：UAV-01、UAV-02、UAV-03  \n时间：2023年8月15日 10:00 – 11:30、2023年8月15日 10:00、2023年8月15日 10:05  \n地点：X市Y区A镇B村（坐标：34.1234°N, 108.5678°E）  \n任务优先级重要性：紧急  \n任务描述信息：  \n- UAV-01负责A镇受灾区域高空侦察，飞行高度800米，以每分钟100米的速度进行高空侦察，重点区域为A镇受灾区域，记录建筑物损毁情况、道路畅通情况及人员聚集点。  \n- UAV-02负责B村受灾区域低空侦察，飞行高度200米，以每分钟50米的速度进行低空侦察，重点区域为B村受灾区域，记录房屋受损情况、人员疏散情况及紧急避难所位置。  \n- UAV-03为备用无人机，负责支援侦察或紧急情况下的替代任务，待命准备随时接替UAV-01或UAV-02的任务。",
                "similarity": 0.7305896525557742
            },
            {
                "content1_para": "紧急物资投送\n执行时间\n：2023年8月15日 11:45 – 12:45\n执行地点\n：X市Y区A镇C村（坐标：34.1234°N, 108.5678°E）\n执行者\n：\nUAV-01\n：负责高空侦察，确认投送路径\nUAV-02\n：负责低空物资投放\nUAV-03\n：备用无人机，负责支援物资投放或紧急情况下的替代任务\n任务优先级\n：紧急（确保受灾群众得到及时救援）\n操作步骤\n：\n物资准备\n（2023年8月15日 11:45）\nUAV-01和UAV-02检查物资清单，确认物资完好，并装载到无人机上。\nUAV-03待命，准备随时接替UAV-01或UAV-02的任务。\n侦察与确认\n（2023年8月15日 11:50）\nUAV-01起飞，飞行高度500米，以每分钟50米的速度进行侦察，确认投送路径和物资需求。\n低空物资投放\n（2023年8月15日 12:00）\nUAV-02起飞，飞行高度100米，以每分钟30米的速度进行低空物资投放，确保物资准确投放到受灾区域。\n数据回传与分析\n（2023年8月15日 12:15）\nUAV-02将投放结果数据实时传输至地面控制站，地面控制站对数据进行分析，评估物资投放效果。\n支援与替代\n",
                "content1_msg": "无人机名字或代号：UAV-01、UAV-02、UAV-03  \n时间：2023年8月15日 11:45 – 12:45、2023年8月15日 11:45、2023年8月15日 11:50、2023年8月15日 12:00、2023年8月15日 12:15  \n地点：X市Y区A镇C村（坐标：34.1234°N, 108.5678°E）  \n任务优先级重要性：紧急（确保受灾群众得到及时救援）  \n任务描述信息：  \n- UAV-01负责高空侦察，确认投送路径；起飞，飞行高度500米，以每分钟50米的速度进行侦察，确认投送路径和物资需求。  \n- UAV-02负责低空物资投放；起飞，飞行高度100米，以每分钟30米的速度进行低空物资投放，确保物资准确投放到受灾区域。  \n- UAV-03备用无人机，负责支援物资投放或紧急情况下的替代任务；待命，准备随时接替UAV-01或UAV-02的任务。  \n- UAV-02将投放结果数据实时传输至地面控制站，地面控制站对数据进行分析，评估物资投放效果。",
                "similarity": 0.6869495276153071
            }
        ]
    },
    {
        "content2_para": "**物资准备**\n时间：2023年8月15日 11:45\n地点：X市Y区A镇C村\n任务优先级：紧急\n具体任务：检查物资清单，确认物资完好，并装载到无人机上。",
        "matches": [
            {
                "content1_para": "紧急物资投送\n执行时间\n：2023年8月15日 11:45 – 12:45\n执行地点\n：X市Y区A镇C村（坐标：34.1234°N, 108.5678°E）\n执行者\n：\nUAV-01\n：负责高空侦察，确认投送路径\nUAV-02\n：负责低空物资投放\nUAV-03\n：备用无人机，负责支援物资投放或紧急情况下的替代任务\n任务优先级\n：紧急（确保受灾群众得到及时救援）\n操作步骤\n：\n物资准备\n（2023年8月15日 11:45）\nUAV-01和UAV-02检查物资清单，确认物资完好，并装载到无人机上。\nUAV-03待命，准备随时接替UAV-01或UAV-02的任务。\n侦察与确认\n（2023年8月15日 11:50）\nUAV-01起飞，飞行高度500米，以每分钟50米的速度进行侦察，确认投送路径和物资需求。\n低空物资投放\n（2023年8月15日 12:00）\nUAV-02起飞，飞行高度100米，以每分钟30米的速度进行低空物资投放，确保物资准确投放到受灾区域。\n数据回传与分析\n（2023年8月15日 12:15）\nUAV-02将投放结果数据实时传输至地面控制站，地面控制站对数据进行分析，评估物资投放效果。\n支援与替代\n",
                "content1_msg": "无人机名字或代号：UAV-01、UAV-02、UAV-03  \n时间：2023年8月15日 11:45 – 12:45、2023年8月15日 11:45、2023年8月15日 11:50、2023年8月15日 12:00、2023年8月15日 12:15  \n地点：X市Y区A镇C村（坐标：34.1234°N, 108.5678°E）  \n任务优先级重要性：紧急（确保受灾群众得到及时救援）  \n任务描述信息：  \n- UAV-01负责高空侦察，确认投送路径；起飞，飞行高度500米，以每分钟50米的速度进行侦察，确认投送路径和物资需求。  \n- UAV-02负责低空物资投放；起飞，飞行高度100米，以每分钟30米的速度进行低空物资投放，确保物资准确投放到受灾区域。  \n- UAV-03备用无人机，负责支援物资投放或紧急情况下的替代任务；待命，准备随时接替UAV-01或UAV-02的任务。  \n- UAV-02将投放结果数据实时传输至地面控制站，地面控制站对数据进行分析，评估物资投放效果。",
                "similarity": 0.7545322229713493
            },
            {
                "content1_para": "灾害区域侦察与评估\n执行时间\n：2023年8月15日 10:00 – 11:30\n执行地点\n：X市Y区A镇B村（坐标：34.1234°N, 108.5678°E）\n执行者\n：\nUAV-01\n：负责A镇受灾区域高空侦察\nUAV-02\n：负责B村受灾区域低空侦察\nUAV-03\n：备用无人机，负责支援侦察或紧急情况下的替代任务\n任务优先级\n：紧急（快速获取受灾情况，为救援行动提供依据）\n操作步骤\n：\n侦察准备\n（2023年8月15日 10:00）\nUAV-01\n完成电池充电和系统自检，确认所有传感器功能正常。\nUAV-02\n完成电池充电和系统自检，确认所有传感器功能正常。\nUAV-03\n待命，准备随时接替UAV-01或UAV-02的任务。\n起飞与侦察\n（2023年8月15日 10:05）\nUAV-01起飞，飞行高度800米，以每分钟100米的速度进行高空侦察，重点区域为A镇受灾区域，记录建筑物损毁情况、道路畅通情况及人员聚集点。\nUAV-02起飞，飞行高度200米，以每分钟50米的速度进行低空侦察，重点区域为B村受灾区域，记录房屋受损情况、人员疏散情况及紧急避难所位置。\n数据回传与分析\n（2023年8月15日 10",
                "content1_msg": "无人机名字或代号：UAV-01、UAV-02、UAV-03  \n时间：2023年8月15日 10:00 – 11:30、2023年8月15日 10:00、2023年8月15日 10:05  \n地点：X市Y区A镇B村（坐标：34.1234°N, 108.5678°E）  \n任务优先级重要性：紧急  \n任务描述信息：  \n- UAV-01负责A镇受灾区域高空侦察，飞行高度800米，以每分钟100米的速度进行高空侦察，重点区域为A镇受灾区域，记录建筑物损毁情况、道路畅通情况及人员聚集点。  \n- UAV-02负责B村受灾区域低空侦察，飞行高度200米，以每分钟50米的速度进行低空侦察，重点区域为B村受灾区域，记录房屋受损情况、人员疏散情况及紧急避难所位置。  \n- UAV-03为备用无人机，负责支援侦察或紧急情况下的替代任务，待命准备随时接替UAV-01或UAV-02的任务。",
                "similarity": 0.6481786610154506
            }
        ]
    },
    {
        "content2_para": "**侦察与确认**\n时间：2023年8月15日 11:50\n地点：X市Y区A镇C村\n任务优先级：紧急\n具体任务：起飞，飞行高度500米，侦察确认投送路径。",
        "matches": [
            {
                "content1_para": "紧急物资投送\n执行时间\n：2023年8月15日 11:45 – 12:45\n执行地点\n：X市Y区A镇C村（坐标：34.1234°N, 108.5678°E）\n执行者\n：\nUAV-01\n：负责高空侦察，确认投送路径\nUAV-02\n：负责低空物资投放\nUAV-03\n：备用无人机，负责支援物资投放或紧急情况下的替代任务\n任务优先级\n：紧急（确保受灾群众得到及时救援）\n操作步骤\n：\n物资准备\n（2023年8月15日 11:45）\nUAV-01和UAV-02检查物资清单，确认物资完好，并装载到无人机上。\nUAV-03待命，准备随时接替UAV-01或UAV-02的任务。\n侦察与确认\n（2023年8月15日 11:50）\nUAV-01起飞，飞行高度500米，以每分钟50米的速度进行侦察，确认投送路径和物资需求。\n低空物资投放\n（2023年8月15日 12:00）\nUAV-02起飞，飞行高度100米，以每分钟30米的速度进行低空物资投放，确保物资准确投放到受灾区域。\n数据回传与分析\n（2023年8月15日 12:15）\nUAV-02将投放结果数据实时传输至地面控制站，地面控制站对数据进行分析，评估物资投放效果。\n支援与替代\n",
                "content1_msg": "无人机名字或代号：UAV-01、UAV-02、UAV-03  \n时间：2023年8月15日 11:45 – 12:45、2023年8月15日 11:45、2023年8月15日 11:50、2023年8月15日 12:00、2023年8月15日 12:15  \n地点：X市Y区A镇C村（坐标：34.1234°N, 108.5678°E）  \n任务优先级重要性：紧急（确保受灾群众得到及时救援）  \n任务描述信息：  \n- UAV-01负责高空侦察，确认投送路径；起飞，飞行高度500米，以每分钟50米的速度进行侦察，确认投送路径和物资需求。  \n- UAV-02负责低空物资投放；起飞，飞行高度100米，以每分钟30米的速度进行低空物资投放，确保物资准确投放到受灾区域。  \n- UAV-03备用无人机，负责支援物资投放或紧急情况下的替代任务；待命，准备随时接替UAV-01或UAV-02的任务。  \n- UAV-02将投放结果数据实时传输至地面控制站，地面控制站对数据进行分析，评估物资投放效果。",
                "similarity": 0.7371218753723099
            },
            {
                "content1_para": "灾害区域侦察与评估\n执行时间\n：2023年8月15日 10:00 – 11:30\n执行地点\n：X市Y区A镇B村（坐标：34.1234°N, 108.5678°E）\n执行者\n：\nUAV-01\n：负责A镇受灾区域高空侦察\nUAV-02\n：负责B村受灾区域低空侦察\nUAV-03\n：备用无人机，负责支援侦察或紧急情况下的替代任务\n任务优先级\n：紧急（快速获取受灾情况，为救援行动提供依据）\n操作步骤\n：\n侦察准备\n（2023年8月15日 10:00）\nUAV-01\n完成电池充电和系统自检，确认所有传感器功能正常。\nUAV-02\n完成电池充电和系统自检，确认所有传感器功能正常。\nUAV-03\n待命，准备随时接替UAV-01或UAV-02的任务。\n起飞与侦察\n（2023年8月15日 10:05）\nUAV-01起飞，飞行高度800米，以每分钟100米的速度进行高空侦察，重点区域为A镇受灾区域，记录建筑物损毁情况、道路畅通情况及人员聚集点。\nUAV-02起飞，飞行高度200米，以每分钟50米的速度进行低空侦察，重点区域为B村受灾区域，记录房屋受损情况、人员疏散情况及紧急避难所位置。\n数据回传与分析\n（2023年8月15日 10",
                "content1_msg": "无人机名字或代号：UAV-01、UAV-02、UAV-03  \n时间：2023年8月15日 10:00 – 11:30、2023年8月15日 10:00、2023年8月15日 10:05  \n地点：X市Y区A镇B村（坐标：34.1234°N, 108.5678°E）  \n任务优先级重要性：紧急  \n任务描述信息：  \n- UAV-01负责A镇受灾区域高空侦察，飞行高度800米，以每分钟100米的速度进行高空侦察，重点区域为A镇受灾区域，记录建筑物损毁情况、道路畅通情况及人员聚集点。  \n- UAV-02负责B村受灾区域低空侦察，飞行高度200米，以每分钟50米的速度进行低空侦察，重点区域为B村受灾区域，记录房屋受损情况、人员疏散情况及紧急避难所位置。  \n- UAV-03为备用无人机，负责支援侦察或紧急情况下的替代任务，待命准备随时接替UAV-01或UAV-02的任务。",
                "similarity": 0.665463052235221
            }
        ]
    },
    {
        "content2_para": "**数据回传与分析**\n时间：2023年8月15日 12:15\n地点：X市Y区A镇C村\n任务优先级：紧急\n具体任务：将投放结果数据实时传输至地面控制站。",
        "matches": [
            {
                "content1_para": "紧急物资投送\n执行时间\n：2023年8月15日 11:45 – 12:45\n执行地点\n：X市Y区A镇C村（坐标：34.1234°N, 108.5678°E）\n执行者\n：\nUAV-01\n：负责高空侦察，确认投送路径\nUAV-02\n：负责低空物资投放\nUAV-03\n：备用无人机，负责支援物资投放或紧急情况下的替代任务\n任务优先级\n：紧急（确保受灾群众得到及时救援）\n操作步骤\n：\n物资准备\n（2023年8月15日 11:45）\nUAV-01和UAV-02检查物资清单，确认物资完好，并装载到无人机上。\nUAV-03待命，准备随时接替UAV-01或UAV-02的任务。\n侦察与确认\n（2023年8月15日 11:50）\nUAV-01起飞，飞行高度500米，以每分钟50米的速度进行侦察，确认投送路径和物资需求。\n低空物资投放\n（2023年8月15日 12:00）\nUAV-02起飞，飞行高度100米，以每分钟30米的速度进行低空物资投放，确保物资准确投放到受灾区域。\n数据回传与分析\n（2023年8月15日 12:15）\nUAV-02将投放结果数据实时传输至地面控制站，地面控制站对数据进行分析，评估物资投放效果。\n支援与替代\n",
                "content1_msg": "无人机名字或代号：UAV-01、UAV-02、UAV-03  \n时间：2023年8月15日 11:45 – 12:45、2023年8月15日 11:45、2023年8月15日 11:50、2023年8月15日 12:00、2023年8月15日 12:15  \n地点：X市Y区A镇C村（坐标：34.1234°N, 108.5678°E）  \n任务优先级重要性：紧急（确保受灾群众得到及时救援）  \n任务描述信息：  \n- UAV-01负责高空侦察，确认投送路径；起飞，飞行高度500米，以每分钟50米的速度进行侦察，确认投送路径和物资需求。  \n- UAV-02负责低空物资投放；起飞，飞行高度100米，以每分钟30米的速度进行低空物资投放，确保物资准确投放到受灾区域。  \n- UAV-03备用无人机，负责支援物资投放或紧急情况下的替代任务；待命，准备随时接替UAV-01或UAV-02的任务。  \n- UAV-02将投放结果数据实时传输至地面控制站，地面控制站对数据进行分析，评估物资投放效果。",
                "similarity": 0.7299541845328806
            },
            {
                "content1_para": "及紧急避难所位置。\n数据回传与分析\n（2023年8月15日 10:30）\nUAV-01和UAV-02分别将侦察数据实时传输至地面控制站，地面控制站对数据进行初步分析，评估受灾严重程度和救援需求。\n支援与替代\n（2023年8月15日 10:45）\n地面控制站根据侦察结果，若发现UAV-01或UAV-02任务超负荷，指令UAV-03进行支援或替代。\n\n————————————————————————————————————————————————————————————————————————————————-",
                "content1_msg": "无人机名字或代号：UAV-01、UAV-02、UAV-03  \n时间：2023年8月15日 10:30、2023年8月15日 10:45  \n地点：未提及  \n任务优先级重要性：未提及  \n任务描述信息：侦察数据实时传输至地面控制站，地面控制站对数据进行初步分析，评估受灾严重程度和救援需求；若发现UAV-01或UAV-02任务超负荷，指令UAV-03进行支援或替代。",
                "similarity": 0.6669999378030844
            }
        ]
    },
    {
        "content2_para": "**支援与替代**\n时间：2023年8月15日 12:30\n地点：X市Y区A镇C村\n任务优先级：紧急\n具体任务：根据物资投放结果，若任务超负荷，接替UAV-01或UAV-02。",
        "matches": [
            {
                "content1_para": "紧急物资投送\n执行时间\n：2023年8月15日 11:45 – 12:45\n执行地点\n：X市Y区A镇C村（坐标：34.1234°N, 108.5678°E）\n执行者\n：\nUAV-01\n：负责高空侦察，确认投送路径\nUAV-02\n：负责低空物资投放\nUAV-03\n：备用无人机，负责支援物资投放或紧急情况下的替代任务\n任务优先级\n：紧急（确保受灾群众得到及时救援）\n操作步骤\n：\n物资准备\n（2023年8月15日 11:45）\nUAV-01和UAV-02检查物资清单，确认物资完好，并装载到无人机上。\nUAV-03待命，准备随时接替UAV-01或UAV-02的任务。\n侦察与确认\n（2023年8月15日 11:50）\nUAV-01起飞，飞行高度500米，以每分钟50米的速度进行侦察，确认投送路径和物资需求。\n低空物资投放\n（2023年8月15日 12:00）\nUAV-02起飞，飞行高度100米，以每分钟30米的速度进行低空物资投放，确保物资准确投放到受灾区域。\n数据回传与分析\n（2023年8月15日 12:15）\nUAV-02将投放结果数据实时传输至地面控制站，地面控制站对数据进行分析，评估物资投放效果。\n支援与替代\n",
                "content1_msg": "无人机名字或代号：UAV-01、UAV-02、UAV-03  \n时间：2023年8月15日 11:45 – 12:45、2023年8月15日 11:45、2023年8月15日 11:50、2023年8月15日 12:00、2023年8月15日 12:15  \n地点：X市Y区A镇C村（坐标：34.1234°N, 108.5678°E）  \n任务优先级重要性：紧急（确保受灾群众得到及时救援）  \n任务描述信息：  \n- UAV-01负责高空侦察，确认投送路径；起飞，飞行高度500米，以每分钟50米的速度进行侦察，确认投送路径和物资需求。  \n- UAV-02负责低空物资投放；起飞，飞行高度100米，以每分钟30米的速度进行低空物资投放，确保物资准确投放到受灾区域。  \n- UAV-03备用无人机，负责支援物资投放或紧急情况下的替代任务；待命，准备随时接替UAV-01或UAV-02的任务。  \n- UAV-02将投放结果数据实时传输至地面控制站，地面控制站对数据进行分析，评估物资投放效果。",
                "similarity": 0.7401867873125589
            },
            {
                "content1_para": "制站，地面控制站对数据进行分析，评估物资投放效果。\n支援与替代\n（2023年8月15日 12:30）\n地面控制站根据物资投放结果，若发现UAV-01或UAV-02任务超负荷，指令UAV-03进行支援或替代。",
                "content1_msg": "无人机名字或代号：UAV-01、UAV-02、UAV-03  \n时间：2023年8月15日 12:30  \n地点：未提及  \n任务优先级重要性：未提及  \n任务描述信息：若发现UAV-01或UAV-02任务超负荷，指令UAV-03进行支援或替代。",
                "similarity": 0.71685436084341
            }
        ]
    },
    {
        "content2_para": "**物资准备**\n时间：2023年8月15日 11:45\n地点：X市Y区A镇C村\n任务优先级：紧急\n具体任务：检查物资清单，确认物资完好，并装载到无人机上。",
        "matches": [
            {
                "content1_para": "紧急物资投送\n执行时间\n：2023年8月15日 11:45 – 12:45\n执行地点\n：X市Y区A镇C村（坐标：34.1234°N, 108.5678°E）\n执行者\n：\nUAV-01\n：负责高空侦察，确认投送路径\nUAV-02\n：负责低空物资投放\nUAV-03\n：备用无人机，负责支援物资投放或紧急情况下的替代任务\n任务优先级\n：紧急（确保受灾群众得到及时救援）\n操作步骤\n：\n物资准备\n（2023年8月15日 11:45）\nUAV-01和UAV-02检查物资清单，确认物资完好，并装载到无人机上。\nUAV-03待命，准备随时接替UAV-01或UAV-02的任务。\n侦察与确认\n（2023年8月15日 11:50）\nUAV-01起飞，飞行高度500米，以每分钟50米的速度进行侦察，确认投送路径和物资需求。\n低空物资投放\n（2023年8月15日 12:00）\nUAV-02起飞，飞行高度100米，以每分钟30米的速度进行低空物资投放，确保物资准确投放到受灾区域。\n数据回传与分析\n（2023年8月15日 12:15）\nUAV-02将投放结果数据实时传输至地面控制站，地面控制站对数据进行分析，评估物资投放效果。\n支援与替代\n",
                "content1_msg": "无人机名字或代号：UAV-01、UAV-02、UAV-03  \n时间：2023年8月15日 11:45 – 12:45、2023年8月15日 11:45、2023年8月15日 11:50、2023年8月15日 12:00、2023年8月15日 12:15  \n地点：X市Y区A镇C村（坐标：34.1234°N, 108.5678°E）  \n任务优先级重要性：紧急（确保受灾群众得到及时救援）  \n任务描述信息：  \n- UAV-01负责高空侦察，确认投送路径；起飞，飞行高度500米，以每分钟50米的速度进行侦察，确认投送路径和物资需求。  \n- UAV-02负责低空物资投放；起飞，飞行高度100米，以每分钟30米的速度进行低空物资投放，确保物资准确投放到受灾区域。  \n- UAV-03备用无人机，负责支援物资投放或紧急情况下的替代任务；待命，准备随时接替UAV-01或UAV-02的任务。  \n- UAV-02将投放结果数据实时传输至地面控制站，地面控制站对数据进行分析，评估物资投放效果。",
                "similarity": 0.7545322229713493
            },
            {
                "content1_para": "灾害区域侦察与评估\n执行时间\n：2023年8月15日 10:00 – 11:30\n执行地点\n：X市Y区A镇B村（坐标：34.1234°N, 108.5678°E）\n执行者\n：\nUAV-01\n：负责A镇受灾区域高空侦察\nUAV-02\n：负责B村受灾区域低空侦察\nUAV-03\n：备用无人机，负责支援侦察或紧急情况下的替代任务\n任务优先级\n：紧急（快速获取受灾情况，为救援行动提供依据）\n操作步骤\n：\n侦察准备\n（2023年8月15日 10:00）\nUAV-01\n完成电池充电和系统自检，确认所有传感器功能正常。\nUAV-02\n完成电池充电和系统自检，确认所有传感器功能正常。\nUAV-03\n待命，准备随时接替UAV-01或UAV-02的任务。\n起飞与侦察\n（2023年8月15日 10:05）\nUAV-01起飞，飞行高度800米，以每分钟100米的速度进行高空侦察，重点区域为A镇受灾区域，记录建筑物损毁情况、道路畅通情况及人员聚集点。\nUAV-02起飞，飞行高度200米，以每分钟50米的速度进行低空侦察，重点区域为B村受灾区域，记录房屋受损情况、人员疏散情况及紧急避难所位置。\n数据回传与分析\n（2023年8月15日 10",
                "content1_msg": "无人机名字或代号：UAV-01、UAV-02、UAV-03  \n时间：2023年8月15日 10:00 – 11:30、2023年8月15日 10:00、2023年8月15日 10:05  \n地点：X市Y区A镇B村（坐标：34.1234°N, 108.5678°E）  \n任务优先级重要性：紧急  \n任务描述信息：  \n- UAV-01负责A镇受灾区域高空侦察，飞行高度800米，以每分钟100米的速度进行高空侦察，重点区域为A镇受灾区域，记录建筑物损毁情况、道路畅通情况及人员聚集点。  \n- UAV-02负责B村受灾区域低空侦察，飞行高度200米，以每分钟50米的速度进行低空侦察，重点区域为B村受灾区域，记录房屋受损情况、人员疏散情况及紧急避难所位置。  \n- UAV-03为备用无人机，负责支援侦察或紧急情况下的替代任务，待命准备随时接替UAV-01或UAV-02的任务。",
                "similarity": 0.6481786610154506
            }
        ]
    },
    {
        "content2_para": "**低空物资投放**\n时间：2023年8月15日 12:00\n地点：X市Y区A镇C村\n任务优先级：紧急\n具体任务：起飞，飞行高度100米，低空物资投放。",
        "matches": [
            {
                "content1_para": "紧急物资投送\n执行时间\n：2023年8月15日 11:45 – 12:45\n执行地点\n：X市Y区A镇C村（坐标：34.1234°N, 108.5678°E）\n执行者\n：\nUAV-01\n：负责高空侦察，确认投送路径\nUAV-02\n：负责低空物资投放\nUAV-03\n：备用无人机，负责支援物资投放或紧急情况下的替代任务\n任务优先级\n：紧急（确保受灾群众得到及时救援）\n操作步骤\n：\n物资准备\n（2023年8月15日 11:45）\nUAV-01和UAV-02检查物资清单，确认物资完好，并装载到无人机上。\nUAV-03待命，准备随时接替UAV-01或UAV-02的任务。\n侦察与确认\n（2023年8月15日 11:50）\nUAV-01起飞，飞行高度500米，以每分钟50米的速度进行侦察，确认投送路径和物资需求。\n低空物资投放\n（2023年8月15日 12:00）\nUAV-02起飞，飞行高度100米，以每分钟30米的速度进行低空物资投放，确保物资准确投放到受灾区域。\n数据回传与分析\n（2023年8月15日 12:15）\nUAV-02将投放结果数据实时传输至地面控制站，地面控制站对数据进行分析，评估物资投放效果。\n支援与替代\n",
                "content1_msg": "无人机名字或代号：UAV-01、UAV-02、UAV-03  \n时间：2023年8月15日 11:45 – 12:45、2023年8月15日 11:45、2023年8月15日 11:50、2023年8月15日 12:00、2023年8月15日 12:15  \n地点：X市Y区A镇C村（坐标：34.1234°N, 108.5678°E）  \n任务优先级重要性：紧急（确保受灾群众得到及时救援）  \n任务描述信息：  \n- UAV-01负责高空侦察，确认投送路径；起飞，飞行高度500米，以每分钟50米的速度进行侦察，确认投送路径和物资需求。  \n- UAV-02负责低空物资投放；起飞，飞行高度100米，以每分钟30米的速度进行低空物资投放，确保物资准确投放到受灾区域。  \n- UAV-03备用无人机，负责支援物资投放或紧急情况下的替代任务；待命，准备随时接替UAV-01或UAV-02的任务。  \n- UAV-02将投放结果数据实时传输至地面控制站，地面控制站对数据进行分析，评估物资投放效果。",
                "similarity": 0.7103708388763972
            },
            {
                "content1_para": "灾害区域侦察与评估\n执行时间\n：2023年8月15日 10:00 – 11:30\n执行地点\n：X市Y区A镇B村（坐标：34.1234°N, 108.5678°E）\n执行者\n：\nUAV-01\n：负责A镇受灾区域高空侦察\nUAV-02\n：负责B村受灾区域低空侦察\nUAV-03\n：备用无人机，负责支援侦察或紧急情况下的替代任务\n任务优先级\n：紧急（快速获取受灾情况，为救援行动提供依据）\n操作步骤\n：\n侦察准备\n（2023年8月15日 10:00）\nUAV-01\n完成电池充电和系统自检，确认所有传感器功能正常。\nUAV-02\n完成电池充电和系统自检，确认所有传感器功能正常。\nUAV-03\n待命，准备随时接替UAV-01或UAV-02的任务。\n起飞与侦察\n（2023年8月15日 10:05）\nUAV-01起飞，飞行高度800米，以每分钟100米的速度进行高空侦察，重点区域为A镇受灾区域，记录建筑物损毁情况、道路畅通情况及人员聚集点。\nUAV-02起飞，飞行高度200米，以每分钟50米的速度进行低空侦察，重点区域为B村受灾区域，记录房屋受损情况、人员疏散情况及紧急避难所位置。\n数据回传与分析\n（2023年8月15日 10",
                "content1_msg": "无人机名字或代号：UAV-01、UAV-02、UAV-03  \n时间：2023年8月15日 10:00 – 11:30、2023年8月15日 10:00、2023年8月15日 10:05  \n地点：X市Y区A镇B村（坐标：34.1234°N, 108.5678°E）  \n任务优先级重要性：紧急  \n任务描述信息：  \n- UAV-01负责A镇受灾区域高空侦察，飞行高度800米，以每分钟100米的速度进行高空侦察，重点区域为A镇受灾区域，记录建筑物损毁情况、道路畅通情况及人员聚集点。  \n- UAV-02负责B村受灾区域低空侦察，飞行高度200米，以每分钟50米的速度进行低空侦察，重点区域为B村受灾区域，记录房屋受损情况、人员疏散情况及紧急避难所位置。  \n- UAV-03为备用无人机，负责支援侦察或紧急情况下的替代任务，待命准备随时接替UAV-01或UAV-02的任务。",
                "similarity": 0.6351091628701395
            }
        ]
    },
    {
        "content2_para": "**数据回传与分析**\n时间：2023年8月15日 12:15\n地点：X市Y区A镇C村\n任务优先级：紧急\n具体任务：将投放结果数据实时传输至地面控制站。",
        "matches": [
            {
                "content1_para": "紧急物资投送\n执行时间\n：2023年8月15日 11:45 – 12:45\n执行地点\n：X市Y区A镇C村（坐标：34.1234°N, 108.5678°E）\n执行者\n：\nUAV-01\n：负责高空侦察，确认投送路径\nUAV-02\n：负责低空物资投放\nUAV-03\n：备用无人机，负责支援物资投放或紧急情况下的替代任务\n任务优先级\n：紧急（确保受灾群众得到及时救援）\n操作步骤\n：\n物资准备\n（2023年8月15日 11:45）\nUAV-01和UAV-02检查物资清单，确认物资完好，并装载到无人机上。\nUAV-03待命，准备随时接替UAV-01或UAV-02的任务。\n侦察与确认\n（2023年8月15日 11:50）\nUAV-01起飞，飞行高度500米，以每分钟50米的速度进行侦察，确认投送路径和物资需求。\n低空物资投放\n（2023年8月15日 12:00）\nUAV-02起飞，飞行高度100米，以每分钟30米的速度进行低空物资投放，确保物资准确投放到受灾区域。\n数据回传与分析\n（2023年8月15日 12:15）\nUAV-02将投放结果数据实时传输至地面控制站，地面控制站对数据进行分析，评估物资投放效果。\n支援与替代\n",
                "content1_msg": "无人机名字或代号：UAV-01、UAV-02、UAV-03  \n时间：2023年8月15日 11:45 – 12:45、2023年8月15日 11:45、2023年8月15日 11:50、2023年8月15日 12:00、2023年8月15日 12:15  \n地点：X市Y区A镇C村（坐标：34.1234°N, 108.5678°E）  \n任务优先级重要性：紧急（确保受灾群众得到及时救援）  \n任务描述信息：  \n- UAV-01负责高空侦察，确认投送路径；起飞，飞行高度500米，以每分钟50米的速度进行侦察，确认投送路径和物资需求。  \n- UAV-02负责低空物资投放；起飞，飞行高度100米，以每分钟30米的速度进行低空物资投放，确保物资准确投放到受灾区域。  \n- UAV-03备用无人机，负责支援物资投放或紧急情况下的替代任务；待命，准备随时接替UAV-01或UAV-02的任务。  \n- UAV-02将投放结果数据实时传输至地面控制站，地面控制站对数据进行分析，评估物资投放效果。",
                "similarity": 0.7299541845328806
            },
            {
                "content1_para": "及紧急避难所位置。\n数据回传与分析\n（2023年8月15日 10:30）\nUAV-01和UAV-02分别将侦察数据实时传输至地面控制站，地面控制站对数据进行初步分析，评估受灾严重程度和救援需求。\n支援与替代\n（2023年8月15日 10:45）\n地面控制站根据侦察结果，若发现UAV-01或UAV-02任务超负荷，指令UAV-03进行支援或替代。\n\n————————————————————————————————————————————————————————————————————————————————-",
                "content1_msg": "无人机名字或代号：UAV-01、UAV-02、UAV-03  \n时间：2023年8月15日 10:30、2023年8月15日 10:45  \n地点：未提及  \n任务优先级重要性：未提及  \n任务描述信息：侦察数据实时传输至地面控制站，地面控制站对数据进行初步分析，评估受灾严重程度和救援需求；若发现UAV-01或UAV-02任务超负荷，指令UAV-03进行支援或替代。",
                "similarity": 0.6669999378030844
            }
        ]
    },
    {
        "content2_para": "**支援与替代**\n时间：2023年8月15日 12:30\n地点：X市Y区A镇C村\n任务优先级：紧急\n具体任务：根据物资投放结果，若任务超负荷，接替UAV-01或UAV-02。",
        "matches": [
            {
                "content1_para": "紧急物资投送\n执行时间\n：2023年8月15日 11:45 – 12:45\n执行地点\n：X市Y区A镇C村（坐标：34.1234°N, 108.5678°E）\n执行者\n：\nUAV-01\n：负责高空侦察，确认投送路径\nUAV-02\n：负责低空物资投放\nUAV-03\n：备用无人机，负责支援物资投放或紧急情况下的替代任务\n任务优先级\n：紧急（确保受灾群众得到及时救援）\n操作步骤\n：\n物资准备\n（2023年8月15日 11:45）\nUAV-01和UAV-02检查物资清单，确认物资完好，并装载到无人机上。\nUAV-03待命，准备随时接替UAV-01或UAV-02的任务。\n侦察与确认\n（2023年8月15日 11:50）\nUAV-01起飞，飞行高度500米，以每分钟50米的速度进行侦察，确认投送路径和物资需求。\n低空物资投放\n（2023年8月15日 12:00）\nUAV-02起飞，飞行高度100米，以每分钟30米的速度进行低空物资投放，确保物资准确投放到受灾区域。\n数据回传与分析\n（2023年8月15日 12:15）\nUAV-02将投放结果数据实时传输至地面控制站，地面控制站对数据进行分析，评估物资投放效果。\n支援与替代\n",
                "content1_msg": "无人机名字或代号：UAV-01、UAV-02、UAV-03  \n时间：2023年8月15日 11:45 – 12:45、2023年8月15日 11:45、2023年8月15日 11:50、2023年8月15日 12:00、2023年8月15日 12:15  \n地点：X市Y区A镇C村（坐标：34.1234°N, 108.5678°E）  \n任务优先级重要性：紧急（确保受灾群众得到及时救援）  \n任务描述信息：  \n- UAV-01负责高空侦察，确认投送路径；起飞，飞行高度500米，以每分钟50米的速度进行侦察，确认投送路径和物资需求。  \n- UAV-02负责低空物资投放；起飞，飞行高度100米，以每分钟30米的速度进行低空物资投放，确保物资准确投放到受灾区域。  \n- UAV-03备用无人机，负责支援物资投放或紧急情况下的替代任务；待命，准备随时接替UAV-01或UAV-02的任务。  \n- UAV-02将投放结果数据实时传输至地面控制站，地面控制站对数据进行分析，评估物资投放效果。",
                "similarity": 0.7401867873125589
            },
            {
                "content1_para": "制站，地面控制站对数据进行分析，评估物资投放效果。\n支援与替代\n（2023年8月15日 12:30）\n地面控制站根据物资投放结果，若发现UAV-01或UAV-02任务超负荷，指令UAV-03进行支援或替代。",
                "content1_msg": "无人机名字或代号：UAV-01、UAV-02、UAV-03  \n时间：2023年8月15日 12:30  \n地点：未提及  \n任务优先级重要性：未提及  \n任务描述信息：若发现UAV-01或UAV-02任务超负荷，指令UAV-03进行支援或替代。",
                "similarity": 0.71685436084341
            }
        ]
    },
    {
        "content2_para": "**待命**\n时间：2023年8月15日 11:45 – 12:45\n地点：X市Y区A镇C村\n任务优先级：紧急\n具体任务：待命，准备随时接替UAV-01或UAV-02的任务。",
        "matches": [
            {
                "content1_para": "紧急物资投送\n执行时间\n：2023年8月15日 11:45 – 12:45\n执行地点\n：X市Y区A镇C村（坐标：34.1234°N, 108.5678°E）\n执行者\n：\nUAV-01\n：负责高空侦察，确认投送路径\nUAV-02\n：负责低空物资投放\nUAV-03\n：备用无人机，负责支援物资投放或紧急情况下的替代任务\n任务优先级\n：紧急（确保受灾群众得到及时救援）\n操作步骤\n：\n物资准备\n（2023年8月15日 11:45）\nUAV-01和UAV-02检查物资清单，确认物资完好，并装载到无人机上。\nUAV-03待命，准备随时接替UAV-01或UAV-02的任务。\n侦察与确认\n（2023年8月15日 11:50）\nUAV-01起飞，飞行高度500米，以每分钟50米的速度进行侦察，确认投送路径和物资需求。\n低空物资投放\n（2023年8月15日 12:00）\nUAV-02起飞，飞行高度100米，以每分钟30米的速度进行低空物资投放，确保物资准确投放到受灾区域。\n数据回传与分析\n（2023年8月15日 12:15）\nUAV-02将投放结果数据实时传输至地面控制站，地面控制站对数据进行分析，评估物资投放效果。\n支援与替代\n",
                "content1_msg": "无人机名字或代号：UAV-01、UAV-02、UAV-03  \n时间：2023年8月15日 11:45 – 12:45、2023年8月15日 11:45、2023年8月15日 11:50、2023年8月15日 12:00、2023年8月15日 12:15  \n地点：X市Y区A镇C村（坐标：34.1234°N, 108.5678°E）  \n任务优先级重要性：紧急（确保受灾群众得到及时救援）  \n任务描述信息：  \n- UAV-01负责高空侦察，确认投送路径；起飞，飞行高度500米，以每分钟50米的速度进行侦察，确认投送路径和物资需求。  \n- UAV-02负责低空物资投放；起飞，飞行高度100米，以每分钟30米的速度进行低空物资投放，确保物资准确投放到受灾区域。  \n- UAV-03备用无人机，负责支援物资投放或紧急情况下的替代任务；待命，准备随时接替UAV-01或UAV-02的任务。  \n- UAV-02将投放结果数据实时传输至地面控制站，地面控制站对数据进行分析，评估物资投放效果。",
                "similarity": 0.7379477385386083
            },
            {
                "content1_para": "灾害区域侦察与评估\n执行时间\n：2023年8月15日 10:00 – 11:30\n执行地点\n：X市Y区A镇B村（坐标：34.1234°N, 108.5678°E）\n执行者\n：\nUAV-01\n：负责A镇受灾区域高空侦察\nUAV-02\n：负责B村受灾区域低空侦察\nUAV-03\n：备用无人机，负责支援侦察或紧急情况下的替代任务\n任务优先级\n：紧急（快速获取受灾情况，为救援行动提供依据）\n操作步骤\n：\n侦察准备\n（2023年8月15日 10:00）\nUAV-01\n完成电池充电和系统自检，确认所有传感器功能正常。\nUAV-02\n完成电池充电和系统自检，确认所有传感器功能正常。\nUAV-03\n待命，准备随时接替UAV-01或UAV-02的任务。\n起飞与侦察\n（2023年8月15日 10:05）\nUAV-01起飞，飞行高度800米，以每分钟100米的速度进行高空侦察，重点区域为A镇受灾区域，记录建筑物损毁情况、道路畅通情况及人员聚集点。\nUAV-02起飞，飞行高度200米，以每分钟50米的速度进行低空侦察，重点区域为B村受灾区域，记录房屋受损情况、人员疏散情况及紧急避难所位置。\n数据回传与分析\n（2023年8月15日 10",
                "content1_msg": "无人机名字或代号：UAV-01、UAV-02、UAV-03  \n时间：2023年8月15日 10:00 – 11:30、2023年8月15日 10:00、2023年8月15日 10:05  \n地点：X市Y区A镇B村（坐标：34.1234°N, 108.5678°E）  \n任务优先级重要性：紧急  \n任务描述信息：  \n- UAV-01负责A镇受灾区域高空侦察，飞行高度800米，以每分钟100米的速度进行高空侦察，重点区域为A镇受灾区域，记录建筑物损毁情况、道路畅通情况及人员聚集点。  \n- UAV-02负责B村受灾区域低空侦察，飞行高度200米，以每分钟50米的速度进行低空侦察，重点区域为B村受灾区域，记录房屋受损情况、人员疏散情况及紧急避难所位置。  \n- UAV-03为备用无人机，负责支援侦察或紧急情况下的替代任务，待命准备随时接替UAV-01或UAV-02的任务。",
                "similarity": 0.6748624376075965
            }
        ]
    }
]