[
    {
        "paragraph": "无人机快递配送任务\n\n执行时间\n：2023年8月10日 09:00 – 12:00\n执行地点\n：北京市朝阳区望京商业区（坐标：39.9925°N, 116.4383°E）\n执行者\n：无人机配送集群（UAV-01至UAV-10）\n\n任务优先级\n：高（确保快递准时送达，提高用户满意度）\n重要性\n：重要（提高配送效率，减轻地面交通压力）\n\n任务描述\n：无人机配送集群负责将快递从望京商业区中心仓库（坐标：39.9930°N, 116.4365°E）配送至望京商业区内的10个指定收货点。\n\n实现步骤\n1.1 无人机起飞与路径规划\n（09:00 – 09:10）\nUAV-01至UAV-10依次从仓库起飞，进入预定巡航高度（50m），开始执行路径规划任务。\n\n1.2 快递装载与确认\n（09:10 – 09:15）\n每台无人机在其起飞点装载快递，装载完毕后进行重量和体积确认。\n\n1.3 快递配送任务执行\n（09:15 – 09:55）\n- UAV-01：前往收货点A（坐标：39.9950°N, 116.4390°E），预计耗时10分钟。\n- UAV-02：前往收货点B（坐标：39.9945°N, 116.4375°E），预计",
        "key_message": "无人机名字或代号：UAV-01至UAV-10  \n时间：2023年8月10日 09:00 – 12:00、2023年8月10日 09:00 – 09:10、2023年8月10日 09:10 – 09:15、2023年8月10日 09:15 – 09:55  \n地点：北京市朝阳区望京商业区（坐标：39.9925°N, 116.4383°E）、望京商业区中心仓库（坐标：39.9930°N, 116.4365°E）、收货点A（坐标：39.9950°N, 116.4390°E）、收货点B（坐标：39.9945°N, 116.4375°E）  \n任务优先级重要性：高、重要  \n任务描述信息：无人机配送集群负责将快递从望京商业区中心仓库配送至望京商业区内的10个指定收货点。UAV-01至UAV-10依次从仓库起飞，进入预定巡航高度（50m），开始执行路径规划任务。每台无人机在其起飞点装载快递，装载完毕后进行重量和体积确认。UAV-01前往收货点A，预计耗时10分钟；UAV-02前往收货点B。"
    },
    {
        "paragraph": "货点B（坐标：39.9945°N, 116.4375°E），预计耗时9分钟。\n- UAV-03：前往收货点C（坐标：39.9930°N, 116.4380°E），预计耗时8分钟。\n- UAV-04：前往收货点D（坐标：39.9925°N, 116.4355°E），预计耗时7分钟。\n- UAV-05：前往收货点E（坐标：39.9935°N, 116.4368°E），预计耗时6分钟。\n- UAV-06：前往收货点F（坐标：39.9940°N, 116.4370°E），预计耗时5分钟。\n- UAV-07：前往收货点G（坐标：39.9945°N, 116.4350°E），预计耗时4分钟。\n- UAV-08：前往收货点H（坐标：39.9950°N, 116.4340°E），预计耗时3分钟。\n- UAV-09：前往收货点I（坐标：39.9960°N, 116.4330°E），预计耗时2分钟。\n- UAV-10：前往收货点J（坐标：39.9970°N, 116.4320°E），预计耗时1分钟。\n\n1.4 快递交付与信息反馈\n（09:55 – 10:00）\n每台无人机到达指定收货点后，将快递交付给收件人，并立即通过地面控制中",
        "key_message": "无人机名字或代号：UAV-03、UAV-04、UAV-05、UAV-06、UAV-07、UAV-08、UAV-09、UAV-10  \n时间：09:55 – 10:00  \n地点：货点B（坐标：39.9945°N, 116.4375°E）、收货点C（坐标：39.9930°N, 116.4380°E）、收货点D（坐标：39.9925°N, 116.4355°E）、收货点E（坐标：39.9935°N, 116.4368°E）、收货点F（坐标：39.9940°N, 116.4370°E）、收货点G（坐标：39.9945°N, 116.4350°E）、收货点H（坐标：39.9950°N, 116.4340°E）、收货点I（坐标：39.9960°N, 116.4330°E）、收货点J（坐标：39.9970°N, 116.4320°E）  \n任务优先级重要性：未提及  \n任务描述信息：每台无人机到达指定收货点后，将快递交付给收件人，并立即通过地面控制中反馈信息。"
    },
    {
        "paragraph": "无人机到达指定收货点后，将快递交付给收件人，并立即通过地面控制中心反馈配送状态。\n\n————————————————————————————————————————————————————————————————————————————————-",
        "key_message": "无人机名字或代号：未提及  \n时间：未提及  \n地点：指定收货点  \n优先级重要性：未提及  \n任务描述信息：将快递交付给收件人，并立即通过地面控制中心反馈配送状态"
    },
    {
        "paragraph": "无人机快递异常处理\n\n执行时间\n：2023年8月10日 10:05 – 10:15\n执行地点\n：北京市朝阳区望京商业区（坐标：39.9925°N, 116.4383°E）\n执行者\n：无人机配送集群（UAV-01至UAV-10）\n\n任务优先级\n：紧急（处理快递配送过程中出现的异常情况）\n重要性\n：高（确保快递配送的连续性和稳定性）\n\n任务描述\n：因突发状况（如无人机故障、恶劣天气等），需立即派遣无人机进行异常情况处理。\n\n实现步骤\n2.1 异常情况监测\n（10:05）\n地面控制中心监测到无人机配送过程中的异常情况，如UAV-07出现信号丢失。\n\n2.2 快递交接与重新规划\n（10:05 – 10:10）\n地面控制中心通知UAV-08接替UAV-07的配送任务，同时UAV-07返回仓库进行检修。\n\n2.3 快递交接与确认\n（10:10 – 10:15）\nUAV-08接到UAV-07的快递，确认无误后继续执行配送任务。\n\n2.4 异常处理完成\n（10:15）\n地面控制中心确认UAV-08已完成异常情况处理，恢复正常配送。",
        "key_message": "无人机名字或代号：UAV-01至UAV-10、UAV-07、UAV-08  \n时间：2023年8月10日 10:05 – 10:15、10:05、10:05 – 10:10、10:10 – 10:15、10:15  \n地点：北京市朝阳区望京商业区（坐标：39.9925°N, 116.4383°E）  \n任务优先级重要性：紧急、高  \n任务描述信息：因突发状况（如无人机故障、恶劣天气等），需立即派遣无人机进行异常情况处理。地面控制中心监测到无人机配送过程中的异常情况，如UAV-07出现信号丢失。地面控制中心通知UAV-08接替UAV-07的配送任务，同时UAV-07返回仓库进行检修。UAV-08接到UAV-07的快递，确认无误后继续执行配送任务。地面控制中心确认UAV-08已完成异常情况处理，恢复正常配送。"
    }
]