[
    {
        "paragraph": "UAV-01至UAV-10:\n实体关系：快递配送集群\n时间：2023年8月10日 09:00 – 09:10\n地点：望京商业区中心仓库（坐标：39.9930°N, 116.4365°E）\n任务优先级重要性：高\n具体任务：依次起飞至50m巡航高度，开始路径规划。"
    },
    {
        "paragraph": "UAV-01至UAV-10:\n实体关系：快递装载\n时间：2023年8月10日 09:10 – 09:15\n地点：望京商业区中心仓库\n任务优先级重要性：高\n具体任务：装载快递，完成重量和体积确认。"
    },
    {
        "paragraph": "UAV-01:\n实体关系：快递配送\n时间：2023年8月10日 09:15 – 09:25\n地点：收货点A（坐标：39.9950°N, 116.4390°E）\n任务优先级重要性：高\n具体任务：前往收货点A，预计耗时10分钟。"
    },
    {
        "paragraph": "UAV-02:\n实体关系：快递配送\n时间：2023年8月10日 09:15 – 09:24\n地点：收货点B（坐标：39.9945°N, 116.4375°E）\n任务优先级重要性：高\n具体任务：前往收货点B，预计耗时9分钟。"
    },
    {
        "paragraph": "... (以下为UAV-03至UAV-10的指令，具体任务与UAV-01至UAV-02相同，仅改变地点和预计耗时)"
    },
    {
        "paragraph": "UAV-10:\n实体关系：快递配送\n时间：2023年8月10日 09:15 – 09:16\n地点：收货点J（坐标：39.9970°N, 116.4320°E）\n任务优先级重要性：高\n具体任务：前往收货点J，预计耗时1分钟。"
    },
    {
        "paragraph": "UAV-01至UAV-10:\n实体关系：快递交付与反馈\n时间：2023年8月10日 09:55 – 10:00\n地点：望京商业区指定收货点\n任务优先级重要性：高\n具体任务：到达指定收货点后，交付快递并反馈配送状态。"
    },
    {
        "paragraph": "UAV-07:\n实体关系：异常情况处理\n时间：2023年8月10日 10:05\n地点：望京商业区（坐标：39.9925°N, 116.4383°E）\n任务优先级重要性：紧急\n具体任务：信号丢失，返回仓库进行检修。"
    },
    {
        "paragraph": "UAV-08:\n实体关系：快递交接与重新规划\n时间：2023年8月10日 10:05 – 10:10\n地点：望京商业区（坐标：39.9925°N, 116.4383°E）\n任务优先级重要性：紧急\n具体任务：接替UAV-07的配送任务。"
    },
    {
        "paragraph": "UAV-08:\n实体关系：快递交接与确认\n时间：2023年8月10日 10:10 – 10:15\n地点：望京商业区（坐标：39.9925°N, 116.4383°E）\n任务优先级重要性：紧急\n具体任务：确认UAV-07的快递无误后继续配送。"
    },
    {
        "paragraph": "UAV-01至UAV-10:\n实体关系：异常处理完成\n时间：2023年8月10日 10:15\n地点：望京商业区（坐标：39.9925°N, 116.4383°E）\n任务优先级重要性：紧急\n具体任务：地面控制中心确认UAV-08已完成异常情况处理，恢复正常配送。"
    }
]