[
    {
        "paragraph": "无人机快递配送任务\n\n执行时间：\n2024年11月15日 10:00 – 12:00\n\n执行地点：\n上海市浦东新区某居民区（坐标：31.2304°N, 121.5044°E）\n\n执行者：\n快递-UAV01\n：负责快递包裹的起飞、运输和投递\n快递-UAV02\n：备用无人机，待命执行任务或支援\n\n任务优先级：\n高（确保快递准时送达，提高客户满意度）\n\n重要性：\n重要（保证快递配送服务的可靠性和效率）\n\n操作步骤：",
        "key_message": "无人机名字或代号：快递-UAV01、快递-UAV02  \n时间：2024年11月15日 10:00 – 12:00  \n地点：上海市浦东新区某居民区（坐标：31.2304°N, 121.5044°E）  \n任务优先级重要性：高、重要  \n任务描述信息：负责快递包裹的起飞、运输和投递；备用无人机，待命执行任务或支援"
    },
    {
        "paragraph": "快递-UAV01于2024年11月15日10:00在上海市浦东新区某居民区起飞基地启动，进行自检，确认以下设备状态：\n   - 电池电量≥85%，确保飞行过程中电量充足\n   - 快递箱状态良好，无损坏",
        "key_message": "无人机名字或代号：快递-UAV01  \n时间：2024年11月15日10:00  \n地点：上海市浦东新区某居民区起飞基地  \n任务优先级重要性：未提及  \n任务描述信息：进行自检，确认电池电量≥85%和快递箱状态良好无损坏"
    },
    {
        "paragraph": "快递-UAV01于2024年11月15日10:05装载快递包裹，确认包裹重量不超过无人机载重限制。",
        "key_message": "无人机名字或代号：快递-UAV01  \n时间：2024年11月15日10:05  \n地点：未提及  \n任务优先级重要性：未提及  \n任务描述信息：装载快递包裹，确认包裹重量不超过无人机载重限制。"
    },
    {
        "paragraph": "快递-UAV01于2024年11月15日10:10按预定航线起飞，航线如下：\n   - 起飞点：上海市浦东新区某居民区起飞基地（坐标：31.2304°N, 121.5044°E）\n   - 飞行路径：直线飞往上海市浦东新区某居民区A栋（坐标：31.2300°N, 121.5060°E）\n   - 飞行高度：100米，确保安全飞行",
        "key_message": "无人机名字或代号：快递-UAV01  \n时间：2024年11月15日10:10  \n地点：上海市浦东新区某居民区起飞基地（坐标：31.2304°N, 121.5044°E）、上海市浦东新区某居民区A栋（坐标：31.2300°N, 121.5060°E）  \n任务优先级重要性：未提及  \n任务描述信息：按预定航线起飞，直线飞往上海市浦东新区某居民区A栋，飞行高度为100米，确保安全飞行。"
    },
    {
        "paragraph": "快递-UAV01于2024年11月15日10:15到达目的地，准备进行快递投递。",
        "key_message": "无人机名字或代号：快递-UAV01  \n时间：2024年11月15日10:15  \n地点：目的地  \n任务优先级重要性：未提及  \n任务描述信息：准备进行快递投递"
    },
    {
        "paragraph": "快递-UAV01于2024年11月15日10:20打开快递箱，确认包裹完好无损。",
        "key_message": "无人机名字或代号：快递-UAV01  \n时间：2024年11月15日10:20  \n地点：未提及  \n任务优先级重要性：未提及  \n任务描述信息：打开快递箱，确认包裹完好无损。"
    },
    {
        "paragraph": "快递-UAV01于2024年11月15日10:25将快递包裹投递至上海市浦东新区某居民区A栋门口。",
        "key_message": "无人机名字或代号：快递-UAV01  \n时间：2024年11月15日10:25  \n地点：上海市浦东新区某居民区A栋门口  \n任务优先级重要性：未提及  \n任务描述信息：将快递包裹投递至上海市浦东新区某居民区A栋门口"
    },
    {
        "paragraph": "快递-UAV01于2024年11月15日10:30完成投递任务，关闭快递箱，准备返航。",
        "key_message": "无人机名字或代号：快递-UAV01  \n时间：2024年11月15日10:30  \n地点：未提及  \n任务优先级重要性：未提及  \n任务描述信息：完成投递任务，关闭快递箱，准备返航。"
    },
    {
        "paragraph": "快递-UAV01于2024年11月15日10:35返回起飞基地，进行降落和卸载。\n\n————————————————————————————————————————————————————————————————————————————————-",
        "key_message": "无人机名字或代号：快递-UAV01  \n时间：2024年11月15日10:35  \n地点：起飞基地  \n任务优先级重要性：未提及  \n任务描述信息：返回、降落和卸载"
    },
    {
        "paragraph": "无人机快递配送区域覆盖任务\n\n执行时间：\n2024年11月15日 13:00 – 15:00\n\n执行地点：\n上海市浦东新区某居民区周边区域（坐标：31.2000°N, 121.5000°E）\n\n执行者：\n快递-UAV01\n：负责区域覆盖，确保快递服务无死角\n快递-UAV02\n：备用无人机，待命执行任务或支援\n\n任务优先级：\n高（确保快递服务全面覆盖，提高客户满意度）\n\n重要性：\n重要（保证快递服务的全面性和及时性）\n\n操作步骤：",
        "key_message": "无人机名字或代号：快递-UAV01、快递-UAV02  \n时间：2024年11月15日 13:00 – 15:00  \n地点：上海市浦东新区某居民区周边区域（坐标：31.2000°N, 121.5000°E）  \n任务优先级重要性：高、重要  \n任务描述信息：负责区域覆盖，确保快递服务无死角；备用无人机，待命执行任务或支援"
    },
    {
        "paragraph": "快递-UAV01于2024年11月15日13:00在上海市浦东新区某居民区起飞基地启动，进行自检，确认设备状态。",
        "key_message": "无人机名字或代号：快递-UAV01  \n时间：2024年11月15日13:00  \n地点：上海市浦东新区某居民区起飞基地  \n任务优先级重要性：未提及  \n任务描述信息：进行自检，确认设备状态。"
    },
    {
        "paragraph": "快递-UAV01于2024年11月15日13:05装载快递包裹，确认包裹重量不超过无人机载重限制。",
        "key_message": "无人机名字或代号：快递-UAV01  \n时间：2024年11月15日13:05  \n地点：未提及  \n任务优先级重要性：未提及  \n任务描述信息：装载快递包裹，确认包裹重量不超过无人机载重限制。"
    },
    {
        "paragraph": "快递-UAV01于2024年11月15日13:10按预定航线起飞，航线如下：\n   - 起飞点：上海市浦东新区某居民区起飞基地（坐标：31.2304°N, 121.5044°E）\n   - 飞行路径：覆盖上海市浦东新区某居民区周边区域，包括B栋、C栋、D栋等（坐标：31.2100°N, 121.5100°E）\n   - 飞行高度：150米，确保安全飞行",
        "key_message": "无人机名字或代号：快递-UAV01  \n时间：2024年11月15日13:10  \n地点：上海市浦东新区某居民区起飞基地（坐标：31.2304°N, 121.5044°E）、上海市浦东新区某居民区周边区域，包括B栋、C栋、D栋等（坐标：31.2100°N, 121.5100°E）  \n任务优先级重要性：未提及  \n任务描述信息：按预定航线起飞，飞行高度为150米，覆盖上海市浦东新区某居民区周边区域，确保安全飞行。"
    },
    {
        "paragraph": "快递-UAV01于2024年11月15日13:15到达每个目标建筑上空，准备进行快递投递。",
        "key_message": "无人机名字或代号：快递-UAV01  \n时间：2024年11月15日13:15  \n地点：每个目标建筑上空  \n任务优先级重要性：未提及  \n任务描述信息：准备进行快递投递"
    },
    {
        "paragraph": "快递-UAV01于2024年11月15日13:20打开快递箱，确认包裹完好无损。",
        "key_message": "无人机名字或代号：快递-UAV01  \n时间：2024年11月15日13:20  \n地点：未提及  \n任务优先级重要性：未提及  \n任务描述信息：打开快递箱，确认包裹完好无损。"
    },
    {
        "paragraph": "快递-UAV01于2024年11月15日13:25将快递包裹投递至每个目标建筑门口。",
        "key_message": "无人机名字或代号：快递-UAV01  \n时间：2024年11月15日13:25  \n地点：每个目标建筑门口  \n任务优先级重要性：未提及  \n任务描述信息：将快递包裹投递至每个目标建筑门口"
    },
    {
        "paragraph": "快递-UAV01于2024年11月15日13:30继续飞行，覆盖下一个目标区域。",
        "key_message": "无人机名字或代号：快递-UAV01  \n时间：2024年11月15日13:30  \n地点：未提及  \n任务优先级重要性：未提及  \n任务描述信息：继续飞行，覆盖下一个目标区域。"
    },
    {
        "paragraph": "快递-UAV01于2024年11月15日15:00完成区域覆盖任务，返回起飞基地。",
        "key_message": "无人机名字或代号：快递-UAV01  \n时间：2024年11月15日15:00  \n地点：起飞基地  \n任务优先级重要性：未提及  \n任务描述信息：完成区域覆盖任务，返回"
    },
    {
        "paragraph": "快递-UAV01于2024年11月15日15:05进行降落和卸载。",
        "key_message": "无人机名字或代号：快递-UAV01  \n时间：2024年11月15日15:05  \n地点：未提及  \n任务优先级重要性：未提及  \n任务描述信息：降落和卸载"
    }
]