[
    {
        "paragraph": "无人机灾难救援物资投送\n执行时间：\n2024年9月15日 10:00 – 12:00\n执行地点：\n重庆市奉节县某地震灾区（坐标：30.5450°N, 108.8550°E）\n执行者：\n救援UAV-01\n：负责物资投放定位与导航\n救援UAV-02\n：负责实时监控灾区状况与物资投放路径\n救援UAV-03\n：负责物资投放与回收\n任务优先级：\n极高（确保救援物资及时准确送达灾区，保障受灾群众生命安全）\n操作步骤：",
        "key_message": "无人机名字或代号：救援UAV-01、救援UAV-02、救援UAV-03  \n时间：2024年9月15日 10:00 – 12:00  \n地点：重庆市奉节县某地震灾区（坐标：30.5450°N, 108.8550°E）  \n任务优先级重要性：极高  \n任务描述信息：负责物资投放定位与导航、负责实时监控灾区状况与物资投放路径、负责物资投放与回收"
    },
    {
        "paragraph": "救援UAV-01于2024年9月15日10:00在灾区起飞基地进行自检，确认以下设备状态：\n   - 信号采集模块：工作范围1-5 GHz，确保通信畅通\n   - GPS定位系统：精度≤5米，保障定位准确\n   - 电池电量：≥80%，确保任务执行时电量充足",
        "key_message": "无人机名字或代号：UAV-01  \n时间：2024年9月15日10:00  \n地点：灾区起飞基地  \n任务优先级重要性：未提及  \n任务描述信息：进行自检，确认信号采集模块、GPS定位系统和电池电量状态。"
    },
    {
        "paragraph": "救援UAV-02于2024年9月15日10:15起飞，携带灾区实时监控设备，监控以下参数：\n   - 灾区地面情况：包括道路通行状况、建筑物倒塌情况\n   - 天气状况：包括风速、雨量等信息，确保飞行安全",
        "key_message": "无人机名字或代号：UAV-02  \n时间：2024年9月15日10:15  \n地点：未提及  \n任务优先级重要性：未提及  \n任务描述信息：起飞，携带灾区实时监控设备，监控灾区地面情况（包括道路通行状况、建筑物倒塌情况）和天气状况（包括风速、雨量等信息），确保飞行安全。"
    },
    {
        "paragraph": "救援UAV-03于2024年9月15日10:30携带救援物资（如食品、饮用水、急救包等）起飞，执行以下任务：\n   - 在UAV-02指引下，确定物资投放点，如临时避难所、医疗点等\n   - 根据UAV-02提供的位置信息，准确投放物资\n   - 投放完成后，回收无人机及物资，返回起飞基地\n\n————————————————————————————————————————————————————————————————————————————————-",
        "key_message": "无人机名字或代号：UAV-03、UAV-02  \n时间：2024年9月15日10:30  \n地点：未提及  \n任务优先级重要性：未提及  \n任务描述信息：携带救援物资（如食品、饮用水、急救包等）起飞，在UAV-02指引下确定物资投放点（如临时避难所、医疗点等），根据UAV-02提供的位置信息准确投放物资，投放完成后回收无人机及物资，返回起飞基地。"
    },
    {
        "paragraph": "无人机灾区现场通信保障\n执行时间：\n2024年9月15日 13:00 – 15:00\n执行地点：\n重庆市奉节县某地震灾区（坐标：30.5450°N, 108.8550°E）\n执行者：\n通信UAV-04\n：负责搭建临时通信基站\n通信UAV-05\n：负责信号中继与通信监控\n通信UAV-06\n：负责通信设备运输与安装\n任务优先级：\n极高（确保灾区现场通信畅通，便于救援指挥与协调）\n操作步骤：",
        "key_message": "无人机名字或代号：通信UAV-04、通信UAV-05、通信UAV-06  \n时间：2024年9月15日 13:00 – 15:00  \n地点：重庆市奉节县某地震灾区（坐标：30.5450°N, 108.8550°E）  \n任务优先级重要性：极高  \n任务描述信息：负责搭建临时通信基站、负责信号中继与通信监控、负责通信设备运输与安装"
    },
    {
        "paragraph": "通信UAV-04于2024年9月15日13:00在灾区起飞基地进行自检，确认以下设备状态：\n   - 通信设备：工作范围1-5 GHz，确保信号传输稳定\n   - GPS定位系统：精度≤5米，保障定位准确\n   - 电池电量：≥80%，确保任务执行时电量充足",
        "key_message": "无人机名字或代号：UAV-04  \n时间：2024年9月15日13:00  \n地点：灾区起飞基地  \n任务优先级重要性：未提及  \n任务描述信息：进行自检，确认通信设备工作范围1-5 GHz、GPS定位系统精度≤5米、电池电量≥80%。"
    },
    {
        "paragraph": "通信UAV-05于2024年9月15日13:15起飞，携带信号中继设备，执行以下任务：\n   - 在UAV-04指引下，确定临时通信基站位置\n   - 搭建临时通信基站，确保信号传输稳定\n   - 监控通信信号，确保通信质量",
        "key_message": "无人机名字或代号：UAV-05、UAV-04  \n时间：2024年9月15日13:15  \n地点：未提及  \n任务优先级重要性：未提及  \n任务描述信息：起飞，确定临时通信基站位置，搭建临时通信基站，确保信号传输稳定，监控通信信号，确保通信质量。"
    },
    {
        "paragraph": "通信UAV-06于2024年9月15日13:30起飞，携带通信设备（如手机、对讲机等），执行以下任务：\n   - 在UAV-05指引下，将通信设备运输至指定位置\n   - 安装通信设备，确保设备正常运行\n   - 协助UAV-04和UAV-05完成通信保障任务",
        "key_message": "无人机名字或代号：UAV-06、UAV-05、UAV-04  \n时间：2024年9月15日13:30  \n地点：未提及  \n任务优先级重要性：未提及  \n任务描述信息：起飞，携带通信设备（如手机、对讲机等），在UAV-05指引下将通信设备运输至指定位置，安装通信设备确保设备正常运行，协助UAV-04和UAV-05完成通信保障任务。"
    }
]