[
    {
        "paragraph": "UAV-01:\n实体关系：快递运输\n时间：2023年10月15日 08:00 – 08:30\n地点：上海市浦东新区快递配送中心（31.2304°N, 121.5074°E）\n任务优先级重要性：极高\n具体任务：进行设备自检，确保多旋翼稳定、导航系统准确、数据传输稳定。"
    },
    {
        "paragraph": "UAV-02:\n实体关系：货物检查\n时间：2023年10月15日 08:10 – 08:30\n地点：上海市浦东新区快递配送中心（31.2304°N, 121.5074°E）\n任务优先级重要性：极高\n具体任务：检查快递包裹是否牢固固定在无人机货舱内，确认包裹完好无损。"
    },
    {
        "paragraph": "UAV-01:\n实体关系：空中运输\n时间：2023年10月15日 08:30 – 09:00\n地点：上海市浦东新区快递配送中心至上海市静安区（31.2383°N, 121.4707°E）\n任务优先级重要性：极高\n具体任务：从快递配送中心起飞，携带快递包裹前往目的地，保持飞行高度150m，飞行速度25 km/h。"
    },
    {
        "paragraph": "UAV-02:\n实体关系：地面监控\n时间：2023年10月15日 08:30 – 09:00\n地点：上海市浦东新区快递配送中心至上海市静安区\n任务优先级重要性：极高\n具体任务：在地面监控UAV-01的飞行状态，确保航线准确无误，并在必要时提供导航辅助。"
    },
    {
        "paragraph": "UAV-01:\n实体关系：快递交付\n时间：2023年10月15日 09:00 – 09:05\n地点：上海市静安区收件地址\n任务优先级重要性：高\n具体任务：到达目的地后，降低飞行高度至30m，缓慢接近收件人，将快递包裹安全交付。"
    },
    {
        "paragraph": "UAV-02:\n实体关系：任务记录\n时间：2023年10月15日 09:00 – 09:10\n地点：上海市静安区收件地址\n任务优先级重要性：高\n具体任务：记录任务完成时间，确认快递交付无误后，通知调度站结束任务。"
    },
    {
        "paragraph": "UAV-01:\n实体关系：返航\n时间：2023年10月15日 09:10 – 09:30\n地点：上海市静安区收件地址至上海市浦东新区快递配送中心\n任务优先级重要性：高\n具体任务：从收件地址起飞，沿预定航线返航至快递配送中心，确保飞行高度100m，避开地面障碍物。"
    },
    {
        "paragraph": "UAV-02:\n实体关系：数据备份\n时间：2023年10月15日 09:10 – 09:30\n地点：上海市静安区收件地址至上海市浦东新区快递配送中心\n任务优先级重要性：高\n具体任务：在地面监控UAV-01的返航状态，确保数据传输稳定，并在返航后进行数据备份。"
    }
]