[
    {
        "content2_para": "UAV-01:\n实体关系：空中侦察\n时间：2023年8月15日 10:00\n地点：四川省成都市都江堰市（30.5673°N, 103.5834°E）\n任务优先级重要性：极高\n具体任务：起飞，侦察受灾区域基础设施损毁情况。",
        "matches": [
            {
                "content1_para": "无人机灾难救援物资投送\n执行时间\n：2023年8月15日 10:00 – 13:00\n执行地点\n：四川省成都市都江堰市（坐标：30.5673°N, 103.5834°E）\n执行者\n：\nUAV-01\n：负责空中侦察与定位受灾区域\nUAV-02\n：负责携带紧急医疗物资并投送到指定受灾点\nUAV-03\n：负责携带食品、饮用水和帐篷等物资并投送到指定受灾点\n任务优先级\n：极高（确保救援物资快速、准确地投送到受灾地区）\n操作步骤\n：\nUAV-01\n于2023年8月15日 10:00起飞，执行以下任务：\n（1）从空中侦察受灾区域，特别是桥梁、道路和房屋等基础设施的损毁情况。\n（2）使用热成像摄像头识别受困人群的位置。\n（3）实时回传侦察图像至地面指挥中心。\n\nUAV-02\n于2023年8月15日 10:30起飞，执行以下任务：\n（1）装载紧急医疗物资，包括急救包、消毒剂和常用药物。\n（2）根据UAV-01提供的侦察信息，定位最近的一处受灾点。\n（3）执行物资投送，使用精准投放系统确保物资安全降落到指定地点。\n\nUAV-03\n于2023年8月15日 10:45起飞，执行以下任务：\n（1）装载食品、饮用水和帐篷等生存必需品。",
                "content1_msg": "无人机名字或代号：UAV-01、UAV-02、UAV-03  \n时间：2023年8月15日 10:00 – 13:00、2023年8月15日 10:00、2023年8月15日 10:30、2023年8月15日 10:45  \n地点：四川省成都市都江堰市（坐标：30.5673°N, 103.5834°E）  \n任务优先级重要性：极高  \n任务描述信息：  \nUAV-01：从空中侦察受灾区域，特别是桥梁、道路和房屋等基础设施的损毁情况；使用热成像摄像头识别受困人群的位置；实时回传侦察图像至地面指挥中心。  \nUAV-02：装载紧急医疗物资，包括急救包、消毒剂和常用药物；根据UAV-01提供的侦察信息，定位最近的一处受灾点；执行物资投送，使用精准投放系统确保物资安全降落到指定地点。  \nUAV-03：装载食品、饮用水和帐篷等生存必需品。",
                "similarity": 0.7990849971862475
            },
            {
                "content1_para": "无人机集群协同搜索与救援\n执行时间\n：2023年8月15日 13:00 – 16:00\n执行地点\n：四川省成都市都江堰市受灾核心区域（坐标：30.5700°N, 103.5800°E）\n执行者\n：\nUAV-01、UAV-02、UAV-03\n：协同搜索并救援被困人员\n任务优先级\n：极高（确保被困人员及时得到救援）\n操作步骤\n：\nUAV-01\n于2023年8月15日 13:00起飞，执行以下任务：\n（1）在受灾区域上空进行空中搜索，使用红外摄像头识别生命迹象。\n（2）实时将搜索结果传送给地面指挥中心，并标记被困人员位置。\n\nUAV-02\n于2023年8月15日 13:15起飞，执行以下任务：\n（1）根据UAV-01提供的位置信息，飞往被困人员附近区域。\n（2）使用抛绳系统将救生绳索准确抛向被困人员所在位置。\n\nUAV-03\n于2023年8月15日 13:30起飞，执行以下任务：\n（1）在UAV-02进行救援的同时，继续在受灾区域上空进行搜索。\n（2）为UAV-02提供额外的支援，确保救援行动的顺利进行。\n\n——————————————————————————————————————————————————————",
                "content1_msg": "无人机名字或代号：UAV-01、UAV-02、UAV-03  \n时间：2023年8月15日 13:00 – 16:00、2023年8月15日 13:00、2023年8月15日 13:15、2023年8月15日 13:30  \n地点：四川省成都市都江堰市受灾核心区域（坐标：30.5700°N, 103.5800°E）  \n任务优先级重要性：极高（确保被困人员及时得到救援）  \n任务描述信息：协同搜索并救援被困人员；在受灾区域上空进行空中搜索，使用红外摄像头识别生命迹象；实时将搜索结果传送给地面指挥中心，并标记被困人员位置；根据UAV-01提供的位置信息，飞往被困人员附近区域；使用抛绳系统将救生绳索准确抛向被困人员所在位置；在UAV-02进行救援的同时，继续在受灾区域上空进行搜索；为UAV-02提供额外的支援，确保救援行动的顺利进行。",
                "similarity": 0.731897137248022
            }
        ]
    },
    {
        "content2_para": "UAV-02:\n实体关系：医疗物资投送\n时间：2023年8月15日 10:30\n地点：四川省成都市都江堰市（30.5673°N, 103.5834°E）\n任务优先级重要性：极高\n具体任务：装载医疗物资，定位受灾点，执行物资投送。",
        "matches": [
            {
                "content1_para": "无人机灾难救援物资投送\n执行时间\n：2023年8月15日 10:00 – 13:00\n执行地点\n：四川省成都市都江堰市（坐标：30.5673°N, 103.5834°E）\n执行者\n：\nUAV-01\n：负责空中侦察与定位受灾区域\nUAV-02\n：负责携带紧急医疗物资并投送到指定受灾点\nUAV-03\n：负责携带食品、饮用水和帐篷等物资并投送到指定受灾点\n任务优先级\n：极高（确保救援物资快速、准确地投送到受灾地区）\n操作步骤\n：\nUAV-01\n于2023年8月15日 10:00起飞，执行以下任务：\n（1）从空中侦察受灾区域，特别是桥梁、道路和房屋等基础设施的损毁情况。\n（2）使用热成像摄像头识别受困人群的位置。\n（3）实时回传侦察图像至地面指挥中心。\n\nUAV-02\n于2023年8月15日 10:30起飞，执行以下任务：\n（1）装载紧急医疗物资，包括急救包、消毒剂和常用药物。\n（2）根据UAV-01提供的侦察信息，定位最近的一处受灾点。\n（3）执行物资投送，使用精准投放系统确保物资安全降落到指定地点。\n\nUAV-03\n于2023年8月15日 10:45起飞，执行以下任务：\n（1）装载食品、饮用水和帐篷等生存必需品。",
                "content1_msg": "无人机名字或代号：UAV-01、UAV-02、UAV-03  \n时间：2023年8月15日 10:00 – 13:00、2023年8月15日 10:00、2023年8月15日 10:30、2023年8月15日 10:45  \n地点：四川省成都市都江堰市（坐标：30.5673°N, 103.5834°E）  \n任务优先级重要性：极高  \n任务描述信息：  \nUAV-01：从空中侦察受灾区域，特别是桥梁、道路和房屋等基础设施的损毁情况；使用热成像摄像头识别受困人群的位置；实时回传侦察图像至地面指挥中心。  \nUAV-02：装载紧急医疗物资，包括急救包、消毒剂和常用药物；根据UAV-01提供的侦察信息，定位最近的一处受灾点；执行物资投送，使用精准投放系统确保物资安全降落到指定地点。  \nUAV-03：装载食品、饮用水和帐篷等生存必需品。",
                "similarity": 0.810905132568273
            },
            {
                "content1_para": "无人机集群协同搜索与救援\n执行时间\n：2023年8月15日 13:00 – 16:00\n执行地点\n：四川省成都市都江堰市受灾核心区域（坐标：30.5700°N, 103.5800°E）\n执行者\n：\nUAV-01、UAV-02、UAV-03\n：协同搜索并救援被困人员\n任务优先级\n：极高（确保被困人员及时得到救援）\n操作步骤\n：\nUAV-01\n于2023年8月15日 13:00起飞，执行以下任务：\n（1）在受灾区域上空进行空中搜索，使用红外摄像头识别生命迹象。\n（2）实时将搜索结果传送给地面指挥中心，并标记被困人员位置。\n\nUAV-02\n于2023年8月15日 13:15起飞，执行以下任务：\n（1）根据UAV-01提供的位置信息，飞往被困人员附近区域。\n（2）使用抛绳系统将救生绳索准确抛向被困人员所在位置。\n\nUAV-03\n于2023年8月15日 13:30起飞，执行以下任务：\n（1）在UAV-02进行救援的同时，继续在受灾区域上空进行搜索。\n（2）为UAV-02提供额外的支援，确保救援行动的顺利进行。\n\n——————————————————————————————————————————————————————",
                "content1_msg": "无人机名字或代号：UAV-01、UAV-02、UAV-03  \n时间：2023年8月15日 13:00 – 16:00、2023年8月15日 13:00、2023年8月15日 13:15、2023年8月15日 13:30  \n地点：四川省成都市都江堰市受灾核心区域（坐标：30.5700°N, 103.5800°E）  \n任务优先级重要性：极高（确保被困人员及时得到救援）  \n任务描述信息：协同搜索并救援被困人员；在受灾区域上空进行空中搜索，使用红外摄像头识别生命迹象；实时将搜索结果传送给地面指挥中心，并标记被困人员位置；根据UAV-01提供的位置信息，飞往被困人员附近区域；使用抛绳系统将救生绳索准确抛向被困人员所在位置；在UAV-02进行救援的同时，继续在受灾区域上空进行搜索；为UAV-02提供额外的支援，确保救援行动的顺利进行。",
                "similarity": 0.7165910100371333
            }
        ]
    },
    {
        "content2_para": "UAV-03:\n实体关系：生存物资投送\n时间：2023年8月15日 10:45\n地点：四川省成都市都江堰市（30.5673°N, 103.5834°E）\n任务优先级重要性：极高\n具体任务：装载生存物资，定位受灾点，执行物资投送。",
        "matches": [
            {
                "content1_para": "无人机灾难救援物资投送\n执行时间\n：2023年8月15日 10:00 – 13:00\n执行地点\n：四川省成都市都江堰市（坐标：30.5673°N, 103.5834°E）\n执行者\n：\nUAV-01\n：负责空中侦察与定位受灾区域\nUAV-02\n：负责携带紧急医疗物资并投送到指定受灾点\nUAV-03\n：负责携带食品、饮用水和帐篷等物资并投送到指定受灾点\n任务优先级\n：极高（确保救援物资快速、准确地投送到受灾地区）\n操作步骤\n：\nUAV-01\n于2023年8月15日 10:00起飞，执行以下任务：\n（1）从空中侦察受灾区域，特别是桥梁、道路和房屋等基础设施的损毁情况。\n（2）使用热成像摄像头识别受困人群的位置。\n（3）实时回传侦察图像至地面指挥中心。\n\nUAV-02\n于2023年8月15日 10:30起飞，执行以下任务：\n（1）装载紧急医疗物资，包括急救包、消毒剂和常用药物。\n（2）根据UAV-01提供的侦察信息，定位最近的一处受灾点。\n（3）执行物资投送，使用精准投放系统确保物资安全降落到指定地点。\n\nUAV-03\n于2023年8月15日 10:45起飞，执行以下任务：\n（1）装载食品、饮用水和帐篷等生存必需品。",
                "content1_msg": "无人机名字或代号：UAV-01、UAV-02、UAV-03  \n时间：2023年8月15日 10:00 – 13:00、2023年8月15日 10:00、2023年8月15日 10:30、2023年8月15日 10:45  \n地点：四川省成都市都江堰市（坐标：30.5673°N, 103.5834°E）  \n任务优先级重要性：极高  \n任务描述信息：  \nUAV-01：从空中侦察受灾区域，特别是桥梁、道路和房屋等基础设施的损毁情况；使用热成像摄像头识别受困人群的位置；实时回传侦察图像至地面指挥中心。  \nUAV-02：装载紧急医疗物资，包括急救包、消毒剂和常用药物；根据UAV-01提供的侦察信息，定位最近的一处受灾点；执行物资投送，使用精准投放系统确保物资安全降落到指定地点。  \nUAV-03：装载食品、饮用水和帐篷等生存必需品。",
                "similarity": 0.8193196114966863
            },
            {
                "content1_para": "无人机集群协同搜索与救援\n执行时间\n：2023年8月15日 13:00 – 16:00\n执行地点\n：四川省成都市都江堰市受灾核心区域（坐标：30.5700°N, 103.5800°E）\n执行者\n：\nUAV-01、UAV-02、UAV-03\n：协同搜索并救援被困人员\n任务优先级\n：极高（确保被困人员及时得到救援）\n操作步骤\n：\nUAV-01\n于2023年8月15日 13:00起飞，执行以下任务：\n（1）在受灾区域上空进行空中搜索，使用红外摄像头识别生命迹象。\n（2）实时将搜索结果传送给地面指挥中心，并标记被困人员位置。\n\nUAV-02\n于2023年8月15日 13:15起飞，执行以下任务：\n（1）根据UAV-01提供的位置信息，飞往被困人员附近区域。\n（2）使用抛绳系统将救生绳索准确抛向被困人员所在位置。\n\nUAV-03\n于2023年8月15日 13:30起飞，执行以下任务：\n（1）在UAV-02进行救援的同时，继续在受灾区域上空进行搜索。\n（2）为UAV-02提供额外的支援，确保救援行动的顺利进行。\n\n——————————————————————————————————————————————————————",
                "content1_msg": "无人机名字或代号：UAV-01、UAV-02、UAV-03  \n时间：2023年8月15日 13:00 – 16:00、2023年8月15日 13:00、2023年8月15日 13:15、2023年8月15日 13:30  \n地点：四川省成都市都江堰市受灾核心区域（坐标：30.5700°N, 103.5800°E）  \n任务优先级重要性：极高（确保被困人员及时得到救援）  \n任务描述信息：协同搜索并救援被困人员；在受灾区域上空进行空中搜索，使用红外摄像头识别生命迹象；实时将搜索结果传送给地面指挥中心，并标记被困人员位置；根据UAV-01提供的位置信息，飞往被困人员附近区域；使用抛绳系统将救生绳索准确抛向被困人员所在位置；在UAV-02进行救援的同时，继续在受灾区域上空进行搜索；为UAV-02提供额外的支援，确保救援行动的顺利进行。",
                "similarity": 0.7208795031914691
            }
        ]
    },
    {
        "content2_para": "UAV-01:\n实体关系：空中搜索\n时间：2023年8月15日 13:00\n地点：四川省成都市都江堰市受灾核心区域（30.5700°N, 103.5800°E）\n任务优先级重要性：极高\n具体任务：起飞，使用红外摄像头识别生命迹象，实时回传搜索结果。",
        "matches": [
            {
                "content1_para": "无人机集群协同搜索与救援\n执行时间\n：2023年8月15日 13:00 – 16:00\n执行地点\n：四川省成都市都江堰市受灾核心区域（坐标：30.5700°N, 103.5800°E）\n执行者\n：\nUAV-01、UAV-02、UAV-03\n：协同搜索并救援被困人员\n任务优先级\n：极高（确保被困人员及时得到救援）\n操作步骤\n：\nUAV-01\n于2023年8月15日 13:00起飞，执行以下任务：\n（1）在受灾区域上空进行空中搜索，使用红外摄像头识别生命迹象。\n（2）实时将搜索结果传送给地面指挥中心，并标记被困人员位置。\n\nUAV-02\n于2023年8月15日 13:15起飞，执行以下任务：\n（1）根据UAV-01提供的位置信息，飞往被困人员附近区域。\n（2）使用抛绳系统将救生绳索准确抛向被困人员所在位置。\n\nUAV-03\n于2023年8月15日 13:30起飞，执行以下任务：\n（1）在UAV-02进行救援的同时，继续在受灾区域上空进行搜索。\n（2）为UAV-02提供额外的支援，确保救援行动的顺利进行。\n\n——————————————————————————————————————————————————————",
                "content1_msg": "无人机名字或代号：UAV-01、UAV-02、UAV-03  \n时间：2023年8月15日 13:00 – 16:00、2023年8月15日 13:00、2023年8月15日 13:15、2023年8月15日 13:30  \n地点：四川省成都市都江堰市受灾核心区域（坐标：30.5700°N, 103.5800°E）  \n任务优先级重要性：极高（确保被困人员及时得到救援）  \n任务描述信息：协同搜索并救援被困人员；在受灾区域上空进行空中搜索，使用红外摄像头识别生命迹象；实时将搜索结果传送给地面指挥中心，并标记被困人员位置；根据UAV-01提供的位置信息，飞往被困人员附近区域；使用抛绳系统将救生绳索准确抛向被困人员所在位置；在UAV-02进行救援的同时，继续在受灾区域上空进行搜索；为UAV-02提供额外的支援，确保救援行动的顺利进行。",
                "similarity": 0.820849370841452
            },
            {
                "content1_para": "无人机灾难救援物资投送\n执行时间\n：2023年8月15日 10:00 – 13:00\n执行地点\n：四川省成都市都江堰市（坐标：30.5673°N, 103.5834°E）\n执行者\n：\nUAV-01\n：负责空中侦察与定位受灾区域\nUAV-02\n：负责携带紧急医疗物资并投送到指定受灾点\nUAV-03\n：负责携带食品、饮用水和帐篷等物资并投送到指定受灾点\n任务优先级\n：极高（确保救援物资快速、准确地投送到受灾地区）\n操作步骤\n：\nUAV-01\n于2023年8月15日 10:00起飞，执行以下任务：\n（1）从空中侦察受灾区域，特别是桥梁、道路和房屋等基础设施的损毁情况。\n（2）使用热成像摄像头识别受困人群的位置。\n（3）实时回传侦察图像至地面指挥中心。\n\nUAV-02\n于2023年8月15日 10:30起飞，执行以下任务：\n（1）装载紧急医疗物资，包括急救包、消毒剂和常用药物。\n（2）根据UAV-01提供的侦察信息，定位最近的一处受灾点。\n（3）执行物资投送，使用精准投放系统确保物资安全降落到指定地点。\n\nUAV-03\n于2023年8月15日 10:45起飞，执行以下任务：\n（1）装载食品、饮用水和帐篷等生存必需品。",
                "content1_msg": "无人机名字或代号：UAV-01、UAV-02、UAV-03  \n时间：2023年8月15日 10:00 – 13:00、2023年8月15日 10:00、2023年8月15日 10:30、2023年8月15日 10:45  \n地点：四川省成都市都江堰市（坐标：30.5673°N, 103.5834°E）  \n任务优先级重要性：极高  \n任务描述信息：  \nUAV-01：从空中侦察受灾区域，特别是桥梁、道路和房屋等基础设施的损毁情况；使用热成像摄像头识别受困人群的位置；实时回传侦察图像至地面指挥中心。  \nUAV-02：装载紧急医疗物资，包括急救包、消毒剂和常用药物；根据UAV-01提供的侦察信息，定位最近的一处受灾点；执行物资投送，使用精准投放系统确保物资安全降落到指定地点。  \nUAV-03：装载食品、饮用水和帐篷等生存必需品。",
                "similarity": 0.7241774799984558
            }
        ]
    },
    {
        "content2_para": "UAV-02:\n实体关系：抛绳救援\n时间：2023年8月15日 13:15\n地点：四川省成都市都江堰市受灾核心区域（30.5700°N, 103.5800°E）\n任务优先级重要性：极高\n具体任务：起飞，根据UAV-01信息，抛绳救援被困人员。",
        "matches": [
            {
                "content1_para": "无人机集群协同搜索与救援\n执行时间\n：2023年8月15日 13:00 – 16:00\n执行地点\n：四川省成都市都江堰市受灾核心区域（坐标：30.5700°N, 103.5800°E）\n执行者\n：\nUAV-01、UAV-02、UAV-03\n：协同搜索并救援被困人员\n任务优先级\n：极高（确保被困人员及时得到救援）\n操作步骤\n：\nUAV-01\n于2023年8月15日 13:00起飞，执行以下任务：\n（1）在受灾区域上空进行空中搜索，使用红外摄像头识别生命迹象。\n（2）实时将搜索结果传送给地面指挥中心，并标记被困人员位置。\n\nUAV-02\n于2023年8月15日 13:15起飞，执行以下任务：\n（1）根据UAV-01提供的位置信息，飞往被困人员附近区域。\n（2）使用抛绳系统将救生绳索准确抛向被困人员所在位置。\n\nUAV-03\n于2023年8月15日 13:30起飞，执行以下任务：\n（1）在UAV-02进行救援的同时，继续在受灾区域上空进行搜索。\n（2）为UAV-02提供额外的支援，确保救援行动的顺利进行。\n\n——————————————————————————————————————————————————————",
                "content1_msg": "无人机名字或代号：UAV-01、UAV-02、UAV-03  \n时间：2023年8月15日 13:00 – 16:00、2023年8月15日 13:00、2023年8月15日 13:15、2023年8月15日 13:30  \n地点：四川省成都市都江堰市受灾核心区域（坐标：30.5700°N, 103.5800°E）  \n任务优先级重要性：极高（确保被困人员及时得到救援）  \n任务描述信息：协同搜索并救援被困人员；在受灾区域上空进行空中搜索，使用红外摄像头识别生命迹象；实时将搜索结果传送给地面指挥中心，并标记被困人员位置；根据UAV-01提供的位置信息，飞往被困人员附近区域；使用抛绳系统将救生绳索准确抛向被困人员所在位置；在UAV-02进行救援的同时，继续在受灾区域上空进行搜索；为UAV-02提供额外的支援，确保救援行动的顺利进行。",
                "similarity": 0.8192542792503618
            },
            {
                "content1_para": "无人机灾难救援物资投送\n执行时间\n：2023年8月15日 10:00 – 13:00\n执行地点\n：四川省成都市都江堰市（坐标：30.5673°N, 103.5834°E）\n执行者\n：\nUAV-01\n：负责空中侦察与定位受灾区域\nUAV-02\n：负责携带紧急医疗物资并投送到指定受灾点\nUAV-03\n：负责携带食品、饮用水和帐篷等物资并投送到指定受灾点\n任务优先级\n：极高（确保救援物资快速、准确地投送到受灾地区）\n操作步骤\n：\nUAV-01\n于2023年8月15日 10:00起飞，执行以下任务：\n（1）从空中侦察受灾区域，特别是桥梁、道路和房屋等基础设施的损毁情况。\n（2）使用热成像摄像头识别受困人群的位置。\n（3）实时回传侦察图像至地面指挥中心。\n\nUAV-02\n于2023年8月15日 10:30起飞，执行以下任务：\n（1）装载紧急医疗物资，包括急救包、消毒剂和常用药物。\n（2）根据UAV-01提供的侦察信息，定位最近的一处受灾点。\n（3）执行物资投送，使用精准投放系统确保物资安全降落到指定地点。\n\nUAV-03\n于2023年8月15日 10:45起飞，执行以下任务：\n（1）装载食品、饮用水和帐篷等生存必需品。",
                "content1_msg": "无人机名字或代号：UAV-01、UAV-02、UAV-03  \n时间：2023年8月15日 10:00 – 13:00、2023年8月15日 10:00、2023年8月15日 10:30、2023年8月15日 10:45  \n地点：四川省成都市都江堰市（坐标：30.5673°N, 103.5834°E）  \n任务优先级重要性：极高  \n任务描述信息：  \nUAV-01：从空中侦察受灾区域，特别是桥梁、道路和房屋等基础设施的损毁情况；使用热成像摄像头识别受困人群的位置；实时回传侦察图像至地面指挥中心。  \nUAV-02：装载紧急医疗物资，包括急救包、消毒剂和常用药物；根据UAV-01提供的侦察信息，定位最近的一处受灾点；执行物资投送，使用精准投放系统确保物资安全降落到指定地点。  \nUAV-03：装载食品、饮用水和帐篷等生存必需品。",
                "similarity": 0.7318717246495295
            }
        ]
    },
    {
        "content2_para": "UAV-03:\n实体关系：搜索支援\n时间：2023年8月15日 13:30\n地点：四川省成都市都江堰市受灾核心区域（30.5700°N, 103.5800°E）\n任务优先级重要性：极高\n具体任务：起飞，提供搜索支援，确保救援行动顺利进行。",
        "matches": [
            {
                "content1_para": "无人机集群协同搜索与救援\n执行时间\n：2023年8月15日 13:00 – 16:00\n执行地点\n：四川省成都市都江堰市受灾核心区域（坐标：30.5700°N, 103.5800°E）\n执行者\n：\nUAV-01、UAV-02、UAV-03\n：协同搜索并救援被困人员\n任务优先级\n：极高（确保被困人员及时得到救援）\n操作步骤\n：\nUAV-01\n于2023年8月15日 13:00起飞，执行以下任务：\n（1）在受灾区域上空进行空中搜索，使用红外摄像头识别生命迹象。\n（2）实时将搜索结果传送给地面指挥中心，并标记被困人员位置。\n\nUAV-02\n于2023年8月15日 13:15起飞，执行以下任务：\n（1）根据UAV-01提供的位置信息，飞往被困人员附近区域。\n（2）使用抛绳系统将救生绳索准确抛向被困人员所在位置。\n\nUAV-03\n于2023年8月15日 13:30起飞，执行以下任务：\n（1）在UAV-02进行救援的同时，继续在受灾区域上空进行搜索。\n（2）为UAV-02提供额外的支援，确保救援行动的顺利进行。\n\n——————————————————————————————————————————————————————",
                "content1_msg": "无人机名字或代号：UAV-01、UAV-02、UAV-03  \n时间：2023年8月15日 13:00 – 16:00、2023年8月15日 13:00、2023年8月15日 13:15、2023年8月15日 13:30  \n地点：四川省成都市都江堰市受灾核心区域（坐标：30.5700°N, 103.5800°E）  \n任务优先级重要性：极高（确保被困人员及时得到救援）  \n任务描述信息：协同搜索并救援被困人员；在受灾区域上空进行空中搜索，使用红外摄像头识别生命迹象；实时将搜索结果传送给地面指挥中心，并标记被困人员位置；根据UAV-01提供的位置信息，飞往被困人员附近区域；使用抛绳系统将救生绳索准确抛向被困人员所在位置；在UAV-02进行救援的同时，继续在受灾区域上空进行搜索；为UAV-02提供额外的支援，确保救援行动的顺利进行。",
                "similarity": 0.8079897002428059
            },
            {
                "content1_para": "无人机灾难救援物资投送\n执行时间\n：2023年8月15日 10:00 – 13:00\n执行地点\n：四川省成都市都江堰市（坐标：30.5673°N, 103.5834°E）\n执行者\n：\nUAV-01\n：负责空中侦察与定位受灾区域\nUAV-02\n：负责携带紧急医疗物资并投送到指定受灾点\nUAV-03\n：负责携带食品、饮用水和帐篷等物资并投送到指定受灾点\n任务优先级\n：极高（确保救援物资快速、准确地投送到受灾地区）\n操作步骤\n：\nUAV-01\n于2023年8月15日 10:00起飞，执行以下任务：\n（1）从空中侦察受灾区域，特别是桥梁、道路和房屋等基础设施的损毁情况。\n（2）使用热成像摄像头识别受困人群的位置。\n（3）实时回传侦察图像至地面指挥中心。\n\nUAV-02\n于2023年8月15日 10:30起飞，执行以下任务：\n（1）装载紧急医疗物资，包括急救包、消毒剂和常用药物。\n（2）根据UAV-01提供的侦察信息，定位最近的一处受灾点。\n（3）执行物资投送，使用精准投放系统确保物资安全降落到指定地点。\n\nUAV-03\n于2023年8月15日 10:45起飞，执行以下任务：\n（1）装载食品、饮用水和帐篷等生存必需品。",
                "content1_msg": "无人机名字或代号：UAV-01、UAV-02、UAV-03  \n时间：2023年8月15日 10:00 – 13:00、2023年8月15日 10:00、2023年8月15日 10:30、2023年8月15日 10:45  \n地点：四川省成都市都江堰市（坐标：30.5673°N, 103.5834°E）  \n任务优先级重要性：极高  \n任务描述信息：  \nUAV-01：从空中侦察受灾区域，特别是桥梁、道路和房屋等基础设施的损毁情况；使用热成像摄像头识别受困人群的位置；实时回传侦察图像至地面指挥中心。  \nUAV-02：装载紧急医疗物资，包括急救包、消毒剂和常用药物；根据UAV-01提供的侦察信息，定位最近的一处受灾点；执行物资投送，使用精准投放系统确保物资安全降落到指定地点。  \nUAV-03：装载食品、饮用水和帐篷等生存必需品。",
                "similarity": 0.7297555154472025
            }
        ]
    },
    {
        "content2_para": "UAV-01:\n实体关系：边缘区域监控\n时间：2023年8月15日 16:00\n地点：四川省成都市都江堰市受灾边缘区域（30.5625°N, 103.5900°E）\n任务优先级重要性：高\n具体任务：起飞，监控边缘区域，实时回传监控视频。",
        "matches": [
            {
                "content1_para": "无人机集群受灾区域实时监控\n执行时间\n：2023年8月15日 16:00 – 18:00\n执行地点\n：四川省成都市都江堰市受灾边缘区域（坐标：30.5625°N, 103.5900°E）\n执行者\n：\nUAV-01、UAV-02、UAV-03\n：监控受灾区域动态与救援进度\n任务优先级\n：高（确保救援行动的安全性和效率）\n操作步骤\n：\nUAV-01\n于2023年8月15日 16:00起飞，执行以下任务：\n（1）对受灾边缘区域进行监控，特别是河流、水库等潜在危险区域。\n（2）实时回传监控视频至地面指挥中心，以便调整救援策略。\n\nUAV-02\n于2023年8月15日 16:15起飞，执行以下任务：\n（1）在UAV-01监控的基础上，特别关注受灾边缘区域的人员疏散情况。\n（2）提供实时数据，协助指挥中心制定疏散路线。\n\nUAV-03\n于2023年8月15日 16:30起飞，执行以下任务：\n（1）在UAV-01和UAV-02监控的基础上，提供额外的监控视角。\n（2）实时回传受灾区域动态，以便指挥中心掌握全局情况。",
                "content1_msg": "无人机名字或代号：UAV-01、UAV-02、UAV-03  \n时间：2023年8月15日 16:00 – 18:00、2023年8月15日 16:00、2023年8月15日 16:15、2023年8月15日 16:30  \n地点：四川省成都市都江堰市受灾边缘区域（坐标：30.5625°N, 103.5900°E）  \n任务优先级重要性：高（确保救援行动的安全性和效率）  \n任务描述信息：  \n- UAV-01：对受灾边缘区域进行监控，特别是河流、水库等潜在危险区域；实时回传监控视频至地面指挥中心，以便调整救援策略。  \n- UAV-02：在UAV-01监控的基础上，特别关注受灾边缘区域的人员疏散情况；提供实时数据，协助指挥中心制定疏散路线。  \n- UAV-03：在UAV-01和UAV-02监控的基础上，提供额外的监控视角；实时回传受灾区域动态，以便指挥中心掌握全局情况。",
                "similarity": 0.8160264980551692
            },
            {
                "content1_para": "无人机集群协同搜索与救援\n执行时间\n：2023年8月15日 13:00 – 16:00\n执行地点\n：四川省成都市都江堰市受灾核心区域（坐标：30.5700°N, 103.5800°E）\n执行者\n：\nUAV-01、UAV-02、UAV-03\n：协同搜索并救援被困人员\n任务优先级\n：极高（确保被困人员及时得到救援）\n操作步骤\n：\nUAV-01\n于2023年8月15日 13:00起飞，执行以下任务：\n（1）在受灾区域上空进行空中搜索，使用红外摄像头识别生命迹象。\n（2）实时将搜索结果传送给地面指挥中心，并标记被困人员位置。\n\nUAV-02\n于2023年8月15日 13:15起飞，执行以下任务：\n（1）根据UAV-01提供的位置信息，飞往被困人员附近区域。\n（2）使用抛绳系统将救生绳索准确抛向被困人员所在位置。\n\nUAV-03\n于2023年8月15日 13:30起飞，执行以下任务：\n（1）在UAV-02进行救援的同时，继续在受灾区域上空进行搜索。\n（2）为UAV-02提供额外的支援，确保救援行动的顺利进行。\n\n——————————————————————————————————————————————————————",
                "content1_msg": "无人机名字或代号：UAV-01、UAV-02、UAV-03  \n时间：2023年8月15日 13:00 – 16:00、2023年8月15日 13:00、2023年8月15日 13:15、2023年8月15日 13:30  \n地点：四川省成都市都江堰市受灾核心区域（坐标：30.5700°N, 103.5800°E）  \n任务优先级重要性：极高（确保被困人员及时得到救援）  \n任务描述信息：协同搜索并救援被困人员；在受灾区域上空进行空中搜索，使用红外摄像头识别生命迹象；实时将搜索结果传送给地面指挥中心，并标记被困人员位置；根据UAV-01提供的位置信息，飞往被困人员附近区域；使用抛绳系统将救生绳索准确抛向被困人员所在位置；在UAV-02进行救援的同时，继续在受灾区域上空进行搜索；为UAV-02提供额外的支援，确保救援行动的顺利进行。",
                "similarity": 0.736328106650637
            }
        ]
    },
    {
        "content2_para": "UAV-02:\n实体关系：人员疏散监控\n时间：2023年8月15日 16:15\n地点：四川省成都市都江堰市受灾边缘区域（30.5625°N, 103.5900°E）\n任务优先级重要性：高\n具体任务：起飞，关注疏散情况，提供实时数据。",
        "matches": [
            {
                "content1_para": "无人机集群受灾区域实时监控\n执行时间\n：2023年8月15日 16:00 – 18:00\n执行地点\n：四川省成都市都江堰市受灾边缘区域（坐标：30.5625°N, 103.5900°E）\n执行者\n：\nUAV-01、UAV-02、UAV-03\n：监控受灾区域动态与救援进度\n任务优先级\n：高（确保救援行动的安全性和效率）\n操作步骤\n：\nUAV-01\n于2023年8月15日 16:00起飞，执行以下任务：\n（1）对受灾边缘区域进行监控，特别是河流、水库等潜在危险区域。\n（2）实时回传监控视频至地面指挥中心，以便调整救援策略。\n\nUAV-02\n于2023年8月15日 16:15起飞，执行以下任务：\n（1）在UAV-01监控的基础上，特别关注受灾边缘区域的人员疏散情况。\n（2）提供实时数据，协助指挥中心制定疏散路线。\n\nUAV-03\n于2023年8月15日 16:30起飞，执行以下任务：\n（1）在UAV-01和UAV-02监控的基础上，提供额外的监控视角。\n（2）实时回传受灾区域动态，以便指挥中心掌握全局情况。",
                "content1_msg": "无人机名字或代号：UAV-01、UAV-02、UAV-03  \n时间：2023年8月15日 16:00 – 18:00、2023年8月15日 16:00、2023年8月15日 16:15、2023年8月15日 16:30  \n地点：四川省成都市都江堰市受灾边缘区域（坐标：30.5625°N, 103.5900°E）  \n任务优先级重要性：高（确保救援行动的安全性和效率）  \n任务描述信息：  \n- UAV-01：对受灾边缘区域进行监控，特别是河流、水库等潜在危险区域；实时回传监控视频至地面指挥中心，以便调整救援策略。  \n- UAV-02：在UAV-01监控的基础上，特别关注受灾边缘区域的人员疏散情况；提供实时数据，协助指挥中心制定疏散路线。  \n- UAV-03：在UAV-01和UAV-02监控的基础上，提供额外的监控视角；实时回传受灾区域动态，以便指挥中心掌握全局情况。",
                "similarity": 0.8016207808638847
            },
            {
                "content1_para": "无人机集群协同搜索与救援\n执行时间\n：2023年8月15日 13:00 – 16:00\n执行地点\n：四川省成都市都江堰市受灾核心区域（坐标：30.5700°N, 103.5800°E）\n执行者\n：\nUAV-01、UAV-02、UAV-03\n：协同搜索并救援被困人员\n任务优先级\n：极高（确保被困人员及时得到救援）\n操作步骤\n：\nUAV-01\n于2023年8月15日 13:00起飞，执行以下任务：\n（1）在受灾区域上空进行空中搜索，使用红外摄像头识别生命迹象。\n（2）实时将搜索结果传送给地面指挥中心，并标记被困人员位置。\n\nUAV-02\n于2023年8月15日 13:15起飞，执行以下任务：\n（1）根据UAV-01提供的位置信息，飞往被困人员附近区域。\n（2）使用抛绳系统将救生绳索准确抛向被困人员所在位置。\n\nUAV-03\n于2023年8月15日 13:30起飞，执行以下任务：\n（1）在UAV-02进行救援的同时，继续在受灾区域上空进行搜索。\n（2）为UAV-02提供额外的支援，确保救援行动的顺利进行。\n\n——————————————————————————————————————————————————————",
                "content1_msg": "无人机名字或代号：UAV-01、UAV-02、UAV-03  \n时间：2023年8月15日 13:00 – 16:00、2023年8月15日 13:00、2023年8月15日 13:15、2023年8月15日 13:30  \n地点：四川省成都市都江堰市受灾核心区域（坐标：30.5700°N, 103.5800°E）  \n任务优先级重要性：极高（确保被困人员及时得到救援）  \n任务描述信息：协同搜索并救援被困人员；在受灾区域上空进行空中搜索，使用红外摄像头识别生命迹象；实时将搜索结果传送给地面指挥中心，并标记被困人员位置；根据UAV-01提供的位置信息，飞往被困人员附近区域；使用抛绳系统将救生绳索准确抛向被困人员所在位置；在UAV-02进行救援的同时，继续在受灾区域上空进行搜索；为UAV-02提供额外的支援，确保救援行动的顺利进行。",
                "similarity": 0.7211835064643031
            }
        ]
    },
    {
        "content2_para": "UAV-03:\n实体关系：全局监控支援\n时间：2023年8月15日 16:30\n地点：四川省成都市都江堰市受灾边缘区域（30.5625°N, 103.5900°E）\n任务优先级重要性：高\n具体任务：起飞，提供额外监控视角，实时回传受灾区域动态。",
        "matches": [
            {
                "content1_para": "无人机集群受灾区域实时监控\n执行时间\n：2023年8月15日 16:00 – 18:00\n执行地点\n：四川省成都市都江堰市受灾边缘区域（坐标：30.5625°N, 103.5900°E）\n执行者\n：\nUAV-01、UAV-02、UAV-03\n：监控受灾区域动态与救援进度\n任务优先级\n：高（确保救援行动的安全性和效率）\n操作步骤\n：\nUAV-01\n于2023年8月15日 16:00起飞，执行以下任务：\n（1）对受灾边缘区域进行监控，特别是河流、水库等潜在危险区域。\n（2）实时回传监控视频至地面指挥中心，以便调整救援策略。\n\nUAV-02\n于2023年8月15日 16:15起飞，执行以下任务：\n（1）在UAV-01监控的基础上，特别关注受灾边缘区域的人员疏散情况。\n（2）提供实时数据，协助指挥中心制定疏散路线。\n\nUAV-03\n于2023年8月15日 16:30起飞，执行以下任务：\n（1）在UAV-01和UAV-02监控的基础上，提供额外的监控视角。\n（2）实时回传受灾区域动态，以便指挥中心掌握全局情况。",
                "content1_msg": "无人机名字或代号：UAV-01、UAV-02、UAV-03  \n时间：2023年8月15日 16:00 – 18:00、2023年8月15日 16:00、2023年8月15日 16:15、2023年8月15日 16:30  \n地点：四川省成都市都江堰市受灾边缘区域（坐标：30.5625°N, 103.5900°E）  \n任务优先级重要性：高（确保救援行动的安全性和效率）  \n任务描述信息：  \n- UAV-01：对受灾边缘区域进行监控，特别是河流、水库等潜在危险区域；实时回传监控视频至地面指挥中心，以便调整救援策略。  \n- UAV-02：在UAV-01监控的基础上，特别关注受灾边缘区域的人员疏散情况；提供实时数据，协助指挥中心制定疏散路线。  \n- UAV-03：在UAV-01和UAV-02监控的基础上，提供额外的监控视角；实时回传受灾区域动态，以便指挥中心掌握全局情况。",
                "similarity": 0.8029026366865507
            },
            {
                "content1_para": "无人机集群协同搜索与救援\n执行时间\n：2023年8月15日 13:00 – 16:00\n执行地点\n：四川省成都市都江堰市受灾核心区域（坐标：30.5700°N, 103.5800°E）\n执行者\n：\nUAV-01、UAV-02、UAV-03\n：协同搜索并救援被困人员\n任务优先级\n：极高（确保被困人员及时得到救援）\n操作步骤\n：\nUAV-01\n于2023年8月15日 13:00起飞，执行以下任务：\n（1）在受灾区域上空进行空中搜索，使用红外摄像头识别生命迹象。\n（2）实时将搜索结果传送给地面指挥中心，并标记被困人员位置。\n\nUAV-02\n于2023年8月15日 13:15起飞，执行以下任务：\n（1）根据UAV-01提供的位置信息，飞往被困人员附近区域。\n（2）使用抛绳系统将救生绳索准确抛向被困人员所在位置。\n\nUAV-03\n于2023年8月15日 13:30起飞，执行以下任务：\n（1）在UAV-02进行救援的同时，继续在受灾区域上空进行搜索。\n（2）为UAV-02提供额外的支援，确保救援行动的顺利进行。\n\n——————————————————————————————————————————————————————",
                "content1_msg": "无人机名字或代号：UAV-01、UAV-02、UAV-03  \n时间：2023年8月15日 13:00 – 16:00、2023年8月15日 13:00、2023年8月15日 13:15、2023年8月15日 13:30  \n地点：四川省成都市都江堰市受灾核心区域（坐标：30.5700°N, 103.5800°E）  \n任务优先级重要性：极高（确保被困人员及时得到救援）  \n任务描述信息：协同搜索并救援被困人员；在受灾区域上空进行空中搜索，使用红外摄像头识别生命迹象；实时将搜索结果传送给地面指挥中心，并标记被困人员位置；根据UAV-01提供的位置信息，飞往被困人员附近区域；使用抛绳系统将救生绳索准确抛向被困人员所在位置；在UAV-02进行救援的同时，继续在受灾区域上空进行搜索；为UAV-02提供额外的支援，确保救援行动的顺利进行。",
                "similarity": 0.7217008017192529
            }
        ]
    }
]