[
    {
        "content2_para": "UAV-01:\n实体关系：灾区中心点物资投放\n时间：2023年9月5日 10:00\n地点：山东省济南市南部灾区（36.6827°N, 117.0231°E）\n任务优先级重要性：极高（紧急）\n具体任务：完成设备自检，起飞至灾区中心点，调整高度至100米，准备并投放物资。",
        "matches": [
            {
                "content1_para": "无人机集群灾害救援物资投送任务\n\n执行时间：\n2023年9月5日 10:00 – 12:00\n\n执行地点：\n山东省济南市南部灾区（坐标：36.6827°N, 117.0231°E）\n\n执行者：\nUAV-01：负责物资投放区域中心点定位与物资投放\nUAV-02：负责物资投放区域东北角定位与物资投放\nUAV-03：负责物资投放区域西南角定位与物资投放\nUAV-04：负责物资投放区域西北角定位与物资投放\n任务优先级：\n极高（确保受灾区域得到及时救援物资）\n重要性：\n紧急（受灾群众生命安全与基本生活保障）\n\n操作步骤：\nUAV-01、UAV-02、UAV-03、UAV-04\n于2023年9月5日10:00在灾区临时起飞点完成设备自检，确保以下系统正常：\nGPS定位系统\n（GNSS，定位精度≤5米，确保准确投放物资）\n物资投放系统\n（自动释放装置，确保物资投放精确无误）\n通信系统\n（4G/5G，确保与指挥中心实时通信）\n\n1.1 起飞与物资投放准备\nUAV-01于2023年9月5日10:00起飞，执行以下任务：\n- 定位灾区中心点，调整飞行高度至100米，确保视野清晰。\n- 准备投放物资，检查物资状态，确认无误后启动自",
                "content1_msg": "无人机名字或代号：UAV-01、UAV-02、UAV-03、UAV-04  \n时间：2023年9月5日 10:00 – 12:00、2023年9月5日 10:00  \n地点：山东省济南市南部灾区（坐标：36.6827°N, 117.0231°E）、灾区临时起飞点  \n任务优先级重要性：极高、紧急  \n任务描述信息：  \n- 负责物资投放区域中心点定位与物资投放  \n- 负责物资投放区域东北角定位与物资投放  \n- 负责物资投放区域西南角定位与物资投放  \n- 负责物资投放区域西北角定位与物资投放  \n- 完成设备自检，确保GPS定位系统、物资投放系统和通信系统正常  \n- UAV-01于2023年9月5日10:00起飞，定位灾区中心点，调整飞行高度至100米，准备投放物资，检查物资状态并确认无误后启动自",
                "similarity": 0.7794749351075734
            },
            {
                "content1_para": "无人机集群受灾区域实时监控与数据回传\n\n执行时间：\n2023年9月5日 12:00 – 14:00\n\n执行地点：\n山东省济南市南部灾区（坐标：36.6827°N, 117.0231°E）\n\n执行者：\nUAV-01：负责灾区中心区域实时监控与数据回传\nUAV-02：负责灾区东北角区域实时监控与数据回传\nUAV-03：负责灾区西南角区域实时监控与数据回传\nUAV-04：负责灾区西北角区域实时监控与数据回传\n任务优先级：\n高（确保救援行动顺利进行，及时调整救援策略）\n重要性：\n重要（实时掌握灾区情况，为救援人员提供决策依据）\n\n操作步骤：\nUAV-01、UAV-02、UAV-03、UAV-04\n于2023年9月5日12:00起飞，执行以下任务：\n- 保持飞行高度100米，确保视野清晰。\n- 利用高清摄像头实时监控灾区情况，包括道路状况、人员分布、救援行动等。\n- 通过4G/5G通信模块，将实时监控画面及数据回传至指挥中心。\n\n2.1 实时监控与数据回传\nUAV-01于2023年9月5日12:00起飞，执行以下任务：\n- 监控灾区中心区域，关注救援行动进展。\n- 将监控画面及数据实时回传至指挥中心。\n\nUAV-02于",
                "content1_msg": "无人机名字或代号：UAV-01、UAV-02、UAV-03、UAV-04  \n时间：2023年9月5日 12:00 – 14:00、2023年9月5日 12:00  \n地点：山东省济南市南部灾区（坐标：36.6827°N, 117.0231°E）  \n任务优先级重要性：高、重要  \n任务描述信息：  \n- 保持飞行高度100米，确保视野清晰。  \n- 利用高清摄像头实时监控灾区情况，包括道路状况、人员分布、救援行动等。  \n- 通过4G/5G通信模块，将实时监控画面及数据回传至指挥中心。  \n- UAV-01监控灾区中心区域，关注救援行动进展，并将监控画面及数据实时回传至指挥中心。  \n- UAV-02负责灾区东北角区域实时监控与数据回传（未提及具体任务步骤）。",
                "similarity": 0.723714149410883
            }
        ]
    },
    {
        "content2_para": "UAV-02:\n实体关系：灾区东北角物资投放\n时间：2023年9月5日 10:05\n地点：山东省济南市南部灾区（36.6827°N, 117.0231°E）\n任务优先级重要性：极高（紧急）\n具体任务：完成设备自检，起飞至灾区东北角，调整高度至100米，准备并投放物资。",
        "matches": [
            {
                "content1_para": "无人机集群灾害救援物资投送任务\n\n执行时间：\n2023年9月5日 10:00 – 12:00\n\n执行地点：\n山东省济南市南部灾区（坐标：36.6827°N, 117.0231°E）\n\n执行者：\nUAV-01：负责物资投放区域中心点定位与物资投放\nUAV-02：负责物资投放区域东北角定位与物资投放\nUAV-03：负责物资投放区域西南角定位与物资投放\nUAV-04：负责物资投放区域西北角定位与物资投放\n任务优先级：\n极高（确保受灾区域得到及时救援物资）\n重要性：\n紧急（受灾群众生命安全与基本生活保障）\n\n操作步骤：\nUAV-01、UAV-02、UAV-03、UAV-04\n于2023年9月5日10:00在灾区临时起飞点完成设备自检，确保以下系统正常：\nGPS定位系统\n（GNSS，定位精度≤5米，确保准确投放物资）\n物资投放系统\n（自动释放装置，确保物资投放精确无误）\n通信系统\n（4G/5G，确保与指挥中心实时通信）\n\n1.1 起飞与物资投放准备\nUAV-01于2023年9月5日10:00起飞，执行以下任务：\n- 定位灾区中心点，调整飞行高度至100米，确保视野清晰。\n- 准备投放物资，检查物资状态，确认无误后启动自",
                "content1_msg": "无人机名字或代号：UAV-01、UAV-02、UAV-03、UAV-04  \n时间：2023年9月5日 10:00 – 12:00、2023年9月5日 10:00  \n地点：山东省济南市南部灾区（坐标：36.6827°N, 117.0231°E）、灾区临时起飞点  \n任务优先级重要性：极高、紧急  \n任务描述信息：  \n- 负责物资投放区域中心点定位与物资投放  \n- 负责物资投放区域东北角定位与物资投放  \n- 负责物资投放区域西南角定位与物资投放  \n- 负责物资投放区域西北角定位与物资投放  \n- 完成设备自检，确保GPS定位系统、物资投放系统和通信系统正常  \n- UAV-01于2023年9月5日10:00起飞，定位灾区中心点，调整飞行高度至100米，准备投放物资，检查物资状态并确认无误后启动自",
                "similarity": 0.772153361199036
            },
            {
                "content1_para": "无人机集群受灾区域实时监控与数据回传\n\n执行时间：\n2023年9月5日 12:00 – 14:00\n\n执行地点：\n山东省济南市南部灾区（坐标：36.6827°N, 117.0231°E）\n\n执行者：\nUAV-01：负责灾区中心区域实时监控与数据回传\nUAV-02：负责灾区东北角区域实时监控与数据回传\nUAV-03：负责灾区西南角区域实时监控与数据回传\nUAV-04：负责灾区西北角区域实时监控与数据回传\n任务优先级：\n高（确保救援行动顺利进行，及时调整救援策略）\n重要性：\n重要（实时掌握灾区情况，为救援人员提供决策依据）\n\n操作步骤：\nUAV-01、UAV-02、UAV-03、UAV-04\n于2023年9月5日12:00起飞，执行以下任务：\n- 保持飞行高度100米，确保视野清晰。\n- 利用高清摄像头实时监控灾区情况，包括道路状况、人员分布、救援行动等。\n- 通过4G/5G通信模块，将实时监控画面及数据回传至指挥中心。\n\n2.1 实时监控与数据回传\nUAV-01于2023年9月5日12:00起飞，执行以下任务：\n- 监控灾区中心区域，关注救援行动进展。\n- 将监控画面及数据实时回传至指挥中心。\n\nUAV-02于",
                "content1_msg": "无人机名字或代号：UAV-01、UAV-02、UAV-03、UAV-04  \n时间：2023年9月5日 12:00 – 14:00、2023年9月5日 12:00  \n地点：山东省济南市南部灾区（坐标：36.6827°N, 117.0231°E）  \n任务优先级重要性：高、重要  \n任务描述信息：  \n- 保持飞行高度100米，确保视野清晰。  \n- 利用高清摄像头实时监控灾区情况，包括道路状况、人员分布、救援行动等。  \n- 通过4G/5G通信模块，将实时监控画面及数据回传至指挥中心。  \n- UAV-01监控灾区中心区域，关注救援行动进展，并将监控画面及数据实时回传至指挥中心。  \n- UAV-02负责灾区东北角区域实时监控与数据回传（未提及具体任务步骤）。",
                "similarity": 0.7164019009606569
            }
        ]
    },
    {
        "content2_para": "UAV-03:\n实体关系：灾区西南角物资投放\n时间：2023年9月5日 10:10\n地点：山东省济南市南部灾区（36.6827°N, 117.0231°E）\n任务优先级重要性：极高（紧急）\n具体任务：完成设备自检，起飞至灾区西南角，调整高度至100米，准备并投放物资。",
        "matches": [
            {
                "content1_para": "无人机集群灾害救援物资投送任务\n\n执行时间：\n2023年9月5日 10:00 – 12:00\n\n执行地点：\n山东省济南市南部灾区（坐标：36.6827°N, 117.0231°E）\n\n执行者：\nUAV-01：负责物资投放区域中心点定位与物资投放\nUAV-02：负责物资投放区域东北角定位与物资投放\nUAV-03：负责物资投放区域西南角定位与物资投放\nUAV-04：负责物资投放区域西北角定位与物资投放\n任务优先级：\n极高（确保受灾区域得到及时救援物资）\n重要性：\n紧急（受灾群众生命安全与基本生活保障）\n\n操作步骤：\nUAV-01、UAV-02、UAV-03、UAV-04\n于2023年9月5日10:00在灾区临时起飞点完成设备自检，确保以下系统正常：\nGPS定位系统\n（GNSS，定位精度≤5米，确保准确投放物资）\n物资投放系统\n（自动释放装置，确保物资投放精确无误）\n通信系统\n（4G/5G，确保与指挥中心实时通信）\n\n1.1 起飞与物资投放准备\nUAV-01于2023年9月5日10:00起飞，执行以下任务：\n- 定位灾区中心点，调整飞行高度至100米，确保视野清晰。\n- 准备投放物资，检查物资状态，确认无误后启动自",
                "content1_msg": "无人机名字或代号：UAV-01、UAV-02、UAV-03、UAV-04  \n时间：2023年9月5日 10:00 – 12:00、2023年9月5日 10:00  \n地点：山东省济南市南部灾区（坐标：36.6827°N, 117.0231°E）、灾区临时起飞点  \n任务优先级重要性：极高、紧急  \n任务描述信息：  \n- 负责物资投放区域中心点定位与物资投放  \n- 负责物资投放区域东北角定位与物资投放  \n- 负责物资投放区域西南角定位与物资投放  \n- 负责物资投放区域西北角定位与物资投放  \n- 完成设备自检，确保GPS定位系统、物资投放系统和通信系统正常  \n- UAV-01于2023年9月5日10:00起飞，定位灾区中心点，调整飞行高度至100米，准备投放物资，检查物资状态并确认无误后启动自",
                "similarity": 0.7609652017028318
            },
            {
                "content1_para": "无人机集群受灾区域实时监控与数据回传\n\n执行时间：\n2023年9月5日 12:00 – 14:00\n\n执行地点：\n山东省济南市南部灾区（坐标：36.6827°N, 117.0231°E）\n\n执行者：\nUAV-01：负责灾区中心区域实时监控与数据回传\nUAV-02：负责灾区东北角区域实时监控与数据回传\nUAV-03：负责灾区西南角区域实时监控与数据回传\nUAV-04：负责灾区西北角区域实时监控与数据回传\n任务优先级：\n高（确保救援行动顺利进行，及时调整救援策略）\n重要性：\n重要（实时掌握灾区情况，为救援人员提供决策依据）\n\n操作步骤：\nUAV-01、UAV-02、UAV-03、UAV-04\n于2023年9月5日12:00起飞，执行以下任务：\n- 保持飞行高度100米，确保视野清晰。\n- 利用高清摄像头实时监控灾区情况，包括道路状况、人员分布、救援行动等。\n- 通过4G/5G通信模块，将实时监控画面及数据回传至指挥中心。\n\n2.1 实时监控与数据回传\nUAV-01于2023年9月5日12:00起飞，执行以下任务：\n- 监控灾区中心区域，关注救援行动进展。\n- 将监控画面及数据实时回传至指挥中心。\n\nUAV-02于",
                "content1_msg": "无人机名字或代号：UAV-01、UAV-02、UAV-03、UAV-04  \n时间：2023年9月5日 12:00 – 14:00、2023年9月5日 12:00  \n地点：山东省济南市南部灾区（坐标：36.6827°N, 117.0231°E）  \n任务优先级重要性：高、重要  \n任务描述信息：  \n- 保持飞行高度100米，确保视野清晰。  \n- 利用高清摄像头实时监控灾区情况，包括道路状况、人员分布、救援行动等。  \n- 通过4G/5G通信模块，将实时监控画面及数据回传至指挥中心。  \n- UAV-01监控灾区中心区域，关注救援行动进展，并将监控画面及数据实时回传至指挥中心。  \n- UAV-02负责灾区东北角区域实时监控与数据回传（未提及具体任务步骤）。",
                "similarity": 0.6994552946978235
            }
        ]
    },
    {
        "content2_para": "UAV-04:\n实体关系：灾区西北角物资投放\n时间：2023年9月5日 10:15\n地点：山东省济南市南部灾区（36.6827°N, 117.0231°E）\n任务优先级重要性：极高（紧急）\n具体任务：完成设备自检，起飞至灾区西北角，调整高度至100米，准备并投放物资。",
        "matches": [
            {
                "content1_para": "无人机集群灾害救援物资投送任务\n\n执行时间：\n2023年9月5日 10:00 – 12:00\n\n执行地点：\n山东省济南市南部灾区（坐标：36.6827°N, 117.0231°E）\n\n执行者：\nUAV-01：负责物资投放区域中心点定位与物资投放\nUAV-02：负责物资投放区域东北角定位与物资投放\nUAV-03：负责物资投放区域西南角定位与物资投放\nUAV-04：负责物资投放区域西北角定位与物资投放\n任务优先级：\n极高（确保受灾区域得到及时救援物资）\n重要性：\n紧急（受灾群众生命安全与基本生活保障）\n\n操作步骤：\nUAV-01、UAV-02、UAV-03、UAV-04\n于2023年9月5日10:00在灾区临时起飞点完成设备自检，确保以下系统正常：\nGPS定位系统\n（GNSS，定位精度≤5米，确保准确投放物资）\n物资投放系统\n（自动释放装置，确保物资投放精确无误）\n通信系统\n（4G/5G，确保与指挥中心实时通信）\n\n1.1 起飞与物资投放准备\nUAV-01于2023年9月5日10:00起飞，执行以下任务：\n- 定位灾区中心点，调整飞行高度至100米，确保视野清晰。\n- 准备投放物资，检查物资状态，确认无误后启动自",
                "content1_msg": "无人机名字或代号：UAV-01、UAV-02、UAV-03、UAV-04  \n时间：2023年9月5日 10:00 – 12:00、2023年9月5日 10:00  \n地点：山东省济南市南部灾区（坐标：36.6827°N, 117.0231°E）、灾区临时起飞点  \n任务优先级重要性：极高、紧急  \n任务描述信息：  \n- 负责物资投放区域中心点定位与物资投放  \n- 负责物资投放区域东北角定位与物资投放  \n- 负责物资投放区域西南角定位与物资投放  \n- 负责物资投放区域西北角定位与物资投放  \n- 完成设备自检，确保GPS定位系统、物资投放系统和通信系统正常  \n- UAV-01于2023年9月5日10:00起飞，定位灾区中心点，调整飞行高度至100米，准备投放物资，检查物资状态并确认无误后启动自",
                "similarity": 0.771278424618378
            },
            {
                "content1_para": "无人机集群受灾区域实时监控与数据回传\n\n执行时间：\n2023年9月5日 12:00 – 14:00\n\n执行地点：\n山东省济南市南部灾区（坐标：36.6827°N, 117.0231°E）\n\n执行者：\nUAV-01：负责灾区中心区域实时监控与数据回传\nUAV-02：负责灾区东北角区域实时监控与数据回传\nUAV-03：负责灾区西南角区域实时监控与数据回传\nUAV-04：负责灾区西北角区域实时监控与数据回传\n任务优先级：\n高（确保救援行动顺利进行，及时调整救援策略）\n重要性：\n重要（实时掌握灾区情况，为救援人员提供决策依据）\n\n操作步骤：\nUAV-01、UAV-02、UAV-03、UAV-04\n于2023年9月5日12:00起飞，执行以下任务：\n- 保持飞行高度100米，确保视野清晰。\n- 利用高清摄像头实时监控灾区情况，包括道路状况、人员分布、救援行动等。\n- 通过4G/5G通信模块，将实时监控画面及数据回传至指挥中心。\n\n2.1 实时监控与数据回传\nUAV-01于2023年9月5日12:00起飞，执行以下任务：\n- 监控灾区中心区域，关注救援行动进展。\n- 将监控画面及数据实时回传至指挥中心。\n\nUAV-02于",
                "content1_msg": "无人机名字或代号：UAV-01、UAV-02、UAV-03、UAV-04  \n时间：2023年9月5日 12:00 – 14:00、2023年9月5日 12:00  \n地点：山东省济南市南部灾区（坐标：36.6827°N, 117.0231°E）  \n任务优先级重要性：高、重要  \n任务描述信息：  \n- 保持飞行高度100米，确保视野清晰。  \n- 利用高清摄像头实时监控灾区情况，包括道路状况、人员分布、救援行动等。  \n- 通过4G/5G通信模块，将实时监控画面及数据回传至指挥中心。  \n- UAV-01监控灾区中心区域，关注救援行动进展，并将监控画面及数据实时回传至指挥中心。  \n- UAV-02负责灾区东北角区域实时监控与数据回传（未提及具体任务步骤）。",
                "similarity": 0.7159784099595278
            }
        ]
    },
    {
        "content2_para": "UAV-01:\n实体关系：灾区中心区域实时监控\n时间：2023年9月5日 12:00\n地点：山东省济南市南部灾区（36.6827°N, 117.0231°E）\n任务优先级重要性：高（重要）\n具体任务：起飞至灾区中心区域，保持高度100米，实时监控并回传数据。",
        "matches": [
            {
                "content1_para": "无人机集群受灾区域实时监控与数据回传\n\n执行时间：\n2023年9月5日 12:00 – 14:00\n\n执行地点：\n山东省济南市南部灾区（坐标：36.6827°N, 117.0231°E）\n\n执行者：\nUAV-01：负责灾区中心区域实时监控与数据回传\nUAV-02：负责灾区东北角区域实时监控与数据回传\nUAV-03：负责灾区西南角区域实时监控与数据回传\nUAV-04：负责灾区西北角区域实时监控与数据回传\n任务优先级：\n高（确保救援行动顺利进行，及时调整救援策略）\n重要性：\n重要（实时掌握灾区情况，为救援人员提供决策依据）\n\n操作步骤：\nUAV-01、UAV-02、UAV-03、UAV-04\n于2023年9月5日12:00起飞，执行以下任务：\n- 保持飞行高度100米，确保视野清晰。\n- 利用高清摄像头实时监控灾区情况，包括道路状况、人员分布、救援行动等。\n- 通过4G/5G通信模块，将实时监控画面及数据回传至指挥中心。\n\n2.1 实时监控与数据回传\nUAV-01于2023年9月5日12:00起飞，执行以下任务：\n- 监控灾区中心区域，关注救援行动进展。\n- 将监控画面及数据实时回传至指挥中心。\n\nUAV-02于",
                "content1_msg": "无人机名字或代号：UAV-01、UAV-02、UAV-03、UAV-04  \n时间：2023年9月5日 12:00 – 14:00、2023年9月5日 12:00  \n地点：山东省济南市南部灾区（坐标：36.6827°N, 117.0231°E）  \n任务优先级重要性：高、重要  \n任务描述信息：  \n- 保持飞行高度100米，确保视野清晰。  \n- 利用高清摄像头实时监控灾区情况，包括道路状况、人员分布、救援行动等。  \n- 通过4G/5G通信模块，将实时监控画面及数据回传至指挥中心。  \n- UAV-01监控灾区中心区域，关注救援行动进展，并将监控画面及数据实时回传至指挥中心。  \n- UAV-02负责灾区东北角区域实时监控与数据回传（未提及具体任务步骤）。",
                "similarity": 0.778397411368191
            },
            {
                "content1_para": "无人机集群灾害救援物资投送任务\n\n执行时间：\n2023年9月5日 10:00 – 12:00\n\n执行地点：\n山东省济南市南部灾区（坐标：36.6827°N, 117.0231°E）\n\n执行者：\nUAV-01：负责物资投放区域中心点定位与物资投放\nUAV-02：负责物资投放区域东北角定位与物资投放\nUAV-03：负责物资投放区域西南角定位与物资投放\nUAV-04：负责物资投放区域西北角定位与物资投放\n任务优先级：\n极高（确保受灾区域得到及时救援物资）\n重要性：\n紧急（受灾群众生命安全与基本生活保障）\n\n操作步骤：\nUAV-01、UAV-02、UAV-03、UAV-04\n于2023年9月5日10:00在灾区临时起飞点完成设备自检，确保以下系统正常：\nGPS定位系统\n（GNSS，定位精度≤5米，确保准确投放物资）\n物资投放系统\n（自动释放装置，确保物资投放精确无误）\n通信系统\n（4G/5G，确保与指挥中心实时通信）\n\n1.1 起飞与物资投放准备\nUAV-01于2023年9月5日10:00起飞，执行以下任务：\n- 定位灾区中心点，调整飞行高度至100米，确保视野清晰。\n- 准备投放物资，检查物资状态，确认无误后启动自",
                "content1_msg": "无人机名字或代号：UAV-01、UAV-02、UAV-03、UAV-04  \n时间：2023年9月5日 10:00 – 12:00、2023年9月5日 10:00  \n地点：山东省济南市南部灾区（坐标：36.6827°N, 117.0231°E）、灾区临时起飞点  \n任务优先级重要性：极高、紧急  \n任务描述信息：  \n- 负责物资投放区域中心点定位与物资投放  \n- 负责物资投放区域东北角定位与物资投放  \n- 负责物资投放区域西南角定位与物资投放  \n- 负责物资投放区域西北角定位与物资投放  \n- 完成设备自检，确保GPS定位系统、物资投放系统和通信系统正常  \n- UAV-01于2023年9月5日10:00起飞，定位灾区中心点，调整飞行高度至100米，准备投放物资，检查物资状态并确认无误后启动自",
                "similarity": 0.7447587530713096
            }
        ]
    },
    {
        "content2_para": "UAV-02:\n实体关系：灾区东北角区域实时监控\n时间：2023年9月5日 12:05\n地点：山东省济南市南部灾区（36.6827°N, 117.0231°E）\n任务优先级重要性：高（重要）\n具体任务：起飞至灾区东北角区域，保持高度100米，实时监控并回传数据。",
        "matches": [
            {
                "content1_para": "无人机集群受灾区域实时监控与数据回传\n\n执行时间：\n2023年9月5日 12:00 – 14:00\n\n执行地点：\n山东省济南市南部灾区（坐标：36.6827°N, 117.0231°E）\n\n执行者：\nUAV-01：负责灾区中心区域实时监控与数据回传\nUAV-02：负责灾区东北角区域实时监控与数据回传\nUAV-03：负责灾区西南角区域实时监控与数据回传\nUAV-04：负责灾区西北角区域实时监控与数据回传\n任务优先级：\n高（确保救援行动顺利进行，及时调整救援策略）\n重要性：\n重要（实时掌握灾区情况，为救援人员提供决策依据）\n\n操作步骤：\nUAV-01、UAV-02、UAV-03、UAV-04\n于2023年9月5日12:00起飞，执行以下任务：\n- 保持飞行高度100米，确保视野清晰。\n- 利用高清摄像头实时监控灾区情况，包括道路状况、人员分布、救援行动等。\n- 通过4G/5G通信模块，将实时监控画面及数据回传至指挥中心。\n\n2.1 实时监控与数据回传\nUAV-01于2023年9月5日12:00起飞，执行以下任务：\n- 监控灾区中心区域，关注救援行动进展。\n- 将监控画面及数据实时回传至指挥中心。\n\nUAV-02于",
                "content1_msg": "无人机名字或代号：UAV-01、UAV-02、UAV-03、UAV-04  \n时间：2023年9月5日 12:00 – 14:00、2023年9月5日 12:00  \n地点：山东省济南市南部灾区（坐标：36.6827°N, 117.0231°E）  \n任务优先级重要性：高、重要  \n任务描述信息：  \n- 保持飞行高度100米，确保视野清晰。  \n- 利用高清摄像头实时监控灾区情况，包括道路状况、人员分布、救援行动等。  \n- 通过4G/5G通信模块，将实时监控画面及数据回传至指挥中心。  \n- UAV-01监控灾区中心区域，关注救援行动进展，并将监控画面及数据实时回传至指挥中心。  \n- UAV-02负责灾区东北角区域实时监控与数据回传（未提及具体任务步骤）。",
                "similarity": 0.7731436449479593
            },
            {
                "content1_para": "无人机集群灾害救援物资投送任务\n\n执行时间：\n2023年9月5日 10:00 – 12:00\n\n执行地点：\n山东省济南市南部灾区（坐标：36.6827°N, 117.0231°E）\n\n执行者：\nUAV-01：负责物资投放区域中心点定位与物资投放\nUAV-02：负责物资投放区域东北角定位与物资投放\nUAV-03：负责物资投放区域西南角定位与物资投放\nUAV-04：负责物资投放区域西北角定位与物资投放\n任务优先级：\n极高（确保受灾区域得到及时救援物资）\n重要性：\n紧急（受灾群众生命安全与基本生活保障）\n\n操作步骤：\nUAV-01、UAV-02、UAV-03、UAV-04\n于2023年9月5日10:00在灾区临时起飞点完成设备自检，确保以下系统正常：\nGPS定位系统\n（GNSS，定位精度≤5米，确保准确投放物资）\n物资投放系统\n（自动释放装置，确保物资投放精确无误）\n通信系统\n（4G/5G，确保与指挥中心实时通信）\n\n1.1 起飞与物资投放准备\nUAV-01于2023年9月5日10:00起飞，执行以下任务：\n- 定位灾区中心点，调整飞行高度至100米，确保视野清晰。\n- 准备投放物资，检查物资状态，确认无误后启动自",
                "content1_msg": "无人机名字或代号：UAV-01、UAV-02、UAV-03、UAV-04  \n时间：2023年9月5日 10:00 – 12:00、2023年9月5日 10:00  \n地点：山东省济南市南部灾区（坐标：36.6827°N, 117.0231°E）、灾区临时起飞点  \n任务优先级重要性：极高、紧急  \n任务描述信息：  \n- 负责物资投放区域中心点定位与物资投放  \n- 负责物资投放区域东北角定位与物资投放  \n- 负责物资投放区域西南角定位与物资投放  \n- 负责物资投放区域西北角定位与物资投放  \n- 完成设备自检，确保GPS定位系统、物资投放系统和通信系统正常  \n- UAV-01于2023年9月5日10:00起飞，定位灾区中心点，调整飞行高度至100米，准备投放物资，检查物资状态并确认无误后启动自",
                "similarity": 0.738691251663234
            }
        ]
    },
    {
        "content2_para": "UAV-03:\n实体关系：灾区西南角区域实时监控\n时间：2023年9月5日 12:10\n地点：山东省济南市南部灾区（36.6827°N, 117.0231°E）\n任务优先级重要性：高（重要）\n具体任务：起飞至灾区西南角区域，保持高度100米，实时监控并回传数据。",
        "matches": [
            {
                "content1_para": "无人机集群受灾区域实时监控与数据回传\n\n执行时间：\n2023年9月5日 12:00 – 14:00\n\n执行地点：\n山东省济南市南部灾区（坐标：36.6827°N, 117.0231°E）\n\n执行者：\nUAV-01：负责灾区中心区域实时监控与数据回传\nUAV-02：负责灾区东北角区域实时监控与数据回传\nUAV-03：负责灾区西南角区域实时监控与数据回传\nUAV-04：负责灾区西北角区域实时监控与数据回传\n任务优先级：\n高（确保救援行动顺利进行，及时调整救援策略）\n重要性：\n重要（实时掌握灾区情况，为救援人员提供决策依据）\n\n操作步骤：\nUAV-01、UAV-02、UAV-03、UAV-04\n于2023年9月5日12:00起飞，执行以下任务：\n- 保持飞行高度100米，确保视野清晰。\n- 利用高清摄像头实时监控灾区情况，包括道路状况、人员分布、救援行动等。\n- 通过4G/5G通信模块，将实时监控画面及数据回传至指挥中心。\n\n2.1 实时监控与数据回传\nUAV-01于2023年9月5日12:00起飞，执行以下任务：\n- 监控灾区中心区域，关注救援行动进展。\n- 将监控画面及数据实时回传至指挥中心。\n\nUAV-02于",
                "content1_msg": "无人机名字或代号：UAV-01、UAV-02、UAV-03、UAV-04  \n时间：2023年9月5日 12:00 – 14:00、2023年9月5日 12:00  \n地点：山东省济南市南部灾区（坐标：36.6827°N, 117.0231°E）  \n任务优先级重要性：高、重要  \n任务描述信息：  \n- 保持飞行高度100米，确保视野清晰。  \n- 利用高清摄像头实时监控灾区情况，包括道路状况、人员分布、救援行动等。  \n- 通过4G/5G通信模块，将实时监控画面及数据回传至指挥中心。  \n- UAV-01监控灾区中心区域，关注救援行动进展，并将监控画面及数据实时回传至指挥中心。  \n- UAV-02负责灾区东北角区域实时监控与数据回传（未提及具体任务步骤）。",
                "similarity": 0.7611826523606283
            },
            {
                "content1_para": "无人机集群灾害救援物资投送任务\n\n执行时间：\n2023年9月5日 10:00 – 12:00\n\n执行地点：\n山东省济南市南部灾区（坐标：36.6827°N, 117.0231°E）\n\n执行者：\nUAV-01：负责物资投放区域中心点定位与物资投放\nUAV-02：负责物资投放区域东北角定位与物资投放\nUAV-03：负责物资投放区域西南角定位与物资投放\nUAV-04：负责物资投放区域西北角定位与物资投放\n任务优先级：\n极高（确保受灾区域得到及时救援物资）\n重要性：\n紧急（受灾群众生命安全与基本生活保障）\n\n操作步骤：\nUAV-01、UAV-02、UAV-03、UAV-04\n于2023年9月5日10:00在灾区临时起飞点完成设备自检，确保以下系统正常：\nGPS定位系统\n（GNSS，定位精度≤5米，确保准确投放物资）\n物资投放系统\n（自动释放装置，确保物资投放精确无误）\n通信系统\n（4G/5G，确保与指挥中心实时通信）\n\n1.1 起飞与物资投放准备\nUAV-01于2023年9月5日10:00起飞，执行以下任务：\n- 定位灾区中心点，调整飞行高度至100米，确保视野清晰。\n- 准备投放物资，检查物资状态，确认无误后启动自",
                "content1_msg": "无人机名字或代号：UAV-01、UAV-02、UAV-03、UAV-04  \n时间：2023年9月5日 10:00 – 12:00、2023年9月5日 10:00  \n地点：山东省济南市南部灾区（坐标：36.6827°N, 117.0231°E）、灾区临时起飞点  \n任务优先级重要性：极高、紧急  \n任务描述信息：  \n- 负责物资投放区域中心点定位与物资投放  \n- 负责物资投放区域东北角定位与物资投放  \n- 负责物资投放区域西南角定位与物资投放  \n- 负责物资投放区域西北角定位与物资投放  \n- 完成设备自检，确保GPS定位系统、物资投放系统和通信系统正常  \n- UAV-01于2023年9月5日10:00起飞，定位灾区中心点，调整飞行高度至100米，准备投放物资，检查物资状态并确认无误后启动自",
                "similarity": 0.7407028358414737
            }
        ]
    },
    {
        "content2_para": "UAV-04:\n实体关系：灾区西北角区域实时监控\n时间：2023年9月5日 12:15\n地点：山东省济南市南部灾区（36.6827°N, 117.0231°E）\n任务优先级重要性：高（重要）\n具体任务：起飞至灾区西北角区域，保持高度100米，实时监控并回传数据。",
        "matches": [
            {
                "content1_para": "无人机集群受灾区域实时监控与数据回传\n\n执行时间：\n2023年9月5日 12:00 – 14:00\n\n执行地点：\n山东省济南市南部灾区（坐标：36.6827°N, 117.0231°E）\n\n执行者：\nUAV-01：负责灾区中心区域实时监控与数据回传\nUAV-02：负责灾区东北角区域实时监控与数据回传\nUAV-03：负责灾区西南角区域实时监控与数据回传\nUAV-04：负责灾区西北角区域实时监控与数据回传\n任务优先级：\n高（确保救援行动顺利进行，及时调整救援策略）\n重要性：\n重要（实时掌握灾区情况，为救援人员提供决策依据）\n\n操作步骤：\nUAV-01、UAV-02、UAV-03、UAV-04\n于2023年9月5日12:00起飞，执行以下任务：\n- 保持飞行高度100米，确保视野清晰。\n- 利用高清摄像头实时监控灾区情况，包括道路状况、人员分布、救援行动等。\n- 通过4G/5G通信模块，将实时监控画面及数据回传至指挥中心。\n\n2.1 实时监控与数据回传\nUAV-01于2023年9月5日12:00起飞，执行以下任务：\n- 监控灾区中心区域，关注救援行动进展。\n- 将监控画面及数据实时回传至指挥中心。\n\nUAV-02于",
                "content1_msg": "无人机名字或代号：UAV-01、UAV-02、UAV-03、UAV-04  \n时间：2023年9月5日 12:00 – 14:00、2023年9月5日 12:00  \n地点：山东省济南市南部灾区（坐标：36.6827°N, 117.0231°E）  \n任务优先级重要性：高、重要  \n任务描述信息：  \n- 保持飞行高度100米，确保视野清晰。  \n- 利用高清摄像头实时监控灾区情况，包括道路状况、人员分布、救援行动等。  \n- 通过4G/5G通信模块，将实时监控画面及数据回传至指挥中心。  \n- UAV-01监控灾区中心区域，关注救援行动进展，并将监控画面及数据实时回传至指挥中心。  \n- UAV-02负责灾区东北角区域实时监控与数据回传（未提及具体任务步骤）。",
                "similarity": 0.7715969640206827
            },
            {
                "content1_para": "无人机集群灾害救援物资投送任务\n\n执行时间：\n2023年9月5日 10:00 – 12:00\n\n执行地点：\n山东省济南市南部灾区（坐标：36.6827°N, 117.0231°E）\n\n执行者：\nUAV-01：负责物资投放区域中心点定位与物资投放\nUAV-02：负责物资投放区域东北角定位与物资投放\nUAV-03：负责物资投放区域西南角定位与物资投放\nUAV-04：负责物资投放区域西北角定位与物资投放\n任务优先级：\n极高（确保受灾区域得到及时救援物资）\n重要性：\n紧急（受灾群众生命安全与基本生活保障）\n\n操作步骤：\nUAV-01、UAV-02、UAV-03、UAV-04\n于2023年9月5日10:00在灾区临时起飞点完成设备自检，确保以下系统正常：\nGPS定位系统\n（GNSS，定位精度≤5米，确保准确投放物资）\n物资投放系统\n（自动释放装置，确保物资投放精确无误）\n通信系统\n（4G/5G，确保与指挥中心实时通信）\n\n1.1 起飞与物资投放准备\nUAV-01于2023年9月5日10:00起飞，执行以下任务：\n- 定位灾区中心点，调整飞行高度至100米，确保视野清晰。\n- 准备投放物资，检查物资状态，确认无误后启动自",
                "content1_msg": "无人机名字或代号：UAV-01、UAV-02、UAV-03、UAV-04  \n时间：2023年9月5日 10:00 – 12:00、2023年9月5日 10:00  \n地点：山东省济南市南部灾区（坐标：36.6827°N, 117.0231°E）、灾区临时起飞点  \n任务优先级重要性：极高、紧急  \n任务描述信息：  \n- 负责物资投放区域中心点定位与物资投放  \n- 负责物资投放区域东北角定位与物资投放  \n- 负责物资投放区域西南角定位与物资投放  \n- 负责物资投放区域西北角定位与物资投放  \n- 完成设备自检，确保GPS定位系统、物资投放系统和通信系统正常  \n- UAV-01于2023年9月5日10:00起飞，定位灾区中心点，调整飞行高度至100米，准备投放物资，检查物资状态并确认无误后启动自",
                "similarity": 0.7361358217277787
            }
        ]
    }
]