[
    {
        "paragraph": "UAV-01:\n实体关系：灾区核心区域空中侦察\n时间：2023年8月15日 08:00\n地点：四川省成都市都江堰市震中区域\n任务优先级重要性：极高\n具体任务：起飞，飞行高度300米，沿灾区核心区域边缘进行螺旋航线侦察。"
    },
    {
        "paragraph": "UAV-02:\n实体关系：灾区外围区域空中侦察\n时间：2023年8月15日 08:10\n地点：四川省成都市都江堰市震中区域\n任务优先级重要性：极高\n具体任务：起飞，飞行高度250米，沿灾区外围区域进行网状航线侦察。"
    },
    {
        "paragraph": "UAV-03:\n实体关系：重点建筑物及桥梁侦察\n时间：2023年8月15日 08:20\n地点：四川省成都市都江堰市震中区域\n任务优先级重要性：极高\n具体任务：起飞，飞行高度400米，对灾区重点建筑物及桥梁进行详细侦察。"
    },
    {
        "paragraph": "UAV-01:\n实体关系：紧急医疗物资投送\n时间：2023年8月15日 11:00\n地点：四川省成都市都江堰市灾区指定投送区域\n任务优先级重要性：极高\n具体任务：起飞，飞行高度200米，投送紧急医疗物资到灾区核心区域。"
    },
    {
        "paragraph": "UAV-02:\n实体关系：食物和水投送\n时间：2023年8月15日 11:10\n地点：四川省成都市都江堰市灾区指定投送区域\n任务优先级重要性：极高\n具体任务：起飞，飞行高度150米，投送食物和水到灾区外围区域。"
    },
    {
        "paragraph": "UAV-03:\n实体关系：应急照明设备投送\n时间：2023年8月15日 11:20\n地点：四川省成都市都江堰市灾区指定投送区域\n任务优先级重要性：极高\n具体任务：起飞，飞行高度180米，投送应急照明设备到灾区重点区域。"
    },
    {
        "paragraph": "UAV-01:\n实体关系：灾区与外界通信中继\n时间：2023年8月15日 14:00\n地点：四川省成都市都江堰市灾区通信中断区域\n任务优先级重要性：高\n具体任务：起飞，飞行高度350米，建立灾区与外界通信中继点。"
    },
    {
        "paragraph": "UAV-02:\n实体关系：灾区内部通信中继\n时间：2023年8月15日 14:10\n地点：四川省成都市都江堰市灾区通信中断区域\n任务优先级重要性：高\n具体任务：起飞，飞行高度300米，建立灾区内部多个通信中继点。"
    }
]