[
    {
        "paragraph": "无人机快递配送任务\n\n执行时间\n：2023年10月15日 08:00 – 10:00\n执行地点\n：上海市浦东新区陆家嘴金融区\n执行者\n：\nUAV-01：负责配送位于浦东新区世纪大道的快递包裹至陆家嘴金融区核心商务楼\nUAV-02：负责配送位于浦东新区张江高科技园区的快递包裹至陆家嘴金融区核心商务楼\nUAV-03：负责配送位于浦东新区金桥出口加工区的快递包裹至陆家嘴金融区核心商务楼\n任务优先级\n：高（快递时效性直接影响客户满意度）\n重要性\n：重要（保障商务区快递配送效率）\n操作步骤\n：\n无人机起飞与准备\n（2023年10月15日 08:00 – 08:10）\nUAV-01至UAV-03\n依次起飞，检查系统状态，确保飞行安全。\nUAV-01\n：在世纪大道指定区域起飞，飞行高度100m。\nUAV-02\n：在张江高科技园区指定区域起飞，飞行高度100m。\nUAV-03\n：在金桥出口加工区指定区域起飞，飞行高度100m。\n\n航线规划与包裹投递\n（2023年10月15日 08:10 – 09:50）\nUAV-01\n在世纪大道执行“直线航线”，飞行速度10 km/h，将包裹投递至陆家嘴金融区核心商务楼。\nUAV-02\n在张",
        "key_message": "无人机名字或代号：UAV-01、UAV-02、UAV-03  \n时间：2023年10月15日 08:00 – 10:00、2023年10月15日 08:00 – 08:10、2023年10月15日 08:10 – 09:50  \n地点：上海市浦东新区陆家嘴金融区、浦东新区世纪大道、浦东新区张江高科技园区、浦东新区金桥出口加工区  \n任务优先级重要性：高、重要  \n任务描述信息：  \n- UAV-01至UAV-03依次起飞，检查系统状态，确保飞行安全。  \n- UAV-01在世纪大道指定区域起飞，飞行高度100m。  \n- UAV-02在张江高科技园区指定区域起飞，飞行高度100m。  \n- UAV-03在金桥出口加工区指定区域起飞，飞行高度100m。  \n- UAV-01在世纪大道执行“直线航线”，飞行速度10 km/h，将包裹投递至陆家嘴金融区核心商务楼。  \n- UAV-02在张（未完整描述，但推测为类似配送任务）。"
    },
    {
        "paragraph": "m/h，将包裹投递至陆家嘴金融区核心商务楼。\nUAV-02\n在张江高科技园区执行“直线航线”，飞行速度10 km/h，将包裹投递至陆家嘴金融区核心商务楼。\nUAV-03\n在金桥出口加工区执行“直线航线”，飞行速度10 km/h，将包裹投递至陆家嘴金融区核心商务楼。\n\n包裹投递与返航\n（2023年10月15日 09:50 – 10:00）\nUAV-01\n将包裹投递至陆家嘴金融区核心商务楼后，返回世纪大道指定区域进行降落。\nUAV-02\n将包裹投递至陆家嘴金融区核心商务楼后，返回张江高科技园区指定区域进行降落。\nUAV-03\n将包裹投递至陆家嘴金融区核心商务楼后，返回金桥出口加工区指定区域进行降落。\n\n无人机返航与维护\n（2023年10月15日 10:00 – 10:10）\nUAV-01至UAV-03\n依次返航至浦东新区陆家嘴金融区无人机调度站，进行设备检查与维护。\n\n————————————————————————————————————————————————————————————————————————————————-",
        "key_message": "无人机名字或代号：UAV-01、UAV-02、UAV-03  \n时间：2023年10月15日 09:50 – 10:00、2023年10月15日 10:00 – 10:10  \n地点：陆家嘴金融区核心商务楼、世纪大道指定区域、张江高科技园区指定区域、金桥出口加工区指定区域、浦东新区陆家嘴金融区无人机调度站  \n任务优先级重要性：未提及  \n任务描述信息：将包裹投递至陆家嘴金融区核心商务楼；返回世纪大道/张江高科技园区/金桥出口加工区指定区域进行降落；依次返航至浦东新区陆家嘴金融区无人机调度站，进行设备检查与维护。"
    },
    {
        "paragraph": "无人机应急快递配送任务\n\n执行时间\n：2023年10月16日 15:00 – 17:00\n执行地点\n：上海市浦东新区临港新城\n执行者\n：\nUAV-01：负责配送医疗物资至临港新城某医院\nUAV-02：负责配送紧急药品至临港新城某药店\nUAV-03：负责配送食品援助至临港新城某社区\n任务优先级\n：极高（紧急救援，保障生命安全）\n重要性\n：极高（迅速响应，减少损失）\n操作步骤\n：\n无人机起飞与准备\n（2023年10月16日 15:00 – 15:10）\nUAV-01至UAV-03\n依次起飞，检查系统状态，确保飞行安全。\nUAV-01\n：在医疗物资仓库指定区域起飞，飞行高度100m。\nUAV-02\n：在药品仓库指定区域起飞，飞行高度100m。\nUAV-03\n：在食品仓库指定区域起飞，飞行高度100m。\n\n航线规划与物资投递\n（2023年10月16日 15:10 – 16:30）\nUAV-01\n在医疗物资仓库执行“直线航线”，飞行速度15 km/h，将医疗物资投递至临港新城某医院。\nUAV-02\n在药品仓库执行“直线航线”，飞行速度15 km/h，将紧急药品投递至临港新城某药店。\nUAV-03\n在食品仓库执行“直线航",
        "key_message": "无人机名字或代号：UAV-01、UAV-02、UAV-03  \n时间：2023年10月16日 15:00 – 17:00、2023年10月16日 15:00 – 15:10、2023年10月16日 15:10 – 16:30  \n地点：上海市浦东新区临港新城、医疗物资仓库、药品仓库、食品仓库  \n任务优先级重要性：极高（紧急救援，保障生命安全）、极高（迅速响应，减少损失）  \n任务描述信息：  \n- UAV-01至UAV-03依次起飞，检查系统状态，确保飞行安全。  \n- UAV-01在医疗物资仓库指定区域起飞，飞行高度100m，执行“直线航线”，飞行速度15 km/h，将医疗物资投递至临港新城某医院。  \n- UAV-02在药品仓库指定区域起飞，飞行高度100m，执行“直线航线”，飞行速度15 km/h，将紧急药品投递至临港新城某药店。  \n- UAV-03在食品仓库指定区域起飞，飞行高度100m，执行“直线航线”，将食品援助投递至临港新城某社区。"
    },
    {
        "paragraph": "药品投递至临港新城某药店。\nUAV-03\n在食品仓库执行“直线航线”，飞行速度15 km/h，将食品援助投递至临港新城某社区。\n\n物资投递与返航\n（2023年10月16日 16:30 – 17:00）\nUAV-01\n将医疗物资投递至临港新城某医院后，返回医疗物资仓库指定区域进行降落。\nUAV-02\n将紧急药品投递至临港新城某药店后，返回药品仓库指定区域进行降落。\nUAV-03\n将食品援助投递至临港新城某社区后，返回食品仓库指定区域进行降落。\n\n无人机返航与维护\n（2023年10月16日 17:00 – 17:10）\nUAV-01至UAV-03\n依次返航至浦东新区临港新城无人机调度站，进行设备检查与维护。",
        "key_message": "无人机名字或代号：UAV-01、UAV-02、UAV-03  \n时间：2023年10月16日 16:30 – 17:00、2023年10月16日 17:00 – 17:10  \n地点：临港新城某医院、临港新城某药店、临港新城某社区、食品仓库、医疗物资仓库、药品仓库、浦东新区临港新城无人机调度站  \n任务优先级重要性：未提及  \n任务描述信息：将医疗物资投递至临港新城某医院后返航、将紧急药品投递至临港新城某药店后返航、将食品援助投递至临港新城某社区后返航、依次返航至浦东新区临港新城无人机调度站进行设备检查与维护"
    }
]