[
    {
        "content2_para": "UAV-01:\n实体关系：急救包投送\n时间：2023年8月15日 08:30 – 09:00\n地点：四川省成都市青羊区都江堰市震中区域（N30.9886°, E103.5528°）\n任务优先级重要性：极高\n具体任务：携带急救包，按照预定航线向灾区飞行，投放急救包。",
        "matches": [
            {
                "content1_para": "无人机集群灾区物资投送任务\n\n执行时间\n：2023年8月15日 08:00 – 12:00\n执行地点\n：四川省成都市青羊区都江堰市震中区域（具体坐标：N30.9886°, E103.5528°）\n执行者\n：\nUAV-01至UAV-05：负责物资投送\nUAV-06：负责灾区实时监控与信息收集\n任务优先级\n：极高（灾后救援物资需求紧迫）\n任务重要性\n：确保受灾地区物资及时到位，减少受灾人口伤亡\n\n操作步骤：\n————————————————————————————————————————————————————————————————————————————————-\n\n**8:00 - 8:30**",
                "content1_msg": "无人机名字或代号：UAV-01、UAV-02、UAV-03、UAV-04、UAV-05、UAV-06  \n时间：2023年8月15日 08:00 – 12:00、8:00 - 8:30  \n地点：四川省成都市青羊区都江堰市震中区域（具体坐标：N30.9886°, E103.5528°）  \n任务优先级重要性：极高  \n任务描述信息：负责物资投送、灾区实时监控与信息收集（未提及具体操作步骤，仅列出总体任务）",
                "similarity": 0.8400996211218066
            },
            {
                "content1_para": "无人机集群灾区实时通信建立任务\n\n执行时间\n：2023年8月15日 12:30 – 15:00\n执行地点\n：四川省成都市青羊区都江堰市震中区域（具体坐标：N30.9886°, E103.5528°）\n执行者\n：\nUAV-06：负责通信信号建立\n任务优先级\n：高（确保救援团队与灾区联系畅通）\n任务重要性\n：为救援团队提供实时信息，提高救援效率\n\n操作步骤：\n————————————————————————————————————————————————————————————————————————————————-\n\n**12:30 - 12:45**",
                "content1_msg": "无人机名字或代号：UAV-06  \n时间：2023年8月15日 12:30 – 15:00、12:30 - 12:45  \n地点：四川省成都市青羊区都江堰市震中区域（具体坐标：N30.9886°, E103.5528°）  \n任务优先级重要性：高（确保救援团队与灾区联系畅通）、为救援团队提供实时信息，提高救援效率  \n任务描述信息：负责通信信号建立、起飞（未提及具体动作，但可推测与通信信号建立相关）  \n\n注：部分任务描述信息较为隐含，根据上下文进行了合理推测。",
                "similarity": 0.7909721912533112
            }
        ]
    },
    {
        "content2_para": "UAV-02:\n实体关系：食物和水投送\n时间：2023年8月15日 08:30 – 09:00\n地点：四川省成都市青羊区都江堰市震中区域（N30.9886°, E103.5528°）\n任务优先级重要性：极高\n具体任务：携带食物和水，按照预定航线向灾区飞行，投放食物和水。",
        "matches": [
            {
                "content1_para": "无人机集群灾区物资投送任务\n\n执行时间\n：2023年8月15日 08:00 – 12:00\n执行地点\n：四川省成都市青羊区都江堰市震中区域（具体坐标：N30.9886°, E103.5528°）\n执行者\n：\nUAV-01至UAV-05：负责物资投送\nUAV-06：负责灾区实时监控与信息收集\n任务优先级\n：极高（灾后救援物资需求紧迫）\n任务重要性\n：确保受灾地区物资及时到位，减少受灾人口伤亡\n\n操作步骤：\n————————————————————————————————————————————————————————————————————————————————-\n\n**8:00 - 8:30**",
                "content1_msg": "无人机名字或代号：UAV-01、UAV-02、UAV-03、UAV-04、UAV-05、UAV-06  \n时间：2023年8月15日 08:00 – 12:00、8:00 - 8:30  \n地点：四川省成都市青羊区都江堰市震中区域（具体坐标：N30.9886°, E103.5528°）  \n任务优先级重要性：极高  \n任务描述信息：负责物资投送、灾区实时监控与信息收集（未提及具体操作步骤，仅列出总体任务）",
                "similarity": 0.8339680317091174
            },
            {
                "content1_para": "无人机集群灾区实时通信建立任务\n\n执行时间\n：2023年8月15日 12:30 – 15:00\n执行地点\n：四川省成都市青羊区都江堰市震中区域（具体坐标：N30.9886°, E103.5528°）\n执行者\n：\nUAV-06：负责通信信号建立\n任务优先级\n：高（确保救援团队与灾区联系畅通）\n任务重要性\n：为救援团队提供实时信息，提高救援效率\n\n操作步骤：\n————————————————————————————————————————————————————————————————————————————————-\n\n**12:30 - 12:45**",
                "content1_msg": "无人机名字或代号：UAV-06  \n时间：2023年8月15日 12:30 – 15:00、12:30 - 12:45  \n地点：四川省成都市青羊区都江堰市震中区域（具体坐标：N30.9886°, E103.5528°）  \n任务优先级重要性：高（确保救援团队与灾区联系畅通）、为救援团队提供实时信息，提高救援效率  \n任务描述信息：负责通信信号建立、起飞（未提及具体动作，但可推测与通信信号建立相关）  \n\n注：部分任务描述信息较为隐含，根据上下文进行了合理推测。",
                "similarity": 0.7833450616985627
            }
        ]
    },
    {
        "content2_para": "UAV-03:\n实体关系：临时帐篷投送\n时间：2023年8月15日 08:30 – 09:00\n地点：四川省成都市青羊区都江堰市震中区域（N30.9886°, E103.5528°）\n任务优先级重要性：极高\n具体任务：携带临时帐篷，按照预定航线向灾区飞行，投放临时帐篷。",
        "matches": [
            {
                "content1_para": "无人机集群灾区物资投送任务\n\n执行时间\n：2023年8月15日 08:00 – 12:00\n执行地点\n：四川省成都市青羊区都江堰市震中区域（具体坐标：N30.9886°, E103.5528°）\n执行者\n：\nUAV-01至UAV-05：负责物资投送\nUAV-06：负责灾区实时监控与信息收集\n任务优先级\n：极高（灾后救援物资需求紧迫）\n任务重要性\n：确保受灾地区物资及时到位，减少受灾人口伤亡\n\n操作步骤：\n————————————————————————————————————————————————————————————————————————————————-\n\n**8:00 - 8:30**",
                "content1_msg": "无人机名字或代号：UAV-01、UAV-02、UAV-03、UAV-04、UAV-05、UAV-06  \n时间：2023年8月15日 08:00 – 12:00、8:00 - 8:30  \n地点：四川省成都市青羊区都江堰市震中区域（具体坐标：N30.9886°, E103.5528°）  \n任务优先级重要性：极高  \n任务描述信息：负责物资投送、灾区实时监控与信息收集（未提及具体操作步骤，仅列出总体任务）",
                "similarity": 0.8391990545438952
            },
            {
                "content1_para": "无人机集群灾区实时通信建立任务\n\n执行时间\n：2023年8月15日 12:30 – 15:00\n执行地点\n：四川省成都市青羊区都江堰市震中区域（具体坐标：N30.9886°, E103.5528°）\n执行者\n：\nUAV-06：负责通信信号建立\n任务优先级\n：高（确保救援团队与灾区联系畅通）\n任务重要性\n：为救援团队提供实时信息，提高救援效率\n\n操作步骤：\n————————————————————————————————————————————————————————————————————————————————-\n\n**12:30 - 12:45**",
                "content1_msg": "无人机名字或代号：UAV-06  \n时间：2023年8月15日 12:30 – 15:00、12:30 - 12:45  \n地点：四川省成都市青羊区都江堰市震中区域（具体坐标：N30.9886°, E103.5528°）  \n任务优先级重要性：高（确保救援团队与灾区联系畅通）、为救援团队提供实时信息，提高救援效率  \n任务描述信息：负责通信信号建立、起飞（未提及具体动作，但可推测与通信信号建立相关）  \n\n注：部分任务描述信息较为隐含，根据上下文进行了合理推测。",
                "similarity": 0.7874285163074799
            }
        ]
    },
    {
        "content2_para": "UAV-04:\n实体关系：手电筒和电池投送\n时间：2023年8月15日 08:30 – 09:00\n地点：四川省成都市青羊区都江堰市震中区域（N30.9886°, E103.5528°）\n任务优先级重要性：极高\n具体任务：携带手电筒和电池，按照预定航线向灾区飞行，投放手电筒和电池。",
        "matches": [
            {
                "content1_para": "无人机集群灾区物资投送任务\n\n执行时间\n：2023年8月15日 08:00 – 12:00\n执行地点\n：四川省成都市青羊区都江堰市震中区域（具体坐标：N30.9886°, E103.5528°）\n执行者\n：\nUAV-01至UAV-05：负责物资投送\nUAV-06：负责灾区实时监控与信息收集\n任务优先级\n：极高（灾后救援物资需求紧迫）\n任务重要性\n：确保受灾地区物资及时到位，减少受灾人口伤亡\n\n操作步骤：\n————————————————————————————————————————————————————————————————————————————————-\n\n**8:00 - 8:30**",
                "content1_msg": "无人机名字或代号：UAV-01、UAV-02、UAV-03、UAV-04、UAV-05、UAV-06  \n时间：2023年8月15日 08:00 – 12:00、8:00 - 8:30  \n地点：四川省成都市青羊区都江堰市震中区域（具体坐标：N30.9886°, E103.5528°）  \n任务优先级重要性：极高  \n任务描述信息：负责物资投送、灾区实时监控与信息收集（未提及具体操作步骤，仅列出总体任务）",
                "similarity": 0.8347343090223498
            },
            {
                "content1_para": "无人机集群灾区实时通信建立任务\n\n执行时间\n：2023年8月15日 12:30 – 15:00\n执行地点\n：四川省成都市青羊区都江堰市震中区域（具体坐标：N30.9886°, E103.5528°）\n执行者\n：\nUAV-06：负责通信信号建立\n任务优先级\n：高（确保救援团队与灾区联系畅通）\n任务重要性\n：为救援团队提供实时信息，提高救援效率\n\n操作步骤：\n————————————————————————————————————————————————————————————————————————————————-\n\n**12:30 - 12:45**",
                "content1_msg": "无人机名字或代号：UAV-06  \n时间：2023年8月15日 12:30 – 15:00、12:30 - 12:45  \n地点：四川省成都市青羊区都江堰市震中区域（具体坐标：N30.9886°, E103.5528°）  \n任务优先级重要性：高（确保救援团队与灾区联系畅通）、为救援团队提供实时信息，提高救援效率  \n任务描述信息：负责通信信号建立、起飞（未提及具体动作，但可推测与通信信号建立相关）  \n\n注：部分任务描述信息较为隐含，根据上下文进行了合理推测。",
                "similarity": 0.7820503892093964
            }
        ]
    },
    {
        "content2_para": "UAV-05:\n实体关系：简易工具包投送\n时间：2023年8月15日 08:30 – 09:00\n地点：四川省成都市青羊区都江堰市震中区域（N30.9886°, E103.5528°）\n任务优先级重要性：极高\n具体任务：携带简易工具包，按照预定航线向灾区飞行，投放简易工具包。",
        "matches": [
            {
                "content1_para": "无人机集群灾区物资投送任务\n\n执行时间\n：2023年8月15日 08:00 – 12:00\n执行地点\n：四川省成都市青羊区都江堰市震中区域（具体坐标：N30.9886°, E103.5528°）\n执行者\n：\nUAV-01至UAV-05：负责物资投送\nUAV-06：负责灾区实时监控与信息收集\n任务优先级\n：极高（灾后救援物资需求紧迫）\n任务重要性\n：确保受灾地区物资及时到位，减少受灾人口伤亡\n\n操作步骤：\n————————————————————————————————————————————————————————————————————————————————-\n\n**8:00 - 8:30**",
                "content1_msg": "无人机名字或代号：UAV-01、UAV-02、UAV-03、UAV-04、UAV-05、UAV-06  \n时间：2023年8月15日 08:00 – 12:00、8:00 - 8:30  \n地点：四川省成都市青羊区都江堰市震中区域（具体坐标：N30.9886°, E103.5528°）  \n任务优先级重要性：极高  \n任务描述信息：负责物资投送、灾区实时监控与信息收集（未提及具体操作步骤，仅列出总体任务）",
                "similarity": 0.8491347047304392
            },
            {
                "content1_para": "无人机集群灾区实时通信建立任务\n\n执行时间\n：2023年8月15日 12:30 – 15:00\n执行地点\n：四川省成都市青羊区都江堰市震中区域（具体坐标：N30.9886°, E103.5528°）\n执行者\n：\nUAV-06：负责通信信号建立\n任务优先级\n：高（确保救援团队与灾区联系畅通）\n任务重要性\n：为救援团队提供实时信息，提高救援效率\n\n操作步骤：\n————————————————————————————————————————————————————————————————————————————————-\n\n**12:30 - 12:45**",
                "content1_msg": "无人机名字或代号：UAV-06  \n时间：2023年8月15日 12:30 – 15:00、12:30 - 12:45  \n地点：四川省成都市青羊区都江堰市震中区域（具体坐标：N30.9886°, E103.5528°）  \n任务优先级重要性：高（确保救援团队与灾区联系畅通）、为救援团队提供实时信息，提高救援效率  \n任务描述信息：负责通信信号建立、起飞（未提及具体动作，但可推测与通信信号建立相关）  \n\n注：部分任务描述信息较为隐含，根据上下文进行了合理推测。",
                "similarity": 0.7874259677288196
            }
        ]
    },
    {
        "content2_para": "UAV-06:\n实体关系：实时监控与信息收集\n时间：2023年8月15日 08:30 – 12:00\n地点：四川省成都市青羊区都江堰市震中区域（N30.9886°, E103.5528°）\n任务优先级重要性：极高\n具体任务：实时监控灾区情况，收集灾区实时信息，并随时响应紧急情况。",
        "matches": [
            {
                "content1_para": "无人机集群灾区物资投送任务\n\n执行时间\n：2023年8月15日 08:00 – 12:00\n执行地点\n：四川省成都市青羊区都江堰市震中区域（具体坐标：N30.9886°, E103.5528°）\n执行者\n：\nUAV-01至UAV-05：负责物资投送\nUAV-06：负责灾区实时监控与信息收集\n任务优先级\n：极高（灾后救援物资需求紧迫）\n任务重要性\n：确保受灾地区物资及时到位，减少受灾人口伤亡\n\n操作步骤：\n————————————————————————————————————————————————————————————————————————————————-\n\n**8:00 - 8:30**",
                "content1_msg": "无人机名字或代号：UAV-01、UAV-02、UAV-03、UAV-04、UAV-05、UAV-06  \n时间：2023年8月15日 08:00 – 12:00、8:00 - 8:30  \n地点：四川省成都市青羊区都江堰市震中区域（具体坐标：N30.9886°, E103.5528°）  \n任务优先级重要性：极高  \n任务描述信息：负责物资投送、灾区实时监控与信息收集（未提及具体操作步骤，仅列出总体任务）",
                "similarity": 0.8347281582225844
            },
            {
                "content1_para": "无人机集群灾区实时通信建立任务\n\n执行时间\n：2023年8月15日 12:30 – 15:00\n执行地点\n：四川省成都市青羊区都江堰市震中区域（具体坐标：N30.9886°, E103.5528°）\n执行者\n：\nUAV-06：负责通信信号建立\n任务优先级\n：高（确保救援团队与灾区联系畅通）\n任务重要性\n：为救援团队提供实时信息，提高救援效率\n\n操作步骤：\n————————————————————————————————————————————————————————————————————————————————-\n\n**12:30 - 12:45**",
                "content1_msg": "无人机名字或代号：UAV-06  \n时间：2023年8月15日 12:30 – 15:00、12:30 - 12:45  \n地点：四川省成都市青羊区都江堰市震中区域（具体坐标：N30.9886°, E103.5528°）  \n任务优先级重要性：高（确保救援团队与灾区联系畅通）、为救援团队提供实时信息，提高救援效率  \n任务描述信息：负责通信信号建立、起飞（未提及具体动作，但可推测与通信信号建立相关）  \n\n注：部分任务描述信息较为隐含，根据上下文进行了合理推测。",
                "similarity": 0.8090405700983898
            }
        ]
    },
    {
        "content2_para": "UAV-06:\n实体关系：通信信号建立\n时间：2023年8月15日 12:30 – 13:45\n地点：四川省成都市青羊区都江堰市震中区域（N30.9886°, E103.5528°）\n任务优先级重要性：高\n具体任务：检查通信设备，起飞前往灾区，建立通信信号，确保信号覆盖整个灾区。",
        "matches": [
            {
                "content1_para": "无人机集群灾区实时通信建立任务\n\n执行时间\n：2023年8月15日 12:30 – 15:00\n执行地点\n：四川省成都市青羊区都江堰市震中区域（具体坐标：N30.9886°, E103.5528°）\n执行者\n：\nUAV-06：负责通信信号建立\n任务优先级\n：高（确保救援团队与灾区联系畅通）\n任务重要性\n：为救援团队提供实时信息，提高救援效率\n\n操作步骤：\n————————————————————————————————————————————————————————————————————————————————-\n\n**12:30 - 12:45**",
                "content1_msg": "无人机名字或代号：UAV-06  \n时间：2023年8月15日 12:30 – 15:00、12:30 - 12:45  \n地点：四川省成都市青羊区都江堰市震中区域（具体坐标：N30.9886°, E103.5528°）  \n任务优先级重要性：高（确保救援团队与灾区联系畅通）、为救援团队提供实时信息，提高救援效率  \n任务描述信息：负责通信信号建立、起飞（未提及具体动作，但可推测与通信信号建立相关）  \n\n注：部分任务描述信息较为隐含，根据上下文进行了合理推测。",
                "similarity": 0.8380204296529572
            },
            {
                "content1_para": "无人机集群灾区物资投送任务\n\n执行时间\n：2023年8月15日 08:00 – 12:00\n执行地点\n：四川省成都市青羊区都江堰市震中区域（具体坐标：N30.9886°, E103.5528°）\n执行者\n：\nUAV-01至UAV-05：负责物资投送\nUAV-06：负责灾区实时监控与信息收集\n任务优先级\n：极高（灾后救援物资需求紧迫）\n任务重要性\n：确保受灾地区物资及时到位，减少受灾人口伤亡\n\n操作步骤：\n————————————————————————————————————————————————————————————————————————————————-\n\n**8:00 - 8:30**",
                "content1_msg": "无人机名字或代号：UAV-01、UAV-02、UAV-03、UAV-04、UAV-05、UAV-06  \n时间：2023年8月15日 08:00 – 12:00、8:00 - 8:30  \n地点：四川省成都市青羊区都江堰市震中区域（具体坐标：N30.9886°, E103.5528°）  \n任务优先级重要性：极高  \n任务描述信息：负责物资投送、灾区实时监控与信息收集（未提及具体操作步骤，仅列出总体任务）",
                "similarity": 0.792621849347841
            }
        ]
    },
    {
        "content2_para": "UAV-06:\n实体关系：信号维护\n时间：2023年8月15日 13:45 – 14:00\n地点：四川省成都市青羊区都江堰市震中区域（N30.9886°, E103.5528°）\n任务优先级重要性：高\n具体任务：维护通信信号，确保信号稳定，向调度中心报告任务完成情况，返航。",
        "matches": [
            {
                "content1_para": "无人机集群灾区实时通信建立任务\n\n执行时间\n：2023年8月15日 12:30 – 15:00\n执行地点\n：四川省成都市青羊区都江堰市震中区域（具体坐标：N30.9886°, E103.5528°）\n执行者\n：\nUAV-06：负责通信信号建立\n任务优先级\n：高（确保救援团队与灾区联系畅通）\n任务重要性\n：为救援团队提供实时信息，提高救援效率\n\n操作步骤：\n————————————————————————————————————————————————————————————————————————————————-\n\n**12:30 - 12:45**",
                "content1_msg": "无人机名字或代号：UAV-06  \n时间：2023年8月15日 12:30 – 15:00、12:30 - 12:45  \n地点：四川省成都市青羊区都江堰市震中区域（具体坐标：N30.9886°, E103.5528°）  \n任务优先级重要性：高（确保救援团队与灾区联系畅通）、为救援团队提供实时信息，提高救援效率  \n任务描述信息：负责通信信号建立、起飞（未提及具体动作，但可推测与通信信号建立相关）  \n\n注：部分任务描述信息较为隐含，根据上下文进行了合理推测。",
                "similarity": 0.7775045412445735
            },
            {
                "content1_para": "无人机集群灾区物资投送任务\n\n执行时间\n：2023年8月15日 08:00 – 12:00\n执行地点\n：四川省成都市青羊区都江堰市震中区域（具体坐标：N30.9886°, E103.5528°）\n执行者\n：\nUAV-01至UAV-05：负责物资投送\nUAV-06：负责灾区实时监控与信息收集\n任务优先级\n：极高（灾后救援物资需求紧迫）\n任务重要性\n：确保受灾地区物资及时到位，减少受灾人口伤亡\n\n操作步骤：\n————————————————————————————————————————————————————————————————————————————————-\n\n**8:00 - 8:30**",
                "content1_msg": "无人机名字或代号：UAV-01、UAV-02、UAV-03、UAV-04、UAV-05、UAV-06  \n时间：2023年8月15日 08:00 – 12:00、8:00 - 8:30  \n地点：四川省成都市青羊区都江堰市震中区域（具体坐标：N30.9886°, E103.5528°）  \n任务优先级重要性：极高  \n任务描述信息：负责物资投送、灾区实时监控与信息收集（未提及具体操作步骤，仅列出总体任务）",
                "similarity": 0.7735867899129034
            }
        ]
    }
]