[
    {
        "paragraph": "无人机集群灾区物资投送任务\n\n执行时间\n：2023年8月15日 08:00 – 12:00\n执行地点\n：四川省成都市青羊区都江堰市震中区域（具体坐标：N30.9886°, E103.5528°）\n执行者\n：\nUAV-01至UAV-05：负责物资投送\nUAV-06：负责灾区实时监控与信息收集\n任务优先级\n：极高（灾后救援物资需求紧迫）\n任务重要性\n：确保受灾地区物资及时到位，减少受灾人口伤亡\n\n操作步骤：\n————————————————————————————————————————————————————————————————————————————————-\n\n**8:00 - 8:30**",
        "key_message": "无人机名字或代号：UAV-01、UAV-02、UAV-03、UAV-04、UAV-05、UAV-06  \n时间：2023年8月15日 08:00 – 12:00、8:00 - 8:30  \n地点：四川省成都市青羊区都江堰市震中区域（具体坐标：N30.9886°, E103.5528°）  \n任务优先级重要性：极高  \n任务描述信息：负责物资投送、灾区实时监控与信息收集（未提及具体操作步骤，仅列出总体任务）"
    },
    {
        "paragraph": "集合与任务分配\nUAV-01至UAV-05：\n   - 在成都市区无人机调度中心集合。\n   - 确认所有无人机系统正常，电量充足。\n   - 每架无人机携带的物资包括：急救包（UAV-01）、食物和水（UAV-02）、临时帐篷（UAV-03）、手电筒和电池（UAV-04）、简易工具包（UAV-05）。\n   - UV-06系统检查完毕，准备随时起飞进行实时监控。\n\n**8:30 - 9:00**",
        "key_message": "无人机名字或代号：UAV-01、UAV-02、UAV-03、UAV-04、UAV-05、UV-06  \n时间：8:30 - 9:00  \n地点：成都市区无人机调度中心  \n任务优先级重要性：未提及  \n任务描述信息：确认所有无人机系统正常，电量充足；携带物资（急救包、食物和水、临时帐篷、手电筒和电池、简易工具包）；UV-06准备随时起飞进行实时监控。"
    },
    {
        "paragraph": "起飞与航路规划\nUAV-01至UAV-05：\n   - 依次起飞，从调度中心起飞，按照既定航线向灾区飞行。\n   - UV-06作为预备机，在地面上待命，随时响应紧急情况。\n   - UV-01至UAV-05保持高度50米，速度为20公里/小时，确保安全。\n\n**9:00 - 10:30**",
        "key_message": "无人机名字或代号：UAV-01、UAV-02、UAV-03、UAV-04、UAV-05、UV-06  \n时间：9:00 - 10:30  \n地点：调度中心、灾区  \n任务优先级重要性：未提及  \n任务描述信息：依次起飞，按照既定航线向灾区飞行；UV-06作为预备机，在地面上待命；保持高度50米，速度为20公里/小时，确保安全。"
    },
    {
        "paragraph": "物资投送与信息收集\nUAV-01至UAV-05：\n   - 按照预定航线，到达指定区域上空。\n   - UAV-01：向指定灾区投放急救包。\n   - UAV-02：向指定灾区投放食物和水。\n   - UAV-03：向指定灾区投放临时帐篷。\n   - UAV-04：向指定灾区投放手电筒和电池。\n   - UAV-05：向指定灾区投放简易工具包。\n   - UV-06：实时监控灾区情况，收集灾区实时信息。\n\n**10:30 - 11:30**",
        "key_message": "无人机名字或代号：UAV-01、UAV-02、UAV-03、UAV-04、UAV-05、UV-06  \n时间：10:30 - 11:30  \n地点：未提及  \n任务优先级重要性：未提及  \n任务描述信息：按照预定航线，到达指定区域上空；向指定灾区投放急救包；向指定灾区投放食物和水；向指定灾区投放临时帐篷；向指定灾区投放手电筒和电池；向指定灾区投放简易工具包；实时监控灾区情况，收集灾区实时信息。"
    },
    {
        "paragraph": "物资投送调整与紧急救援\nUAV-01至UAV-05：\n   - 根据UV-06收集的信息，调整物资投放策略。\n   - 针对灾区中的人员密集区域，进行密集物资投放。\n   - UV-06将紧急情况实时反馈给调度中心，UAV-01至UAV-05根据指令进行紧急救援。\n\n**11:30 - 12:00**",
        "key_message": "无人机名字或代号：UAV-01、UAV-02、UAV-03、UAV-04、UAV-05、UV-06  \n时间：11:30 - 12:00  \n地点：未提及  \n任务优先级重要性：紧急  \n任务描述信息：调整物资投放策略，针对灾区中的人员密集区域进行密集物资投放，根据UV-06反馈的紧急情况执行救援任务。"
    },
    {
        "paragraph": "结束任务与返航\nUAV-01至UAV-05：\n   - 确认所有物资投放完毕。\n   - 收集投放数据，向调度中心报告。\n   - 依次返航至成都市区无人机调度中心。\n\nUV-06：\n   - 持续监控灾区情况，记录关键数据。\n   - 完成任务后，与UAV-01至UAV-05一同返航。\n\n————————————————————————————————————————————————————————————————————————————————-",
        "key_message": "无人机名字或代号：UAV-01、UAV-02、UAV-03、UAV-04、UAV-05、UV-06  \n时间：未提及  \n地点：成都市区无人机调度中心、灾区  \n任务优先级重要性：未提及  \n任务描述信息：确认所有物资投放完毕，收集投放数据，向调度中心报告，依次返航至成都市区无人机调度中心；持续监控灾区情况，记录关键数据，完成任务后返航。"
    },
    {
        "paragraph": "无人机集群灾区实时通信建立任务\n\n执行时间\n：2023年8月15日 12:30 – 15:00\n执行地点\n：四川省成都市青羊区都江堰市震中区域（具体坐标：N30.9886°, E103.5528°）\n执行者\n：\nUAV-06：负责通信信号建立\n任务优先级\n：高（确保救援团队与灾区联系畅通）\n任务重要性\n：为救援团队提供实时信息，提高救援效率\n\n操作步骤：\n————————————————————————————————————————————————————————————————————————————————-\n\n**12:30 - 12:45**",
        "key_message": "无人机名字或代号：UAV-06  \n时间：2023年8月15日 12:30 – 15:00、12:30 - 12:45  \n地点：四川省成都市青羊区都江堰市震中区域（具体坐标：N30.9886°, E103.5528°）  \n任务优先级重要性：高（确保救援团队与灾区联系畅通）、为救援团队提供实时信息，提高救援效率  \n任务描述信息：负责通信信号建立、起飞（未提及具体动作，但可推测与通信信号建立相关）  \n\n注：部分任务描述信息较为隐含，根据上下文进行了合理推测。"
    },
    {
        "paragraph": "起飞与通信设备检查\nUAV-06：\n   - 在成都市区无人机调度中心检查通信设备，确保信号稳定。\n   - 装载通信设备，起飞前往灾区。\n\n**12:45 - 13:00**",
        "key_message": "无人机名字或代号：UAV-06  \n时间：12:45 - 13:00  \n地点：成都市区无人机调度中心  \n任务优先级重要性：未提及  \n任务描述信息：检查通信设备，确保信号稳定；装载通信设备，起飞前往灾区。"
    },
    {
        "paragraph": "到达指定区域与信号建立\nUAV-06：\n   - 飞抵灾区指定区域上空，开启通信设备。\n   - 与地面救援指挥中心建立通信信号，测试信号稳定性。\n\n**13:00 - 13:45**",
        "key_message": "无人机名字或代号：UAV-06  \n时间：13:00 - 13:45  \n地点：灾区指定区域上空  \n任务优先级重要性：未提及  \n任务描述信息：飞抵灾区指定区域上空，开启通信设备，与地面救援指挥中心建立通信信号，测试信号稳定性。"
    },
    {
        "paragraph": "信号覆盖与维护\nUAV-06：\n   - 在灾区上空盘旋，确保通信信号覆盖整个灾区。\n   - 定期检查信号强度，发现信号异常立即进行调整。\n\n**13:45 - 14:00**",
        "key_message": "无人机名字或代号：UAV-06  \n时间：13:45 - 14:00  \n地点：灾区上空  \n任务优先级重要性：未提及  \n任务描述信息：在灾区上空盘旋，确保通信信号覆盖整个灾区；定期检查信号强度，发现信号异常立即进行调整。"
    },
    {
        "paragraph": "完成任务与返航\nUAV-06：\n   - 向调度中心报告任务完成情况。\n   - 确认所有信号正常后，返航至成都市区无人机调度中心。",
        "key_message": "无人机名字或代号：UAV-06  \n时间：未提及  \n地点：成都市区无人机调度中心  \n任务优先级重要性：未提及  \n任务描述信息：向调度中心报告任务完成情况，确认所有信号正常后返航。"
    }
]