[
    {
        "content2_para": "UAV-Rescue01:\n实体关系：救援物资装载\n时间：2024年10月15日 08:00 – 08:30\n地点：成都市都江堰市某临时救援中心\n任务优先级重要性：极高\n具体任务：08:00 – 08:05，检查电池电量；08:05 – 08:10，装载100公斤救援物资。",
        "matches": [
            {
                "content1_para": "救援物资装载与无人机准备\n执行时间：2024年10月15日 08:00 – 08:30\n执行地点：成都市都江堰市某临时救援中心\n执行者：UAV-Rescue01, UAV-Rescue02, UAV-Rescue03\n\n任务描述：\nUAV-Rescue01, UAV-Rescue02, UAV-Rescue03在临时救援中心装载救援物资，包括食物、药品、帐篷等。\n\n操作步骤：\n- UAV-Rescue01：08:00 – 08:05，检查无人机电池电量，确保电量充足。\n- UAV-Rescue02：08:05 – 08:10，装载100公斤救援物资。\n- UAV-Rescue03：08:10 – 08:15，装载100公斤救援物资。\n- 三架无人机：08:15 – 08:30，完成物资装载，检查无人机状态。\n\n————————————————————————————————————————————————————————————————————————————————-",
                "content1_msg": "无人机名字或代号：UAV-Rescue01, UAV-Rescue02, UAV-Rescue03  \n时间：2024年10月15日 08:00 – 08:30、2024年10月15日 08:00 – 08:05、2024年10月15日 08:05 – 08:10、2024年10月15日 08:10 – 08:15、2024年10月15日 08:15 – 08:30  \n地点：成都市都江堰市某临时救援中心  \n任务优先级重要性：未提及  \n任务描述信息：UAV-Rescue01, UAV-Rescue02, UAV-Rescue03在临时救援中心装载救援物资，包括食物、药品、帐篷等。检查无人机电池电量，确保电量充足；装载100公斤救援物资；完成物资装载，检查无人机状态。",
                "similarity": 0.8725319307040489
            },
            {
                "content1_para": "起飞与航路导航\n执行时间：2024年10月15日 08:30 – 09:00\n执行地点：成都市都江堰市某临时救援中心\n执行者：UAV-Rescue01, UAV-Rescue02, UAV-Rescue03\n\n任务描述：\n三架无人机起飞，按预定航线前往受灾区域。\n\n操作步骤：\n- UAV-Rescue01：08:30 – 08:35，起飞，确认飞行方向。\n- UAV-Rescue02：08:35 – 08:40，起飞，确认飞行方向。\n- UAV-Rescue03：08:40 – 08:45，起飞，确认飞行方向。\n- 三架无人机：08:45 – 09:00，保持飞行高度300米，按预定航线前往受灾区域。\n\n————————————————————————————————————————————————————————————————————————————————-",
                "content1_msg": "无人机名字或代号：UAV-Rescue01, UAV-Rescue02, UAV-Rescue03  \n时间：2024年10月15日 08:30 – 09:00、2024年10月15日 08:30 – 08:35、2024年10月15日 08:35 – 08:40、2024年10月15日 08:40 – 08:45、2024年10月15日 08:45 – 09:00  \n地点：成都市都江堰市某临时救援中心、受灾区域  \n任务优先级重要性：未提及  \n任务描述信息：三架无人机起飞，按预定航线前往受灾区域；UAV-Rescue01：起飞，确认飞行方向；UAV-Rescue02：起飞，确认飞行方向；UAV-Rescue03：起飞，确认飞行方向；三架无人机保持飞行高度300米，按预定航线前往受灾区域。",
                "similarity": 0.7876544154272345
            }
        ]
    },
    {
        "content2_para": "UAV-Rescue02:\n实体关系：救援物资装载\n时间：2024年10月15日 08:00 – 08:30\n地点：成都市都江堰市某临时救援中心\n任务优先级重要性：极高\n具体任务：08:05 – 08:10，装载100公斤救援物资。",
        "matches": [
            {
                "content1_para": "救援物资装载与无人机准备\n执行时间：2024年10月15日 08:00 – 08:30\n执行地点：成都市都江堰市某临时救援中心\n执行者：UAV-Rescue01, UAV-Rescue02, UAV-Rescue03\n\n任务描述：\nUAV-Rescue01, UAV-Rescue02, UAV-Rescue03在临时救援中心装载救援物资，包括食物、药品、帐篷等。\n\n操作步骤：\n- UAV-Rescue01：08:00 – 08:05，检查无人机电池电量，确保电量充足。\n- UAV-Rescue02：08:05 – 08:10，装载100公斤救援物资。\n- UAV-Rescue03：08:10 – 08:15，装载100公斤救援物资。\n- 三架无人机：08:15 – 08:30，完成物资装载，检查无人机状态。\n\n————————————————————————————————————————————————————————————————————————————————-",
                "content1_msg": "无人机名字或代号：UAV-Rescue01, UAV-Rescue02, UAV-Rescue03  \n时间：2024年10月15日 08:00 – 08:30、2024年10月15日 08:00 – 08:05、2024年10月15日 08:05 – 08:10、2024年10月15日 08:10 – 08:15、2024年10月15日 08:15 – 08:30  \n地点：成都市都江堰市某临时救援中心  \n任务优先级重要性：未提及  \n任务描述信息：UAV-Rescue01, UAV-Rescue02, UAV-Rescue03在临时救援中心装载救援物资，包括食物、药品、帐篷等。检查无人机电池电量，确保电量充足；装载100公斤救援物资；完成物资装载，检查无人机状态。",
                "similarity": 0.8572988837437571
            },
            {
                "content1_para": "起飞与航路导航\n执行时间：2024年10月15日 08:30 – 09:00\n执行地点：成都市都江堰市某临时救援中心\n执行者：UAV-Rescue01, UAV-Rescue02, UAV-Rescue03\n\n任务描述：\n三架无人机起飞，按预定航线前往受灾区域。\n\n操作步骤：\n- UAV-Rescue01：08:30 – 08:35，起飞，确认飞行方向。\n- UAV-Rescue02：08:35 – 08:40，起飞，确认飞行方向。\n- UAV-Rescue03：08:40 – 08:45，起飞，确认飞行方向。\n- 三架无人机：08:45 – 09:00，保持飞行高度300米，按预定航线前往受灾区域。\n\n————————————————————————————————————————————————————————————————————————————————-",
                "content1_msg": "无人机名字或代号：UAV-Rescue01, UAV-Rescue02, UAV-Rescue03  \n时间：2024年10月15日 08:30 – 09:00、2024年10月15日 08:30 – 08:35、2024年10月15日 08:35 – 08:40、2024年10月15日 08:40 – 08:45、2024年10月15日 08:45 – 09:00  \n地点：成都市都江堰市某临时救援中心、受灾区域  \n任务优先级重要性：未提及  \n任务描述信息：三架无人机起飞，按预定航线前往受灾区域；UAV-Rescue01：起飞，确认飞行方向；UAV-Rescue02：起飞，确认飞行方向；UAV-Rescue03：起飞，确认飞行方向；三架无人机保持飞行高度300米，按预定航线前往受灾区域。",
                "similarity": 0.7726071737272814
            }
        ]
    },
    {
        "content2_para": "UAV-Rescue03:\n实体关系：救援物资装载\n时间：2024年10月15日 08:00 – 08:30\n地点：成都市都江堰市某临时救援中心\n任务优先级重要性：极高\n具体任务：08:10 – 08:15，装载100公斤救援物资。",
        "matches": [
            {
                "content1_para": "救援物资装载与无人机准备\n执行时间：2024年10月15日 08:00 – 08:30\n执行地点：成都市都江堰市某临时救援中心\n执行者：UAV-Rescue01, UAV-Rescue02, UAV-Rescue03\n\n任务描述：\nUAV-Rescue01, UAV-Rescue02, UAV-Rescue03在临时救援中心装载救援物资，包括食物、药品、帐篷等。\n\n操作步骤：\n- UAV-Rescue01：08:00 – 08:05，检查无人机电池电量，确保电量充足。\n- UAV-Rescue02：08:05 – 08:10，装载100公斤救援物资。\n- UAV-Rescue03：08:10 – 08:15，装载100公斤救援物资。\n- 三架无人机：08:15 – 08:30，完成物资装载，检查无人机状态。\n\n————————————————————————————————————————————————————————————————————————————————-",
                "content1_msg": "无人机名字或代号：UAV-Rescue01, UAV-Rescue02, UAV-Rescue03  \n时间：2024年10月15日 08:00 – 08:30、2024年10月15日 08:00 – 08:05、2024年10月15日 08:05 – 08:10、2024年10月15日 08:10 – 08:15、2024年10月15日 08:15 – 08:30  \n地点：成都市都江堰市某临时救援中心  \n任务优先级重要性：未提及  \n任务描述信息：UAV-Rescue01, UAV-Rescue02, UAV-Rescue03在临时救援中心装载救援物资，包括食物、药品、帐篷等。检查无人机电池电量，确保电量充足；装载100公斤救援物资；完成物资装载，检查无人机状态。",
                "similarity": 0.8570624040160615
            },
            {
                "content1_para": "起飞与航路导航\n执行时间：2024年10月15日 08:30 – 09:00\n执行地点：成都市都江堰市某临时救援中心\n执行者：UAV-Rescue01, UAV-Rescue02, UAV-Rescue03\n\n任务描述：\n三架无人机起飞，按预定航线前往受灾区域。\n\n操作步骤：\n- UAV-Rescue01：08:30 – 08:35，起飞，确认飞行方向。\n- UAV-Rescue02：08:35 – 08:40，起飞，确认飞行方向。\n- UAV-Rescue03：08:40 – 08:45，起飞，确认飞行方向。\n- 三架无人机：08:45 – 09:00，保持飞行高度300米，按预定航线前往受灾区域。\n\n————————————————————————————————————————————————————————————————————————————————-",
                "content1_msg": "无人机名字或代号：UAV-Rescue01, UAV-Rescue02, UAV-Rescue03  \n时间：2024年10月15日 08:30 – 09:00、2024年10月15日 08:30 – 08:35、2024年10月15日 08:35 – 08:40、2024年10月15日 08:40 – 08:45、2024年10月15日 08:45 – 09:00  \n地点：成都市都江堰市某临时救援中心、受灾区域  \n任务优先级重要性：未提及  \n任务描述信息：三架无人机起飞，按预定航线前往受灾区域；UAV-Rescue01：起飞，确认飞行方向；UAV-Rescue02：起飞，确认飞行方向；UAV-Rescue03：起飞，确认飞行方向；三架无人机保持飞行高度300米，按预定航线前往受灾区域。",
                "similarity": 0.7749632857306078
            }
        ]
    },
    {
        "content2_para": "UAV-Rescue01, UAV-Rescue02, UAV-Rescue03:\n实体关系：起飞与航路导航\n时间：2024年10月15日 08:30 – 09:00\n地点：成都市都江堰市某临时救援中心\n任务优先级重要性：极高\n具体任务：08:30 – 08:45，依次起飞并确认飞行方向；08:45 – 09:00，保持300米高度，按预定航线前往受灾区域。",
        "matches": [
            {
                "content1_para": "起飞与航路导航\n执行时间：2024年10月15日 08:30 – 09:00\n执行地点：成都市都江堰市某临时救援中心\n执行者：UAV-Rescue01, UAV-Rescue02, UAV-Rescue03\n\n任务描述：\n三架无人机起飞，按预定航线前往受灾区域。\n\n操作步骤：\n- UAV-Rescue01：08:30 – 08:35，起飞，确认飞行方向。\n- UAV-Rescue02：08:35 – 08:40，起飞，确认飞行方向。\n- UAV-Rescue03：08:40 – 08:45，起飞，确认飞行方向。\n- 三架无人机：08:45 – 09:00，保持飞行高度300米，按预定航线前往受灾区域。\n\n————————————————————————————————————————————————————————————————————————————————-",
                "content1_msg": "无人机名字或代号：UAV-Rescue01, UAV-Rescue02, UAV-Rescue03  \n时间：2024年10月15日 08:30 – 09:00、2024年10月15日 08:30 – 08:35、2024年10月15日 08:35 – 08:40、2024年10月15日 08:40 – 08:45、2024年10月15日 08:45 – 09:00  \n地点：成都市都江堰市某临时救援中心、受灾区域  \n任务优先级重要性：未提及  \n任务描述信息：三架无人机起飞，按预定航线前往受灾区域；UAV-Rescue01：起飞，确认飞行方向；UAV-Rescue02：起飞，确认飞行方向；UAV-Rescue03：起飞，确认飞行方向；三架无人机保持飞行高度300米，按预定航线前往受灾区域。",
                "similarity": 0.8913998157926404
            },
            {
                "content1_para": "救援物资装载与无人机准备\n执行时间：2024年10月15日 08:00 – 08:30\n执行地点：成都市都江堰市某临时救援中心\n执行者：UAV-Rescue01, UAV-Rescue02, UAV-Rescue03\n\n任务描述：\nUAV-Rescue01, UAV-Rescue02, UAV-Rescue03在临时救援中心装载救援物资，包括食物、药品、帐篷等。\n\n操作步骤：\n- UAV-Rescue01：08:00 – 08:05，检查无人机电池电量，确保电量充足。\n- UAV-Rescue02：08:05 – 08:10，装载100公斤救援物资。\n- UAV-Rescue03：08:10 – 08:15，装载100公斤救援物资。\n- 三架无人机：08:15 – 08:30，完成物资装载，检查无人机状态。\n\n————————————————————————————————————————————————————————————————————————————————-",
                "content1_msg": "无人机名字或代号：UAV-Rescue01, UAV-Rescue02, UAV-Rescue03  \n时间：2024年10月15日 08:00 – 08:30、2024年10月15日 08:00 – 08:05、2024年10月15日 08:05 – 08:10、2024年10月15日 08:10 – 08:15、2024年10月15日 08:15 – 08:30  \n地点：成都市都江堰市某临时救援中心  \n任务优先级重要性：未提及  \n任务描述信息：UAV-Rescue01, UAV-Rescue02, UAV-Rescue03在临时救援中心装载救援物资，包括食物、药品、帐篷等。检查无人机电池电量，确保电量充足；装载100公斤救援物资；完成物资装载，检查无人机状态。",
                "similarity": 0.8310194987778888
            }
        ]
    },
    {
        "content2_para": "UAV-Rescue01, UAV-Rescue02, UAV-Rescue03:\n实体关系：物资投送与实时监控\n时间：2024年10月15日 09:00 – 11:00\n地点：受灾区域（31.0216°N, 103.8185°E）\n任务优先级重要性：极高\n具体任务：09:00 – 09:30，UAV-Rescue01投放物资并监控；09:30 – 09:60，UAV-Rescue02投放物资并监控；09:60 – 10:30，UAV-Rescue03投放物资并监控。",
        "matches": [
            {
                "content1_para": "物资投送与实时监控\n执行时间：2024年10月15日 09:00 – 11:00\n执行地点：受灾区域（坐标：31.0216°N, 103.8185°E）\n执行者：UAV-Rescue01, UAV-Rescue02, UAV-Rescue03\n\n任务描述：\n无人机在受灾区域上空投送救援物资，并实时监控投送过程。\n\n操作步骤：\n- UAV-Rescue01：09:00 – 09:30，在受灾区域上空投放物资，监控物资投放。\n- UAV-Rescue02：09:30 – 09:60，在受灾区域上空投放物资，监控物资投放。\n- UAV-Rescue03：09:60 – 10:30，在受灾区域上空投放物资，监控物资投放。\n- 三架无人机：10:30 – 11:00，返回起飞点，准备返航。\n\n————————————————————————————————————————————————————————————————————————————————-",
                "content1_msg": "无人机名字或代号：UAV-Rescue01、UAV-Rescue02、UAV-Rescue03  \n时间：2024年10月15日 09:00 – 11:00、2024年10月15日 09:00 – 09:30、2024年10月15日 09:30 – 09:60、2024年10月15日 09:60 – 10:30、2024年10月15日 10:30 – 11:00  \n地点：受灾区域（坐标：31.0216°N, 103.8185°E）  \n任务优先级重要性：未提及  \n任务描述信息：在受灾区域上空投送救援物资，并实时监控投送过程；UAV-Rescue01在受灾区域上空投放物资，监控物资投放；UAV-Rescue02在受灾区域上空投放物资，监控物资投放；UAV-Rescue03在受灾区域上空投放物资，监控物资投放；三架无人机返回起飞点，准备返航。",
                "similarity": 0.9164113025308984
            },
            {
                "content1_para": "数据回传与返航\n执行时间：2024年10月15日 11:00 – 12:00\n执行地点：受灾区域（坐标：31.0216°N, 103.8185°E）至成都市都江堰市某临时救援中心\n执行者：UAV-Rescue01, UAV-Rescue02, UAV-Rescue03\n\n任务描述：\n无人机返回起飞点，回传物资投放数据，并安全返航。\n\n操作步骤：\n- UAV-Rescue01：11:00 – 11:10，返回起飞点，回传数据。\n- UAV-Rescue02：11:10 – 11:20，返回起飞点，回传数据。\n- UAV-Rescue03：11:20 – 11:30，返回起飞点，回传数据。\n- 三架无人机：11:30 – 12:00，安全返航至临时救援中心。",
                "content1_msg": "无人机名字或代号：UAV-Rescue01、UAV-Rescue02、UAV-Rescue03  \n时间：2024年10月15日 11:00 – 12:00、2024年10月15日 11:00 – 11:10、2024年10月15日 11:10 – 11:20、2024年10月15日 11:20 – 11:30、2024年10月15日 11:30 – 12:00  \n地点：受灾区域（坐标：31.0216°N, 103.8185°E）、成都市都江堰市某临时救援中心  \n任务优先级重要性：未提及  \n任务描述信息：无人机返回起飞点，回传物资投放数据，并安全返航。",
                "similarity": 0.7631431892427144
            }
        ]
    },
    {
        "content2_para": "UAV-Rescue01, UAV-Rescue02, UAV-Rescue03:\n实体关系：数据回传与返航\n时间：2024年10月15日 11:00 – 12:00\n地点：受灾区域至成都市都江堰市某临时救援中心\n任务优先级重要性：极高\n具体任务：11:00 – 11:30，依次返回起飞点并回传数据；11:30 – 12:00，安全返航至临时救援中心。",
        "matches": [
            {
                "content1_para": "数据回传与返航\n执行时间：2024年10月15日 11:00 – 12:00\n执行地点：受灾区域（坐标：31.0216°N, 103.8185°E）至成都市都江堰市某临时救援中心\n执行者：UAV-Rescue01, UAV-Rescue02, UAV-Rescue03\n\n任务描述：\n无人机返回起飞点，回传物资投放数据，并安全返航。\n\n操作步骤：\n- UAV-Rescue01：11:00 – 11:10，返回起飞点，回传数据。\n- UAV-Rescue02：11:10 – 11:20，返回起飞点，回传数据。\n- UAV-Rescue03：11:20 – 11:30，返回起飞点，回传数据。\n- 三架无人机：11:30 – 12:00，安全返航至临时救援中心。",
                "content1_msg": "无人机名字或代号：UAV-Rescue01、UAV-Rescue02、UAV-Rescue03  \n时间：2024年10月15日 11:00 – 12:00、2024年10月15日 11:00 – 11:10、2024年10月15日 11:10 – 11:20、2024年10月15日 11:20 – 11:30、2024年10月15日 11:30 – 12:00  \n地点：受灾区域（坐标：31.0216°N, 103.8185°E）、成都市都江堰市某临时救援中心  \n任务优先级重要性：未提及  \n任务描述信息：无人机返回起飞点，回传物资投放数据，并安全返航。",
                "similarity": 0.9075446427585998
            },
            {
                "content1_para": "物资投送与实时监控\n执行时间：2024年10月15日 09:00 – 11:00\n执行地点：受灾区域（坐标：31.0216°N, 103.8185°E）\n执行者：UAV-Rescue01, UAV-Rescue02, UAV-Rescue03\n\n任务描述：\n无人机在受灾区域上空投送救援物资，并实时监控投送过程。\n\n操作步骤：\n- UAV-Rescue01：09:00 – 09:30，在受灾区域上空投放物资，监控物资投放。\n- UAV-Rescue02：09:30 – 09:60，在受灾区域上空投放物资，监控物资投放。\n- UAV-Rescue03：09:60 – 10:30，在受灾区域上空投放物资，监控物资投放。\n- 三架无人机：10:30 – 11:00，返回起飞点，准备返航。\n\n————————————————————————————————————————————————————————————————————————————————-",
                "content1_msg": "无人机名字或代号：UAV-Rescue01、UAV-Rescue02、UAV-Rescue03  \n时间：2024年10月15日 09:00 – 11:00、2024年10月15日 09:00 – 09:30、2024年10月15日 09:30 – 09:60、2024年10月15日 09:60 – 10:30、2024年10月15日 10:30 – 11:00  \n地点：受灾区域（坐标：31.0216°N, 103.8185°E）  \n任务优先级重要性：未提及  \n任务描述信息：在受灾区域上空投送救援物资，并实时监控投送过程；UAV-Rescue01在受灾区域上空投放物资，监控物资投放；UAV-Rescue02在受灾区域上空投放物资，监控物资投放；UAV-Rescue03在受灾区域上空投放物资，监控物资投放；三架无人机返回起飞点，准备返航。",
                "similarity": 0.7712487179113535
            }
        ]
    }
]