[
    {
        "paragraph": "UAV-01:\n实体关系：快递站点\n时间：2023年10月25日 09:00\n地点：北京市海淀区中关村科技园区（坐标：39.9902°N, 116.3312°E）\n任务优先级重要性：高\n具体任务：确认快递包裹信息，检查电量。"
    },
    {
        "paragraph": "UAV-02:\n实体关系：快递站点\n时间：2023年10月25日 09:00\n地点：北京市海淀区中关村科技园区（坐标：39.9902°N, 116.3312°E）\n任务优先级重要性：高\n具体任务：确认快递包裹信息，检查电量。"
    },
    {
        "paragraph": "UAV-03:\n实体关系：快递站点\n时间：2023年10月25日 09:00\n地点：北京市海淀区中关村科技园区（坐标：39.9902°N, 116.3312°E）\n任务优先级重要性：高\n具体任务：确认快递包裹信息，检查电量。"
    },
    {
        "paragraph": "UAV-04:\n实体关系：快递站点\n时间：2023年10月25日 09:00\n地点：北京市海淀区中关村科技园区（坐标：39.9902°N, 116.3312°E）\n任务优先级重要性：高\n具体任务：确认快递包裹信息，检查电量。"
    },
    {
        "paragraph": "UAV-05:\n实体关系：快递站点\n时间：2023年10月25日 09:00\n地点：北京市海淀区中关村科技园区（坐标：39.9902°N, 116.3312°E）\n任务优先级重要性：高\n具体任务：确认快递包裹信息，检查电量。"
    },
    {
        "paragraph": "UAV-01至UAV-05:\n实体关系：起飞导航\n时间：2023年10月25日 09:15\n地点：北京市海淀区中关村科技园区（坐标：39.9902°N, 116.3312°E）\n任务优先级重要性：高\n具体任务：起飞前往快递站点。"
    },
    {
        "paragraph": "UAV-01至UAV-05:\n实体关系：包裹装载\n时间：2023年10月25日 09:30\n地点：北京市海淀区中关村科技园区（坐标：39.9902°N, 116.3312°E）\n任务优先级重要性：高\n具体任务：装载快递包裹。"
    },
    {
        "paragraph": "UAV-01至UAV-05:\n实体关系：飞行路径规划\n时间：2023年10月25日 09:45\n地点：北京市海淀区中关村科技园区（坐标：39.9902°N, 116.3312°E）\n任务优先级重要性：高\n具体任务：规划前往收件人地址的飞行路径。"
    },
    {
        "paragraph": "UAV-01至UAV-05:\n实体关系：包裹投递\n时间：2023年10月25日 10:45\n地点：收件人地址\n任务优先级重要性：高\n具体任务：投递快递包裹并确认收件。"
    },
    {
        "paragraph": "UAV-06:\n实体关系：物资储备点\n时间：2023年10月26日 14:00\n地点：四川省雅安市芦山县（坐标：30.0246°N, 103.0270°E）\n任务优先级重要性：最高\n具体任务：确认物资清单，检查电量。"
    },
    {
        "paragraph": "UAV-07:\n实体关系：物资储备点\n时间：2023年10月26日 14:00\n地点：四川省雅安市芦山县（坐标：30.0246°N, 103.0270°E）\n任务优先级重要性：最高\n具体任务：确认物资清单，检查电量。"
    },
    {
        "paragraph": "UAV-08:\n实体关系：物资储备点\n时间：2023年10月26日 14:00\n地点：四川省雅安市芦山县（坐标：30.0246°N, 103.0270°E）\n任务优先级重要性：最高\n具体任务：确认物资清单，检查电量。"
    },
    {
        "paragraph": "UAV-09:\n实体关系：物资储备点\n时间：2023年10月26日 14:00\n地点：四川省雅安市芦山县（坐标：30.0246°N, 103.0270°E）\n任务优先级重要性：最高\n具体任务：确认物资清单，检查电量。"
    },
    {
        "paragraph": "UAV-10:\n实体关系：物资储备点\n时间：2023年10月26日 14:00\n地点：四川省雅安市芦山县（坐标：30.0246°N, 103.0270°E）\n任务优先级重要性：最高\n具体任务：确认物资清单，检查电量。"
    },
    {
        "paragraph": "UAV-06至UAV-10:\n实体关系：起飞导航\n时间：2023年10月26日 14:15\n地点：四川省雅安市芦山县（坐标：30.0246°N, 103.0270°E）\n任务优先级重要性：最高\n具体任务：起飞前往物资储备点。"
    },
    {
        "paragraph": "UAV-06至UAV-10:\n实体关系：物资装载\n时间：2023年10月26日 14:30\n地点：四川省雅安市芦山县（坐标：30.0246°N, 103.0270°E）\n任务优先级重要性：最高\n具体任务：装载紧急物资。"
    },
    {
        "paragraph": "UAV-06至UAV-10:\n实体关系：飞行路径规划\n时间：2023年10月26日 14:45\n地点：四川省雅安市芦山县（坐标：30.0246°N, 103.0270°E）\n任务优先级重要性：最高\n具体任务：规划前往受灾地区的飞行路径。"
    },
    {
        "paragraph": "UAV-06至UAV-10:\n实体关系：物资投送\n时间：2023年10月26日 15:45\n地点：受灾地区\n任务优先级重要性：最高\n具体任务：投送紧急物资并确认接收。"
    },
    {
        "paragraph": "UAV-06至UAV-10:\n实体关系：返程充电\n时间：2023年10月26日 16:00\n地点：物资储备点\n任务优先级重要性：最高\n具体任务：进行电量补充，确保返程。"
    }
]