[
    {
        "paragraph": "UAV-01:\n实体关系：高分辨率图像采集\n时间：2023年8月15日 08:00\n地点：四川省茂县地震灾区（31.8°N, 103.6°E）\n任务优先级重要性：紧急，高\n具体任务：起飞，按预设航线以120 km/h速度进行高分辨率图像采集，飞行高度500米，覆盖灾区主要区域，实时回传图像数据。"
    },
    {
        "paragraph": "UAV-02:\n实体关系：地形地貌分析\n时间：2023年8月15日 08:15\n地点：四川省茂县地震灾区（31.8°N, 103.6°E）\n任务优先级重要性：紧急，高\n具体任务：起飞，使用地形地貌分析设备，对灾区地形进行详细分析，实时回传分析结果。"
    },
    {
        "paragraph": "UAV-03:\n实体关系：通信中继\n时间：2023年8月15日 08:20\n地点：四川省茂县地震灾区附近高地\n任务优先级重要性：紧急，高\n具体任务：起飞，建立通信中继站，确保UAV-01和UAV-02的数据传输稳定，并实时监控数据链路状态。"
    },
    {
        "paragraph": "UAV-04:\n实体关系：备用机\n时间：2023年8月15日 08:30\n地点：四川省茂县地震灾区附近\n任务优先级重要性：紧急，高\n具体任务：待命，准备随时接替故障无人机或执行数据备份任务。"
    },
    {
        "paragraph": "UAV-05:\n实体关系：救援物资投放\n时间：2023年8月15日 10:30\n地点：四川省茂县地震灾区受灾村庄\n任务优先级重要性：紧急，高\n具体任务：起飞，按照UAV-06规划的路径，以60 km/h速度进行救援物资投放，飞行高度200米，确保物资精准投放。"
    },
    {
        "paragraph": "UAV-06:\n实体关系：物资投放路径规划\n时间：2023年8月15日 10:25\n地点：地面指挥中心\n任务优先级重要性：紧急，高\n具体任务：规划物资投放路径，并将路径信息实时传输至UAV-05。"
    },
    {
        "paragraph": "UAV-07:\n实体关系：地面指挥与实时监控\n时间：2023年8月15日 10:20\n地点：地面指挥中心\n任务优先级重要性：紧急，高\n具体任务：实时监控UAV-05的飞行状态和物资投放情况。"
    },
    {
        "paragraph": "UAV-08:\n实体关系：伤员转移定位\n时间：2023年8月15日 12:30\n地点：四川省茂县地震灾区医疗救援点\n任务优先级重要性：紧急，高\n具体任务：起飞，进行空中搜索，定位伤员位置，并将伤员位置信息实时传输至地面指挥中心。"
    },
    {
        "paragraph": "UAV-09:\n实体关系：伤员转移路径规划\n时间：2023年8月15日 12:35\n地点：地面指挥中心\n任务优先级重要性：紧急，高\n具体任务：根据伤员位置信息，规划伤员转移路径，并将路径信息实时传输至UAV-10。"
    },
    {
        "paragraph": "UAV-10:\n实体关系：伤员转移空中支援\n时间：2023年8月15日 12:40\n地点：四川省茂县地震灾区医疗救援点\n任务优先级重要性：紧急，高\n具体任务：起飞，按照UAV-09规划的路径，以80 km/h速度进行空中支援，确保伤员在转移过程中的安全。"
    }
]