[
    {
        "paragraph": "UAV-01:\n实体关系：快递配送\n时间：2025年5月15日 14:00\n地点：上海浦东国际机场快递中心（31.2234°N, 121.7296°E）\n任务优先级重要性：高\n具体任务：系统自检，确保温控、导航、电池电量正常。"
    },
    {
        "paragraph": "UAV-02:\n实体关系：监控\n时间：2025年5月15日 14:10\n地点：上海浦东国际机场快递中心（31.2234°N, 121.7296°E）\n任务优先级重要性：高\n具体任务：数据链路检查，确保实时回传飞行数据。"
    },
    {
        "paragraph": "UAV-03:\n实体关系：备用\n时间：2025年5月15日 14:20\n地点：上海浦东国际机场快递中心（31.2234°N, 121.7296°E）\n任务优先级重要性：高\n具体任务：备用检查，确保应急接替能力。"
    },
    {
        "paragraph": "UAV-01:\n实体关系：起飞与航线执行\n时间：2025年5月15日 14:30\n地点：上海浦东国际机场快递中心至上海市中心区\n任务优先级重要性：高\n具体任务：起飞，按预设路径以50 km/h速度前往收件人处。"
    },
    {
        "paragraph": "UAV-02:\n实体关系：监控\n时间：2025年5月15日 14:35\n地点：上海浦东国际机场快递中心至上海市中心区\n任务优先级重要性：高\n具体任务：起飞，沿主航线执行监控任务。"
    },
    {
        "paragraph": "UAV-01:\n实体关系：快递投放与确认\n时间：2025年5月15日 15:00\n地点：上海市中心区指定投放点\n任务优先级重要性：高\n具体任务：悬停，启动精准投放系统，确认投放高度50米。"
    },
    {
        "paragraph": "UAV-02:\n实体关系：监控\n时间：2025年5月15日 15:05\n地点：上海市中心区指定投放点\n任务优先级重要性：高\n具体任务：数据汇总，实时传输投放精度和确认码。"
    },
    {
        "paragraph": "UAV-02:\n实体关系：数据回传与应急响应\n时间：2025年5月15日 15:10\n地点：全程数据监测与反馈系统\n任务优先级重要性：高\n具体任务：数据汇总，实时传输投放精度和确认码。"
    },
    {
        "paragraph": "UAV-03:\n实体关系：应急响应\n时间：2025年5月15日 15:10\n地点：上海市中心区指定投放点\n任务优先级重要性：高\n具体任务：若UAV-01故障，导航至指定投放点，5分钟内完成补投。"
    },
    {
        "paragraph": "UAV-01、UAV-02:\n实体关系：返航与任务总结\n时间：2025年5月15日 15:30\n地点：上海浦东国际机场快递中心\n任务优先级重要性：高\n具体任务：按原航线返航，预计16:00抵达。"
    },
    {
        "paragraph": "UAV-03:\n实体关系：任务总结\n时间：2025年5月15日 16:30\n地点：上海浦东国际机场快递中心\n任务优先级重要性：高\n具体任务：整理数据，生成运输时间、投放精度、信号稳定性统计，异常情况分析及改进建议。"
    }
]