[
    {
        "paragraph": "无人机快递配送任务\n执行时间\n：2025年5月15日 14:00 – 16:30\n执行地点\n：上海浦东国际机场快递中心（坐标：31.2234°N, 121.7296°E）\n执行者\n：\nUAV-01\n：负责将快递包裹从浦东国际机场快递中心运送到上海市中心区收件人处\nUAV-02\n：负责监控配送过程，确保无人机集群通信和数据传输稳定\nUAV-03\n：备用无人机，执行故障应急接替与补充运输任务\n任务优先级\n：高（确保快递包裹按时送达）\n任务重要性\n：重要（保障用户体验和快递物流效率）\n操作步骤\n：\nUAV-01\n于2025年5月15日 14:00在浦东国际机场快递中心进行系统自检，确保以下核心设备正常：\n- 温控系统（保持包裹在2°C - 25°C之间）\n- 导航系统（GNSS，定位精度≤2米）\n- 电池电量≥ 80%，确保完成单程+应急返航\n\nUAV-02\n于2025年5月15日 14:10同步执行数据链路检查，确保以下监控内容实时回传：\n- 无人机飞行速度、姿态与航迹偏差（≤2°）\n- 快递包裹状态与环境变化监测\n\nUAV-03\n于2025年5月15日 14:20进行备用检查，确保可随时接管故障任务，主要测试：",
        "key_message": "无人机名字或代号：UAV-01、UAV-02、UAV-03  \n时间：2025年5月15日 14:00 – 16:30、2025年5月15日 14:00、2025年5月15日 14:10、2025年5月15日 14:20  \n地点：上海浦东国际机场快递中心（坐标：31.2234°N, 121.7296°E）、上海市中心区收件人处  \n任务优先级重要性：高、重要  \n任务描述信息：将快递包裹从浦东国际机场快递中心运送到上海市中心区收件人处、监控配送过程，确保无人机集群通信和数据传输稳定、备用无人机，执行故障应急接替与补充运输任务、系统自检（温控系统、导航系统、电池电量）、数据链路检查（飞行速度、姿态与航迹偏差、快递包裹状态与环境变化监测）、备用检查以随时接管故障任务"
    },
    {
        "paragraph": "5日 14:20进行备用检查，确保可随时接管故障任务，主要测试：\n- 应急切换模块，确保接收来自指挥中心的备用飞行指令\n- 备用航线预设，覆盖主航线与替代路径\n\n————————————————————————————————————————————————————————————————————————————————-",
        "key_message": "无人机名字或代号：未提及  \n时间：5日 14:20  \n地点：未提及  \n任务优先级重要性：未提及  \n任务描述信息：进行备用检查，确保可随时接管故障任务；主要测试应急切换模块以接收来自指挥中心的备用飞行指令，以及备用航线预设覆盖主航线与替代路径。"
    },
    {
        "paragraph": "起飞与航线执行\n执行时间\n：2025年5月15日 14:30 – 15:00\n执行地点\n：上海浦东国际机场快递中心至上海市中心区\n执行者\n：\nUAV-01\n：执行快递包裹配送任务\nUAV-02\n：实时监控配送过程\n任务优先级\n：高（确保快递包裹按时送达）\n操作步骤\n：\nUAV-01\n于2025年5月15日 14:30起飞，按预设路径以\n50 km/h\n速度前往上海市中心区收件人处，航线要求：\n- 飞行高度：200米，避免与城市低空航班冲突\n- 预计到达时间：15:00，实时报告航迹与设备状态\n\nUAV-02\n于2025年5月15日 14:35起飞，沿主航线执行监控任务，实时回传以下数据至指挥中心：\n- 无人机飞行速度、姿态与航迹偏差\n- 快递包裹状态与环境变化\n\n————————————————————————————————————————————————————————————————————————————————-",
        "key_message": "无人机名字或代号：UAV-01、UAV-02  \n时间：2025年5月15日 14:30 – 15:00、2025年5月15日 14:30、2025年5月15日 14:35  \n地点：上海浦东国际机场快递中心至上海市中心区  \n任务优先级重要性：高（确保快递包裹按时送达）  \n任务描述信息：  \n- UAV-01：于2025年5月15日 14:30起飞，按预设路径以50 km/h速度前往上海市中心区收件人处，飞行高度200米，避免与城市低空航班冲突，预计到达时间15:00，实时报告航迹与设备状态。  \n- UAV-02：于2025年5月15日 14:35起飞，沿主航线执行监控任务，实时回传无人机飞行速度、姿态与航迹偏差，以及快递包裹状态与环境变化。"
    },
    {
        "paragraph": "快递投放与确认\n执行时间\n：2025年5月15日 15:00 – 15:10\n执行地点\n：上海市中心区指定投放点\n执行者\n：\nUAV-01\n：执行快递投放与交付确认\nUAV-02\n：实时监控投放过程，记录数据并实时上传\n任务优先级\n：高（确保快递包裹安全无误投放并获得接收反馈）\n操作步骤\n：\nUAV-01\n于2025年5月15日 15:00在指定投放点悬停，执行以下操作：\n- 启动精准投放系统，确认投放高度50米\n- 投放完成后，接收收件人确认码并向指挥中心回传\n\nUAV-02\n于2025年5月15日 15:05进行数据汇总，实时传输以下信息至指挥中心：\n- 快递包裹投放精度（误差≤1米）\n- 投放完成时间与接收确认码\n\n————————————————————————————————————————————————————————————————————————————————-",
        "key_message": "无人机名字或代号：UAV-01、UAV-02  \n时间：2025年5月15日 15:00 – 15:10、2025年5月15日 15:00、2025年5月15日 15:05  \n地点：上海市中心区指定投放点  \n任务优先级重要性：高  \n任务描述信息：启动精准投放系统，确认投放高度50米；投放完成后，接收收件人确认码并向指挥中心回传；实时监控投放过程，记录数据并实时上传；快递包裹投放精度（误差≤1米）；投放完成时间与接收确认码"
    },
    {
        "paragraph": "数据回传与应急响应\n执行时间\n：2025年5月15日 15:10 – 15:30\n执行地点\n：全程数据监测与反馈系统\n执行者\n：\nUAV-02\n：实时回传任务执行数据\nUAV-03\n：备用无人机，执行故障接替任务\n任务优先级\n：高（确保全程监控与数据安全回传）\n操作步骤\n：\nUAV-02\n于2025年5月15日 15:10进行数据汇总，实时传输以下信息至指挥中心：\n- 快递包裹投放精度（误差≤1米）\n- 投放完成时间与接收确认码\n- 若UAV-01出现故障，\nUAV-03\n立即执行替代任务，遵循以下流程：\n- 根据备用航线导航至指定投放点，确保快递包裹在5分钟内完成补投\n\n————————————————————————————————————————————————————————————————————————————————-",
        "key_message": "无人机名字或代号：UAV-02、UAV-03、UAV-01（提及但未明确为主要执行者）  \n时间：2025年5月15日 15:10 – 15:30、2025年5月15日 15:10  \n地点：全程数据监测与反馈系统  \n任务优先级重要性：高  \n任务描述信息：实时回传任务执行数据、数据汇总并传输至指挥中心（包括快递包裹投放精度、投放完成时间与接收确认码）、若UAV-01出现故障，UAV-03根据备用航线导航至指定投放点并在5分钟内完成补投、备用无人机执行故障接替任务"
    },
    {
        "paragraph": "返航与任务总结\n执行时间\n：2025年5月15日 15:30 – 16:30\n执行地点\n：上海浦东国际机场快递中心\n执行者\n：\nUAV-01、UAV-02\n：执行返航\nUAV-03\n：整理数据并生成任务总结\n任务优先级\n：高（确保数据完整性并安全返航）\n操作步骤\n：\nUAV-01、UAV-02\n于2025年5月15日 15:30按原航线返航，预计16:00抵达。\nUAV-03\n于2025年5月15日 16:30完成以下任务总结：\n- 运输时间、投放精度、信号稳定性统计\n- 异常情况分析及改进建议，提交至指挥中心。",
        "key_message": "无人机名字或代号：UAV-01、UAV-02、UAV-03  \n时间：2025年5月15日 15:30 – 16:30、2025年5月15日 15:30、2025年5月15日 16:00、2025年5月15日 16:30  \n地点：上海浦东国际机场快递中心  \n任务优先级重要性：高  \n任务描述信息：UAV-01、UAV-02按原航线返航；UAV-03整理数据并生成任务总结，包括运输时间、投放精度、信号稳定性统计及异常情况分析及改进建议。"
    }
]