[
    {
        "content2_para": "**快递侠-UAV01:**\n实体关系：快递侠\n时间：2024年11月15日 08:45 – 09:00\n地点：北京市中心区域起飞点（39.9042°N, 116.4074°E）\n任务优先级重要性：高\n具体任务：自检电池电量≥95%，GPS定位系统精度≤5米。",
        "matches": [
            {
                "content1_para": "无人机准备与设备检查\n执行时间：2024年11月15日 08:45 – 09:00\n执行地点：北京市中心区域起飞点（坐标：39.9042°N, 116.4074°E）\n执行者：\n- 快递侠-UAV01\n- 快递豹-UAV02\n- 快递蜂-UAV03\n\n操作步骤：\n- 快递侠-UAV01于08:45进行自检，确认电池电量≥95%，GPS定位系统精度≤5米。\n- 快递豹-UAV02于08:50检查导航系统，确保飞行路径准确无误。\n- 快递蜂-UAV03于08:55测试无人机通信系统，确保与指挥中心保持稳定连接。\n\n————————————————————————————————————————————————————————————————————————————————-",
                "content1_msg": "无人机名字或代号：快递侠-UAV01、快递豹-UAV02、快递蜂-UAV03  \n时间：2024年11月15日 08:45 – 09:00、08:45、08:50、08:55  \n地点：北京市中心区域起飞点（坐标：39.9042°N, 116.4074°E）  \n任务优先级重要性：未提及  \n任务描述信息：自检电池电量≥95%、GPS定位系统精度≤5米；检查导航系统确保飞行路径准确无误；测试通信系统确保与指挥中心保持稳定连接。",
                "similarity": 0.815086777527561
            },
            {
                "content1_para": "无人机快递配送任务：城市中心区域快递投递\n\n执行时间：2024年11月15日 09:00 – 12:00\n执行地点：北京市中心区域（具体坐标：39.9042°N, 116.4074°E）\n执行者：\n- 快递侠-UAV01\n- 快递豹-UAV02\n- 快递蜂-UAV03\n\n任务优先级：高（确保快递及时送达，减少配送时间）\n任务重要性：高（提高客户满意度，提升服务效率）\n\n操作步骤：\n\n————————————————————————————————————————————————————————————————————————————————-",
                "content1_msg": "无人机名字或代号：快递侠-UAV01、快递豹-UAV02、快递蜂-UAV03  \n时间：2024年11月15日 09:00 – 12:00  \n地点：北京市中心区域（具体坐标：39.9042°N, 116.4074°E）  \n任务优先级重要性：高  \n任务描述信息：未提及",
                "similarity": 0.7165510345807857
            }
        ]
    },
    {
        "content2_para": "**快递豹-UAV02:**\n实体关系：快递豹\n时间：2024年11月15日 08:50 – 09:00\n地点：北京市中心区域起飞点（39.9042°N, 116.4074°E）\n任务优先级重要性：高\n具体任务：检查导航系统，确保飞行路径准确无误。",
        "matches": [
            {
                "content1_para": "无人机准备与设备检查\n执行时间：2024年11月15日 08:45 – 09:00\n执行地点：北京市中心区域起飞点（坐标：39.9042°N, 116.4074°E）\n执行者：\n- 快递侠-UAV01\n- 快递豹-UAV02\n- 快递蜂-UAV03\n\n操作步骤：\n- 快递侠-UAV01于08:45进行自检，确认电池电量≥95%，GPS定位系统精度≤5米。\n- 快递豹-UAV02于08:50检查导航系统，确保飞行路径准确无误。\n- 快递蜂-UAV03于08:55测试无人机通信系统，确保与指挥中心保持稳定连接。\n\n————————————————————————————————————————————————————————————————————————————————-",
                "content1_msg": "无人机名字或代号：快递侠-UAV01、快递豹-UAV02、快递蜂-UAV03  \n时间：2024年11月15日 08:45 – 09:00、08:45、08:50、08:55  \n地点：北京市中心区域起飞点（坐标：39.9042°N, 116.4074°E）  \n任务优先级重要性：未提及  \n任务描述信息：自检电池电量≥95%、GPS定位系统精度≤5米；检查导航系统确保飞行路径准确无误；测试通信系统确保与指挥中心保持稳定连接。",
                "similarity": 0.7833326208160557
            },
            {
                "content1_para": "无人机快递配送任务：城市中心区域快递投递\n\n执行时间：2024年11月15日 09:00 – 12:00\n执行地点：北京市中心区域（具体坐标：39.9042°N, 116.4074°E）\n执行者：\n- 快递侠-UAV01\n- 快递豹-UAV02\n- 快递蜂-UAV03\n\n任务优先级：高（确保快递及时送达，减少配送时间）\n任务重要性：高（提高客户满意度，提升服务效率）\n\n操作步骤：\n\n————————————————————————————————————————————————————————————————————————————————-",
                "content1_msg": "无人机名字或代号：快递侠-UAV01、快递豹-UAV02、快递蜂-UAV03  \n时间：2024年11月15日 09:00 – 12:00  \n地点：北京市中心区域（具体坐标：39.9042°N, 116.4074°E）  \n任务优先级重要性：高  \n任务描述信息：未提及",
                "similarity": 0.7389352165113384
            }
        ]
    },
    {
        "content2_para": "**快递蜂-UAV03:**\n实体关系：快递蜂\n时间：2024年11月15日 08:55 – 09:00\n地点：北京市中心区域起飞点（39.9042°N, 116.4074°E）\n任务优先级重要性：高\n具体任务：测试无人机通信系统，确保与指挥中心保持稳定连接。",
        "matches": [
            {
                "content1_para": "无人机准备与设备检查\n执行时间：2024年11月15日 08:45 – 09:00\n执行地点：北京市中心区域起飞点（坐标：39.9042°N, 116.4074°E）\n执行者：\n- 快递侠-UAV01\n- 快递豹-UAV02\n- 快递蜂-UAV03\n\n操作步骤：\n- 快递侠-UAV01于08:45进行自检，确认电池电量≥95%，GPS定位系统精度≤5米。\n- 快递豹-UAV02于08:50检查导航系统，确保飞行路径准确无误。\n- 快递蜂-UAV03于08:55测试无人机通信系统，确保与指挥中心保持稳定连接。\n\n————————————————————————————————————————————————————————————————————————————————-",
                "content1_msg": "无人机名字或代号：快递侠-UAV01、快递豹-UAV02、快递蜂-UAV03  \n时间：2024年11月15日 08:45 – 09:00、08:45、08:50、08:55  \n地点：北京市中心区域起飞点（坐标：39.9042°N, 116.4074°E）  \n任务优先级重要性：未提及  \n任务描述信息：自检电池电量≥95%、GPS定位系统精度≤5米；检查导航系统确保飞行路径准确无误；测试通信系统确保与指挥中心保持稳定连接。",
                "similarity": 0.7844511615799107
            },
            {
                "content1_para": "无人机快递配送任务：城市中心区域快递投递\n\n执行时间：2024年11月15日 09:00 – 12:00\n执行地点：北京市中心区域（具体坐标：39.9042°N, 116.4074°E）\n执行者：\n- 快递侠-UAV01\n- 快递豹-UAV02\n- 快递蜂-UAV03\n\n任务优先级：高（确保快递及时送达，减少配送时间）\n任务重要性：高（提高客户满意度，提升服务效率）\n\n操作步骤：\n\n————————————————————————————————————————————————————————————————————————————————-",
                "content1_msg": "无人机名字或代号：快递侠-UAV01、快递豹-UAV02、快递蜂-UAV03  \n时间：2024年11月15日 09:00 – 12:00  \n地点：北京市中心区域（具体坐标：39.9042°N, 116.4074°E）  \n任务优先级重要性：高  \n任务描述信息：未提及",
                "similarity": 0.7421265684019024
            }
        ]
    },
    {
        "content2_para": "**快递侠-UAV01, 快递豹-UAV02, 快递蜂-UAV03:**\n实体关系：起飞与航路规划\n时间：2024年11月15日 09:00 – 09:05\n地点：北京市中心区域起飞点（39.9042°N, 116.4074°E）\n任务优先级重要性：高\n具体任务：快递侠-UAV01起飞，设定飞行高度50米，速度20 km/h；快递豹-UAV02同步起飞，保持100米距离；快递蜂-UAV03作为备用。",
        "matches": [
            {
                "content1_para": "起飞与航路规划\n执行时间：2024年11月15日 09:00 – 09:05\n执行地点：北京市中心区域起飞点（坐标：39.9042°N, 116.4074°E）\n执行者：\n- 快递侠-UAV01\n- 快递豹-UAV02\n- 快递蜂-UAV03\n\n操作步骤：\n- 快递侠-UAV01于09:00起飞，设定飞行高度50米，速度20 km/h。\n- 快递豹-UAV02于09:01起飞，与快递侠-UAV01保持100米距离，同步飞行。\n- 快递蜂-UAV03于09:02起飞，作为备用无人机，随时准备接替任务。\n\n————————————————————————————————————————————————————————————————————————————————-",
                "content1_msg": "无人机名字或代号：快递侠-UAV01、快递豹-UAV02、快递蜂-UAV03  \n时间：2024年11月15日 09:00 – 09:05、2024年11月15日 09:00、2024年11月15日 09:01、2024年11月15日 09:02  \n地点：北京市中心区域起飞点（坐标：39.9042°N, 116.4074°E）  \n任务优先级重要性：未提及  \n任务描述信息：  \n- 快递侠-UAV01于09:00起飞，设定飞行高度50米，速度20 km/h。  \n- 快递豹-UAV02于09:01起飞，与快递侠-UAV01保持100米距离，同步飞行。  \n- 快递蜂-UAV03于09:02起飞，作为备用无人机，随时准备接替任务。",
                "similarity": 0.8926369267793083
            },
            {
                "content1_para": "无人机准备与设备检查\n执行时间：2024年11月15日 08:45 – 09:00\n执行地点：北京市中心区域起飞点（坐标：39.9042°N, 116.4074°E）\n执行者：\n- 快递侠-UAV01\n- 快递豹-UAV02\n- 快递蜂-UAV03\n\n操作步骤：\n- 快递侠-UAV01于08:45进行自检，确认电池电量≥95%，GPS定位系统精度≤5米。\n- 快递豹-UAV02于08:50检查导航系统，确保飞行路径准确无误。\n- 快递蜂-UAV03于08:55测试无人机通信系统，确保与指挥中心保持稳定连接。\n\n————————————————————————————————————————————————————————————————————————————————-",
                "content1_msg": "无人机名字或代号：快递侠-UAV01、快递豹-UAV02、快递蜂-UAV03  \n时间：2024年11月15日 08:45 – 09:00、08:45、08:50、08:55  \n地点：北京市中心区域起飞点（坐标：39.9042°N, 116.4074°E）  \n任务优先级重要性：未提及  \n任务描述信息：自检电池电量≥95%、GPS定位系统精度≤5米；检查导航系统确保飞行路径准确无误；测试通信系统确保与指挥中心保持稳定连接。",
                "similarity": 0.7784781505485112
            }
        ]
    },
    {
        "content2_para": "**快递侠-UAV01, 快递豹-UAV02, 快递蜂-UAV03:**\n实体关系：快递投递任务执行\n时间：2024年11月15日 09:05 – 11:30\n地点：北京市中心区域（39.9042°N, 116.4074°E）\n任务优先级重要性：高\n具体任务：快递侠-UAV01执行第一个投递点（39.9132°N, 116.4105°E）；快递豹-UAV02执行第二个投递点（39.9089°N, 116.4090°E）；快递蜂-UAV03巡逻确保安全。",
        "matches": [
            {
                "content1_para": "快递投递任务执行\n执行时间：2024年11月15日 09:05 – 11:30\n执行地点：北京市中心区域（具体坐标：39.9042°N, 116.4074°E）\n执行者：\n- 快递侠-UAV01\n- 快递豹-UAV02\n- 快递蜂-UAV03\n\n操作步骤：\n- 快递侠-UAV01于09:05抵达第一个投递点（坐标：39.9132°N, 116.4105°E），执行快递投递。\n- 快递豹-UAV02于09:10抵达第二个投递点（坐标：39.9089°N, 116.4090°E），执行快递投递。\n- 快递蜂-UAV03在投递点之间进行巡逻，确保快递侠-UAV01和快递豹-UAV02的安全。\n- 快递侠-UAV01和快递豹-UAV02每完成一个投递点，立即向指挥中心报告，并更新下一个投递点坐标。\n\n————————————————————————————————————————————————————————————————————————————————-",
                "content1_msg": "无人机名字或代号：快递侠-UAV01、快递豹-UAV02、快递蜂-UAV03  \n时间：2024年11月15日 09:05 – 11:30、2024年11月15日 09:05、2024年11月15日 09:10  \n地点：北京市中心区域（具体坐标：39.9042°N, 116.4074°E）、第一个投递点（坐标：39.9132°N, 116.4105°E）、第二个投递点（坐标：39.9089°N, 116.4090°E）  \n任务优先级重要性：未提及  \n任务描述信息：快递侠-UAV01于09:05抵达第一个投递点执行快递投递；快递豹-UAV02于09:10抵达第二个投递点执行快递投递；快递蜂-UAV03在投递点之间进行巡逻，确保快递侠-UAV01和快递豹-UAV02的安全；快递侠-UAV01和快递豹-UAV02每完成一个投递点，立即向指挥中心报告，并更新下一个投递点坐标。",
                "similarity": 0.8873805496600703
            },
            {
                "content1_para": "无人机快递配送任务：城市中心区域快递投递\n\n执行时间：2024年11月15日 09:00 – 12:00\n执行地点：北京市中心区域（具体坐标：39.9042°N, 116.4074°E）\n执行者：\n- 快递侠-UAV01\n- 快递豹-UAV02\n- 快递蜂-UAV03\n\n任务优先级：高（确保快递及时送达，减少配送时间）\n任务重要性：高（提高客户满意度，提升服务效率）\n\n操作步骤：\n\n————————————————————————————————————————————————————————————————————————————————-",
                "content1_msg": "无人机名字或代号：快递侠-UAV01、快递豹-UAV02、快递蜂-UAV03  \n时间：2024年11月15日 09:00 – 12:00  \n地点：北京市中心区域（具体坐标：39.9042°N, 116.4074°E）  \n任务优先级重要性：高  \n任务描述信息：未提及",
                "similarity": 0.7689897569761689
            }
        ]
    },
    {
        "content2_para": "**快递侠-UAV01, 快递豹-UAV02, 快递蜂-UAV03:**\n实体关系：返回起飞点与任务总结\n时间：2024年11月15日 11:30 – 12:00\n地点：北京市中心区域起飞点（39.9042°N, 116.4074°E）\n任务优先级重要性：高\n具体任务：快递侠-UAV01和快递豹-UAV02返回起飞点，报告任务完成；快递蜂-UAV03报告任务完成，交付给指挥中心；指挥中心总结任务，评估性能，记录数据。",
        "matches": [
            {
                "content1_para": "返回起飞点与任务总结\n执行时间：2024年11月15日 11:30 – 12:00\n执行地点：北京市中心区域起飞点（坐标：39.9042°N, 116.4074°E）\n执行者：\n- 快递侠-UAV01\n- 快递豹-UAV02\n- 快递蜂-UAV03\n\n操作步骤：\n- 快递侠-UAV01和快递豹-UAV02于11:30完成最后一个投递点后，返回起飞点。\n- 快递蜂-UAV03在快递侠-UAV01和快递豹-UAV02返回途中，继续进行巡逻。\n- 快递侠-UAV01和快递豹-UAV02于11:45抵达起飞点，向指挥中心报告任务完成情况。\n- 快递蜂-UAV03于11:50抵达起飞点，报告任务完成，并交付给指挥中心。\n- 指挥中心于12:00总结任务执行情况，评估无人机性能，记录数据。",
                "content1_msg": "无人机名字或代号：快递侠-UAV01、快递豹-UAV02、快递蜂-UAV03  \n时间：2024年11月15日 11:30 – 12:00、2024年11月15日 11:30、2024年11月15日 11:45、2024年11月15日 11:50、2024年11月15日 12:00  \n地点：北京市中心区域起飞点（坐标：39.9042°N, 116.4074°E）  \n任务优先级重要性：未提及  \n任务描述信息：  \n- 快递侠-UAV01和快递豹-UAV02完成最后一个投递点后返回起飞点。  \n- 快递蜂-UAV03在其他无人机返回途中继续进行巡逻。  \n- 快递侠-UAV01和快递豹-UAV02抵达起飞点并向指挥中心报告任务完成情况。  \n- 快递蜂-UAV03抵达起飞点，报告任务完成并交付给指挥中心。  \n- 指挥中心总结任务执行情况，评估无人机性能，记录数据。",
                "similarity": 0.8605611032297722
            },
            {
                "content1_para": "快递投递任务执行\n执行时间：2024年11月15日 09:05 – 11:30\n执行地点：北京市中心区域（具体坐标：39.9042°N, 116.4074°E）\n执行者：\n- 快递侠-UAV01\n- 快递豹-UAV02\n- 快递蜂-UAV03\n\n操作步骤：\n- 快递侠-UAV01于09:05抵达第一个投递点（坐标：39.9132°N, 116.4105°E），执行快递投递。\n- 快递豹-UAV02于09:10抵达第二个投递点（坐标：39.9089°N, 116.4090°E），执行快递投递。\n- 快递蜂-UAV03在投递点之间进行巡逻，确保快递侠-UAV01和快递豹-UAV02的安全。\n- 快递侠-UAV01和快递豹-UAV02每完成一个投递点，立即向指挥中心报告，并更新下一个投递点坐标。\n\n————————————————————————————————————————————————————————————————————————————————-",
                "content1_msg": "无人机名字或代号：快递侠-UAV01、快递豹-UAV02、快递蜂-UAV03  \n时间：2024年11月15日 09:05 – 11:30、2024年11月15日 09:05、2024年11月15日 09:10  \n地点：北京市中心区域（具体坐标：39.9042°N, 116.4074°E）、第一个投递点（坐标：39.9132°N, 116.4105°E）、第二个投递点（坐标：39.9089°N, 116.4090°E）  \n任务优先级重要性：未提及  \n任务描述信息：快递侠-UAV01于09:05抵达第一个投递点执行快递投递；快递豹-UAV02于09:10抵达第二个投递点执行快递投递；快递蜂-UAV03在投递点之间进行巡逻，确保快递侠-UAV01和快递豹-UAV02的安全；快递侠-UAV01和快递豹-UAV02每完成一个投递点，立即向指挥中心报告，并更新下一个投递点坐标。",
                "similarity": 0.7725102056765657
            }
        ]
    }
]