[
    {
        "content2_para": "UAV-1:\n实体关系：主配送任务\n时间：2023年11月15日 10:00 – 12:00\n地点：中关村科技园区快递中心至朝阳公园快递分拣中心（39.9902°N, 116.4074°E）\n任务优先级重要性：高\n具体任务：10:00自检导航系统与电池，10:10装载包裹，10:15起飞，前往朝阳公园快递分拣中心，飞行高度200米，速度80 km/h，预计10:30到达。",
        "matches": [
            {
                "content1_para": "无人机快递配送任务\n\n执行时间\n：2023年11月15日 10:00 – 12:00\n执行地点\n：北京中关村科技园区至朝阳公园快递分拣中心（坐标：39.9902°N, 116.4074°E）\n执行者\n：\nUAV-1\n：负责从中关村科技园区快递中心起飞，运送包裹至朝阳公园快递分拣中心\nUAV-2\n：负责从朝阳公园快递分拣中心起飞，运送包裹至目的地\nUAV-3\n：备用无人机，执行故障应急接替与补充运输任务\n任务优先级\n：高（确保包裹快速准确送达）\n任务重要性\n：确保客户满意度与快递服务质量\n\n操作步骤\n：\nUAV-1\n于2023年11月15日10:00在中关村科技园区快递中心执行系统自检，确保以下核心设备正常：\n导航系统（GNSS+RTK，定位精度≤0.5米）\n电池电量≥ 95%，确保完成单程+应急返航\n于10:10完成包裹装载，确认包裹重量不超过5kg，封装完好。\n于10:15起飞，按预设路径以80 km/h速度前往朝阳公园快递分拣中心，飞行高度保持200米，避免与低空飞行器冲突。\n预计到达时间10:30，实时报告航迹与设备状态。\n\nUAV-2\n于10:30在朝阳公园快递分拣中心执行系统自检，确保以下核心设备正",
                "content1_msg": "无人机名字或代号：UAV-1、UAV-2、UAV-3  \n时间：2023年11月15日 10:00 – 12:00、2023年11月15日 10:00、2023年11月15日 10:10、2023年11月15日 10:15、2023年11月15日 10:30  \n地点：北京中关村科技园区至朝阳公园快递分拣中心（坐标：39.9902°N, 116.4074°E）  \n任务优先级重要性：高（确保包裹快速准确送达）、确保客户满意度与快递服务质量  \n任务描述信息：  \n- UAV-1从中关村科技园区快递中心起飞，运送包裹至朝阳公园快递分拣中心  \n- UAV-2从朝阳公园快递分拣中心起飞，运送包裹至目的地  \n- UAV-3执行故障应急接替与补充运输任务  \n- UAV-1于10:00执行系统自检，确保导航系统和电池电量正常  \n- UAV-1于10:10完成包裹装载，确认包裹重量不超过5kg  \n- UAV-1于10:15起飞，按预设路径以80 km/h速度前往朝阳公园快递分拣中心，飞行高度保持200米  \n- UAV-2于10:30在朝阳公园快递分拣中心执行系统自检",
                "similarity": 0.772364129656219
            },
            {
                "content1_para": "10:30在朝阳公园快递分拣中心执行系统自检，确保以下核心设备正常：\n导航系统（GNSS+RTK，定位精度≤0.5米）\n电池电量≥ 95%，确保完成单程+应急返航\n于10:35完成包裹装载，确认包裹重量不超过5kg，封装完好。\n于10:40起飞，飞往目的地，飞行参数要求：\n高度150米，速度60 km/h，确保高效避障\n抵达目标时间11:00，进行自动降落与精准投放。\n\nUAV-3\n于10:45在中关村科技园区快递中心进行备用检查，确保可随时接管故障任务，主要测试：\n应急切换模块，确保接收来自指挥中心的备用飞行指令\n备用航线预设，覆盖主航线与替代路径\n实时监控UAV-1和UAV-2的飞行状态，确保任务顺利进行。\n\n————————————————————————————————————————————————————————————————————————————————-",
                "content1_msg": "无人机名字或代号：UAV-3、UAV-1、UAV-2  \n时间：10:30、10:35、10:40、10:45、11:00  \n地点：朝阳公园快递分拣中心、中关村科技园区快递中心  \n任务优先级重要性：未提及  \n任务描述信息：系统自检（导航系统、电池电量）、包裹装载（重量不超过5kg）、起飞飞往目的地（高度150米，速度60 km/h）、自动降落与精准投放；备用检查（应急切换模块、备用航线预设、实时监控UAV-1和UAV-2飞行状态）",
                "similarity": 0.6940592705243617
            }
        ]
    },
    {
        "content2_para": "UAV-2:\n实体关系：主配送任务\n时间：2023年11月15日 10:30 – 11:00\n地点：朝阳公园快递分拣中心至目的地\n任务优先级重要性：高\n具体任务：10:30自检导航系统与电池，10:35装载包裹，10:40起飞，飞往目的地，飞行高度150米，速度60 km/h，预计11:00到达。",
        "matches": [
            {
                "content1_para": "10:30在朝阳公园快递分拣中心执行系统自检，确保以下核心设备正常：\n导航系统（GNSS+RTK，定位精度≤0.5米）\n电池电量≥ 95%，确保完成单程+应急返航\n于10:35完成包裹装载，确认包裹重量不超过5kg，封装完好。\n于10:40起飞，飞往目的地，飞行参数要求：\n高度150米，速度60 km/h，确保高效避障\n抵达目标时间11:00，进行自动降落与精准投放。\n\nUAV-3\n于10:45在中关村科技园区快递中心进行备用检查，确保可随时接管故障任务，主要测试：\n应急切换模块，确保接收来自指挥中心的备用飞行指令\n备用航线预设，覆盖主航线与替代路径\n实时监控UAV-1和UAV-2的飞行状态，确保任务顺利进行。\n\n————————————————————————————————————————————————————————————————————————————————-",
                "content1_msg": "无人机名字或代号：UAV-3、UAV-1、UAV-2  \n时间：10:30、10:35、10:40、10:45、11:00  \n地点：朝阳公园快递分拣中心、中关村科技园区快递中心  \n任务优先级重要性：未提及  \n任务描述信息：系统自检（导航系统、电池电量）、包裹装载（重量不超过5kg）、起飞飞往目的地（高度150米，速度60 km/h）、自动降落与精准投放；备用检查（应急切换模块、备用航线预设、实时监控UAV-1和UAV-2飞行状态）",
                "similarity": 0.7432099692356194
            },
            {
                "content1_para": "无人机快递配送任务\n\n执行时间\n：2023年11月15日 10:00 – 12:00\n执行地点\n：北京中关村科技园区至朝阳公园快递分拣中心（坐标：39.9902°N, 116.4074°E）\n执行者\n：\nUAV-1\n：负责从中关村科技园区快递中心起飞，运送包裹至朝阳公园快递分拣中心\nUAV-2\n：负责从朝阳公园快递分拣中心起飞，运送包裹至目的地\nUAV-3\n：备用无人机，执行故障应急接替与补充运输任务\n任务优先级\n：高（确保包裹快速准确送达）\n任务重要性\n：确保客户满意度与快递服务质量\n\n操作步骤\n：\nUAV-1\n于2023年11月15日10:00在中关村科技园区快递中心执行系统自检，确保以下核心设备正常：\n导航系统（GNSS+RTK，定位精度≤0.5米）\n电池电量≥ 95%，确保完成单程+应急返航\n于10:10完成包裹装载，确认包裹重量不超过5kg，封装完好。\n于10:15起飞，按预设路径以80 km/h速度前往朝阳公园快递分拣中心，飞行高度保持200米，避免与低空飞行器冲突。\n预计到达时间10:30，实时报告航迹与设备状态。\n\nUAV-2\n于10:30在朝阳公园快递分拣中心执行系统自检，确保以下核心设备正",
                "content1_msg": "无人机名字或代号：UAV-1、UAV-2、UAV-3  \n时间：2023年11月15日 10:00 – 12:00、2023年11月15日 10:00、2023年11月15日 10:10、2023年11月15日 10:15、2023年11月15日 10:30  \n地点：北京中关村科技园区至朝阳公园快递分拣中心（坐标：39.9902°N, 116.4074°E）  \n任务优先级重要性：高（确保包裹快速准确送达）、确保客户满意度与快递服务质量  \n任务描述信息：  \n- UAV-1从中关村科技园区快递中心起飞，运送包裹至朝阳公园快递分拣中心  \n- UAV-2从朝阳公园快递分拣中心起飞，运送包裹至目的地  \n- UAV-3执行故障应急接替与补充运输任务  \n- UAV-1于10:00执行系统自检，确保导航系统和电池电量正常  \n- UAV-1于10:10完成包裹装载，确认包裹重量不超过5kg  \n- UAV-1于10:15起飞，按预设路径以80 km/h速度前往朝阳公园快递分拣中心，飞行高度保持200米  \n- UAV-2于10:30在朝阳公园快递分拣中心执行系统自检",
                "similarity": 0.6897323611902806
            }
        ]
    },
    {
        "content2_para": "UAV-3:\n实体关系：备用任务\n时间：2023年11月15日 10:45 – 12:00\n地点：中关村科技园区快递中心\n任务优先级重要性：高\n具体任务：10:45备用检查，实时监控UAV-1和UAV-2，确保故障时能迅速接管。",
        "matches": [
            {
                "content1_para": "10:30在朝阳公园快递分拣中心执行系统自检，确保以下核心设备正常：\n导航系统（GNSS+RTK，定位精度≤0.5米）\n电池电量≥ 95%，确保完成单程+应急返航\n于10:35完成包裹装载，确认包裹重量不超过5kg，封装完好。\n于10:40起飞，飞往目的地，飞行参数要求：\n高度150米，速度60 km/h，确保高效避障\n抵达目标时间11:00，进行自动降落与精准投放。\n\nUAV-3\n于10:45在中关村科技园区快递中心进行备用检查，确保可随时接管故障任务，主要测试：\n应急切换模块，确保接收来自指挥中心的备用飞行指令\n备用航线预设，覆盖主航线与替代路径\n实时监控UAV-1和UAV-2的飞行状态，确保任务顺利进行。\n\n————————————————————————————————————————————————————————————————————————————————-",
                "content1_msg": "无人机名字或代号：UAV-3、UAV-1、UAV-2  \n时间：10:30、10:35、10:40、10:45、11:00  \n地点：朝阳公园快递分拣中心、中关村科技园区快递中心  \n任务优先级重要性：未提及  \n任务描述信息：系统自检（导航系统、电池电量）、包裹装载（重量不超过5kg）、起飞飞往目的地（高度150米，速度60 km/h）、自动降落与精准投放；备用检查（应急切换模块、备用航线预设、实时监控UAV-1和UAV-2飞行状态）",
                "similarity": 0.7001397601605474
            },
            {
                "content1_para": "返航与任务总结\n\n执行时间\n：2023年11月15日 11:30 – 12:00\n执行地点\n：北京中关村科技园区快递中心\n执行者\n：\nUAV-1、UAV-2\n：执行返航\nUAV-3\n：整理数据并生成任务总结\n任务优先级\n：高（确保数据完整性并安全返航）\n\n操作步骤\n：\nUAV-1、UAV-2\n于11:30按原航线返航，预计12:00抵达中关村科技园区快递中心。\nUAV-3\n于12:00完成以下任务总结：\n运输时间、投放精度、信号稳定性统计\n异常情况分析及改进建议，提交至指挥中心。",
                "content1_msg": "无人机名字或代号：UAV-1、UAV-2、UAV-3  \n时间：2023年11月15日 11:30 – 12:00  \n地点：北京中关村科技园区快递中心  \n任务优先级重要性：高  \n任务描述信息：UAV-1、UAV-2按原航线返航；UAV-3整理数据并生成任务总结（包括运输时间、投放精度、信号稳定性统计，异常情况分析及改进建议）。",
                "similarity": 0.6988033395609948
            }
        ]
    },
    {
        "content2_para": "UAV-2:\n实体关系：物资投放与交付确认\n时间：2023年11月15日 11:00 – 11:15\n地点：朝阳公园快递分拣中心\n任务优先级重要性：高\n具体任务：11:00抵达目的地，采集环境数据，确认投放完成，获取确认码。",
        "matches": [
            {
                "content1_para": "物资投放与交付确认\n\n执行时间\n：2023年11月15日 11:00 – 11:15\n执行地点\n：朝阳公园快递分拣中心\n执行者\n：\nUAV-2\n：执行包裹投放与交付确认\nUAV-1\n：监控投放过程，记录数据并实时上传\n任务优先级\n：高（确保包裹安全无误投放并获得接收反馈）\n\n操作步骤\n：\nUAV-2\n于11:00抵达目的地，进行精准投放，完成以下操作：\n采集目标环境数据（风速、障碍物位置）\n确认包裹投放完成，获取快递接收确认码并实时上传。\nUAV-1\n于11:05通过实时监控系统，确认UAV-2的投放精度和过程，记录数据并实时上传至指挥中心。\n\n————————————————————————————————————————————————————————————————————————————————-",
                "content1_msg": "无人机名字或代号：UAV-2、UAV-1  \n时间：2023年11月15日 11:00 – 11:15、2023年11月15日 11:00、2023年11月15日 11:05  \n地点：朝阳公园快递分拣中心  \n任务优先级重要性：高  \n任务描述信息：UAV-2执行包裹投放与交付确认；UAV-1监控投放过程，记录数据并实时上传；UAV-2于11:00抵达目的地进行精准投放，采集目标环境数据（风速、障碍物位置），确认包裹投放完成，获取快递接收确认码并实时上传；UAV-1于11:05通过实时监控系统确认UAV-2的投放精度和过程，记录数据并实时上传至指挥中心。",
                "similarity": 0.8130504742830905
            },
            {
                "content1_para": "数据回传与应急响应\n\n执行时间\n：2023年11月15日 11:15 – 11:30\n执行地点\n：全程数据监测与反馈系统\n执行者\n：\nUAV-1\n：实时回传任务执行数据\nUAV-3\n：备用无人机，执行故障接替任务\n任务优先级\n：高（确保全程监控与数据安全回传）\n\n操作步骤\n：\nUAV-1\n于11:15进行数据汇总，实时传输以下信息至指挥中心：\n物资投放精度（误差≤2米）\n投放完成时间与接收确认码\nUAV-3\n实时监控UAV-1的数据回传，确保数据传输稳定。若UAV-1出现故障，UAV-3立即执行替代任务，按照UAV-1的既定航线导航至朝阳公园快递分拣中心，确保包裹在10分钟内完成补投。\n\n————————————————————————————————————————————————————————————————————————————————-",
                "content1_msg": "无人机名字或代号：UAV-1、UAV-3  \n时间：2023年11月15日 11:15 – 11:30  \n地点：全程数据监测与反馈系统、朝阳公园快递分拣中心  \n任务优先级重要性：高  \n任务描述信息：实时回传任务执行数据、物资投放精度（误差≤2米）、投放完成时间与接收确认码、实时监控UAV-1的数据回传、确保数据传输稳定、若UAV-1出现故障，UAV-3立即执行替代任务，按照UAV-1的既定航线导航至朝阳公园快递分拣中心，确保包裹在10分钟内完成补投。",
                "similarity": 0.7150744199928053
            }
        ]
    },
    {
        "content2_para": "UAV-1:\n实体关系：物资投放监控\n时间：2023年11月15日 11:05 – 11:15\n地点：朝阳公园快递分拣中心\n任务优先级重要性：高\n具体任务：11:05监控UAV-2投放，记录数据，实时上传。",
        "matches": [
            {
                "content1_para": "物资投放与交付确认\n\n执行时间\n：2023年11月15日 11:00 – 11:15\n执行地点\n：朝阳公园快递分拣中心\n执行者\n：\nUAV-2\n：执行包裹投放与交付确认\nUAV-1\n：监控投放过程，记录数据并实时上传\n任务优先级\n：高（确保包裹安全无误投放并获得接收反馈）\n\n操作步骤\n：\nUAV-2\n于11:00抵达目的地，进行精准投放，完成以下操作：\n采集目标环境数据（风速、障碍物位置）\n确认包裹投放完成，获取快递接收确认码并实时上传。\nUAV-1\n于11:05通过实时监控系统，确认UAV-2的投放精度和过程，记录数据并实时上传至指挥中心。\n\n————————————————————————————————————————————————————————————————————————————————-",
                "content1_msg": "无人机名字或代号：UAV-2、UAV-1  \n时间：2023年11月15日 11:00 – 11:15、2023年11月15日 11:00、2023年11月15日 11:05  \n地点：朝阳公园快递分拣中心  \n任务优先级重要性：高  \n任务描述信息：UAV-2执行包裹投放与交付确认；UAV-1监控投放过程，记录数据并实时上传；UAV-2于11:00抵达目的地进行精准投放，采集目标环境数据（风速、障碍物位置），确认包裹投放完成，获取快递接收确认码并实时上传；UAV-1于11:05通过实时监控系统确认UAV-2的投放精度和过程，记录数据并实时上传至指挥中心。",
                "similarity": 0.7688924025482085
            },
            {
                "content1_para": "数据回传与应急响应\n\n执行时间\n：2023年11月15日 11:15 – 11:30\n执行地点\n：全程数据监测与反馈系统\n执行者\n：\nUAV-1\n：实时回传任务执行数据\nUAV-3\n：备用无人机，执行故障接替任务\n任务优先级\n：高（确保全程监控与数据安全回传）\n\n操作步骤\n：\nUAV-1\n于11:15进行数据汇总，实时传输以下信息至指挥中心：\n物资投放精度（误差≤2米）\n投放完成时间与接收确认码\nUAV-3\n实时监控UAV-1的数据回传，确保数据传输稳定。若UAV-1出现故障，UAV-3立即执行替代任务，按照UAV-1的既定航线导航至朝阳公园快递分拣中心，确保包裹在10分钟内完成补投。\n\n————————————————————————————————————————————————————————————————————————————————-",
                "content1_msg": "无人机名字或代号：UAV-1、UAV-3  \n时间：2023年11月15日 11:15 – 11:30  \n地点：全程数据监测与反馈系统、朝阳公园快递分拣中心  \n任务优先级重要性：高  \n任务描述信息：实时回传任务执行数据、物资投放精度（误差≤2米）、投放完成时间与接收确认码、实时监控UAV-1的数据回传、确保数据传输稳定、若UAV-1出现故障，UAV-3立即执行替代任务，按照UAV-1的既定航线导航至朝阳公园快递分拣中心，确保包裹在10分钟内完成补投。",
                "similarity": 0.7340881025004895
            }
        ]
    },
    {
        "content2_para": "UAV-1:\n实体关系：数据回传与应急响应\n时间：2023年11月15日 11:15 – 11:30\n地点：全程数据监测与反馈系统\n任务优先级重要性：高\n具体任务：11:15汇总数据，传输物资投放精度、投放时间、确认码至指挥中心。",
        "matches": [
            {
                "content1_para": "数据回传与应急响应\n\n执行时间\n：2023年11月15日 11:15 – 11:30\n执行地点\n：全程数据监测与反馈系统\n执行者\n：\nUAV-1\n：实时回传任务执行数据\nUAV-3\n：备用无人机，执行故障接替任务\n任务优先级\n：高（确保全程监控与数据安全回传）\n\n操作步骤\n：\nUAV-1\n于11:15进行数据汇总，实时传输以下信息至指挥中心：\n物资投放精度（误差≤2米）\n投放完成时间与接收确认码\nUAV-3\n实时监控UAV-1的数据回传，确保数据传输稳定。若UAV-1出现故障，UAV-3立即执行替代任务，按照UAV-1的既定航线导航至朝阳公园快递分拣中心，确保包裹在10分钟内完成补投。\n\n————————————————————————————————————————————————————————————————————————————————-",
                "content1_msg": "无人机名字或代号：UAV-1、UAV-3  \n时间：2023年11月15日 11:15 – 11:30  \n地点：全程数据监测与反馈系统、朝阳公园快递分拣中心  \n任务优先级重要性：高  \n任务描述信息：实时回传任务执行数据、物资投放精度（误差≤2米）、投放完成时间与接收确认码、实时监控UAV-1的数据回传、确保数据传输稳定、若UAV-1出现故障，UAV-3立即执行替代任务，按照UAV-1的既定航线导航至朝阳公园快递分拣中心，确保包裹在10分钟内完成补投。",
                "similarity": 0.7976876928004485
            },
            {
                "content1_para": "物资投放与交付确认\n\n执行时间\n：2023年11月15日 11:00 – 11:15\n执行地点\n：朝阳公园快递分拣中心\n执行者\n：\nUAV-2\n：执行包裹投放与交付确认\nUAV-1\n：监控投放过程，记录数据并实时上传\n任务优先级\n：高（确保包裹安全无误投放并获得接收反馈）\n\n操作步骤\n：\nUAV-2\n于11:00抵达目的地，进行精准投放，完成以下操作：\n采集目标环境数据（风速、障碍物位置）\n确认包裹投放完成，获取快递接收确认码并实时上传。\nUAV-1\n于11:05通过实时监控系统，确认UAV-2的投放精度和过程，记录数据并实时上传至指挥中心。\n\n————————————————————————————————————————————————————————————————————————————————-",
                "content1_msg": "无人机名字或代号：UAV-2、UAV-1  \n时间：2023年11月15日 11:00 – 11:15、2023年11月15日 11:00、2023年11月15日 11:05  \n地点：朝阳公园快递分拣中心  \n任务优先级重要性：高  \n任务描述信息：UAV-2执行包裹投放与交付确认；UAV-1监控投放过程，记录数据并实时上传；UAV-2于11:00抵达目的地进行精准投放，采集目标环境数据（风速、障碍物位置），确认包裹投放完成，获取快递接收确认码并实时上传；UAV-1于11:05通过实时监控系统确认UAV-2的投放精度和过程，记录数据并实时上传至指挥中心。",
                "similarity": 0.7316339394774023
            }
        ]
    },
    {
        "content2_para": "UAV-3:\n实体关系：备用任务\n时间：2023年11月15日 11:15 – 12:00\n地点：朝阳公园快递分拣中心\n任务优先级重要性：高\n具体任务：11:15监控UAV-1数据，故障时立即替代任务。",
        "matches": [
            {
                "content1_para": "物资投放与交付确认\n\n执行时间\n：2023年11月15日 11:00 – 11:15\n执行地点\n：朝阳公园快递分拣中心\n执行者\n：\nUAV-2\n：执行包裹投放与交付确认\nUAV-1\n：监控投放过程，记录数据并实时上传\n任务优先级\n：高（确保包裹安全无误投放并获得接收反馈）\n\n操作步骤\n：\nUAV-2\n于11:00抵达目的地，进行精准投放，完成以下操作：\n采集目标环境数据（风速、障碍物位置）\n确认包裹投放完成，获取快递接收确认码并实时上传。\nUAV-1\n于11:05通过实时监控系统，确认UAV-2的投放精度和过程，记录数据并实时上传至指挥中心。\n\n————————————————————————————————————————————————————————————————————————————————-",
                "content1_msg": "无人机名字或代号：UAV-2、UAV-1  \n时间：2023年11月15日 11:00 – 11:15、2023年11月15日 11:00、2023年11月15日 11:05  \n地点：朝阳公园快递分拣中心  \n任务优先级重要性：高  \n任务描述信息：UAV-2执行包裹投放与交付确认；UAV-1监控投放过程，记录数据并实时上传；UAV-2于11:00抵达目的地进行精准投放，采集目标环境数据（风速、障碍物位置），确认包裹投放完成，获取快递接收确认码并实时上传；UAV-1于11:05通过实时监控系统确认UAV-2的投放精度和过程，记录数据并实时上传至指挥中心。",
                "similarity": 0.746511093757107
            },
            {
                "content1_para": "数据回传与应急响应\n\n执行时间\n：2023年11月15日 11:15 – 11:30\n执行地点\n：全程数据监测与反馈系统\n执行者\n：\nUAV-1\n：实时回传任务执行数据\nUAV-3\n：备用无人机，执行故障接替任务\n任务优先级\n：高（确保全程监控与数据安全回传）\n\n操作步骤\n：\nUAV-1\n于11:15进行数据汇总，实时传输以下信息至指挥中心：\n物资投放精度（误差≤2米）\n投放完成时间与接收确认码\nUAV-3\n实时监控UAV-1的数据回传，确保数据传输稳定。若UAV-1出现故障，UAV-3立即执行替代任务，按照UAV-1的既定航线导航至朝阳公园快递分拣中心，确保包裹在10分钟内完成补投。\n\n————————————————————————————————————————————————————————————————————————————————-",
                "content1_msg": "无人机名字或代号：UAV-1、UAV-3  \n时间：2023年11月15日 11:15 – 11:30  \n地点：全程数据监测与反馈系统、朝阳公园快递分拣中心  \n任务优先级重要性：高  \n任务描述信息：实时回传任务执行数据、物资投放精度（误差≤2米）、投放完成时间与接收确认码、实时监控UAV-1的数据回传、确保数据传输稳定、若UAV-1出现故障，UAV-3立即执行替代任务，按照UAV-1的既定航线导航至朝阳公园快递分拣中心，确保包裹在10分钟内完成补投。",
                "similarity": 0.7154277870026513
            }
        ]
    },
    {
        "content2_para": "UAV-1、UAV-2:\n实体关系：返航与任务总结\n时间：2023年11月15日 11:30 – 12:00\n地点：中关村科技园区快递中心\n任务优先级重要性：高\n具体任务：11:30返航，预计12:00抵达，UAV-3整理数据，生成任务总结。",
        "matches": [
            {
                "content1_para": "返航与任务总结\n\n执行时间\n：2023年11月15日 11:30 – 12:00\n执行地点\n：北京中关村科技园区快递中心\n执行者\n：\nUAV-1、UAV-2\n：执行返航\nUAV-3\n：整理数据并生成任务总结\n任务优先级\n：高（确保数据完整性并安全返航）\n\n操作步骤\n：\nUAV-1、UAV-2\n于11:30按原航线返航，预计12:00抵达中关村科技园区快递中心。\nUAV-3\n于12:00完成以下任务总结：\n运输时间、投放精度、信号稳定性统计\n异常情况分析及改进建议，提交至指挥中心。",
                "content1_msg": "无人机名字或代号：UAV-1、UAV-2、UAV-3  \n时间：2023年11月15日 11:30 – 12:00  \n地点：北京中关村科技园区快递中心  \n任务优先级重要性：高  \n任务描述信息：UAV-1、UAV-2按原航线返航；UAV-3整理数据并生成任务总结（包括运输时间、投放精度、信号稳定性统计，异常情况分析及改进建议）。",
                "similarity": 0.8365555167365922
            },
            {
                "content1_para": "数据回传与应急响应\n\n执行时间\n：2023年11月15日 11:15 – 11:30\n执行地点\n：全程数据监测与反馈系统\n执行者\n：\nUAV-1\n：实时回传任务执行数据\nUAV-3\n：备用无人机，执行故障接替任务\n任务优先级\n：高（确保全程监控与数据安全回传）\n\n操作步骤\n：\nUAV-1\n于11:15进行数据汇总，实时传输以下信息至指挥中心：\n物资投放精度（误差≤2米）\n投放完成时间与接收确认码\nUAV-3\n实时监控UAV-1的数据回传，确保数据传输稳定。若UAV-1出现故障，UAV-3立即执行替代任务，按照UAV-1的既定航线导航至朝阳公园快递分拣中心，确保包裹在10分钟内完成补投。\n\n————————————————————————————————————————————————————————————————————————————————-",
                "content1_msg": "无人机名字或代号：UAV-1、UAV-3  \n时间：2023年11月15日 11:15 – 11:30  \n地点：全程数据监测与反馈系统、朝阳公园快递分拣中心  \n任务优先级重要性：高  \n任务描述信息：实时回传任务执行数据、物资投放精度（误差≤2米）、投放完成时间与接收确认码、实时监控UAV-1的数据回传、确保数据传输稳定、若UAV-1出现故障，UAV-3立即执行替代任务，按照UAV-1的既定航线导航至朝阳公园快递分拣中心，确保包裹在10分钟内完成补投。",
                "similarity": 0.7406871091532591
            }
        ]
    }
]