[
    {
        "content2_para": "UAV-01:\n时间：12:00\n地点：灾区附近临时无人机基地\n任务：起飞前设备检查，确保系统正常运作。",
        "matches": [
            {
                "content1_para": "灾难救援无人机集群部署\n执行时间：2023年10月5日 12:00 – 15:00\n执行地点：四川省成都市都江堰市某次地震灾区\n执行者：\nUAV-01：负责灾区上空高空侦察与实时影像回传\nUAV-02：负责灾区交通要道与生命线的监测与实时回传\nUAV-03：负责灾区受困人员定位与信号发射设备投放\nUAV-04：负责灾区通信中断区域的数据收集与信息传输\n任务优先级：最高（确保救援工作顺利进行）\n重要性：紧急救援，时间至关重要\n\n操作步骤：\n1.1 无人机起飞准备（12:00）\nUAV-01、UAV-02、UAV-03、UAV-04于12:00在灾区附近临时无人机基地完成起飞前的设备检查，确保所有系统正常运作。\n\n1.2 高空侦察任务（12:00 – 12:15）\nUAV-01起飞，上升至300米高空，进行灾区全面侦察，并使用高清摄像头实时回传影像至救援指挥中心。\n\n1.3 交通与生命线监测任务（12:00 – 12:15）\nUAV-02起飞，沿着灾区主要交通线路和生命线区域进行巡逻，确保道路畅通无阻，并将监测结果实时传输给指挥中心。\n\n1.4 受困人员定位与信号发射设备投放任务（12:15）\nUAV-03起飞，",
                "content1_msg": "无人机名字或代号：UAV-01、UAV-02、UAV-03、UAV-04  \n时间：2023年10月5日 12:00 – 15:00、2023年10月5日 12:00、2023年10月5日 12:00 – 12:15、2023年10月5日 12:15  \n地点：四川省成都市都江堰市某次地震灾区、灾区附近临时无人机基地  \n任务优先级重要性：最高（确保救援工作顺利进行）、紧急救援，时间至关重要  \n任务描述信息：  \n- 起飞前的设备检查，确保所有系统正常运作。  \n- UAV-01起飞，上升至300米高空，进行灾区全面侦察，并使用高清摄像头实时回传影像至救援指挥中心。  \n- UAV-02起飞，沿着灾区主要交通线路和生命线区域进行巡逻，确保道路畅通无阻，并将监测结果实时传输给指挥中心。  \n- UAV-03起飞，执行受困人员定位与信号发射设备投放任务。",
                "similarity": 0.8500086130065752
            },
            {
                "content1_para": "受困人员搜索与救援投送\n执行时间：2023年10月5日 15:15 – 16:00\n执行地点：四川省成都市都江堰市灾区特定区域\n执行者：\nUAV-01：协助地面救援人员确定受困者位置\nUAV-02：配合UAV-01进行受困人员定位\nUAV-03：携带救援物资进行空中投放\nUAV-04：地面支援，负责信号接收与救援协调\n任务优先级：最高（确保受困人员尽快获救）\n重要性：救援行动的核心，必须迅速准确\n\n操作步骤：\n2.1 受困人员位置确认（15:15）\nUAV-01与UAV-02利用GPS和高清摄像头确认受困者位置，将数据实时传输给UAV-03和地面救援人员。\n\n2.2 救援物资投放（15:30）\nUAV-03根据UAV-01和UAV-02提供的位置信息，下降至受困者附近，精确投放救援物资。\n\n2.3 地面救援协调（15:30 – 16:00）\nUAV-04在地面上负责接收UAV-01、UAV-02和UAV-03的信息，协调地面救援行动，确保救援物资和人员准确投放到受困者手中。\n\n2.4 救援行动总结（16:00）\nUAV-01、UAV-02、UAV-03、UAV-04返航至临时无人机基地，地面救援人员汇总救援情",
                "content1_msg": "无人机名字或代号：UAV-01、UAV-02、UAV-03、UAV-04  \n时间：2023年10月5日 15:15 – 16:00、2023年10月5日 15:15、2023年10月5日 15:30、2023年10月5日 16:00  \n地点：四川省成都市都江堰市灾区特定区域  \n任务优先级重要性：最高（确保受困人员尽快获救）、救援行动的核心，必须迅速准确  \n任务描述信息：协助地面救援人员确定受困者位置、配合UAV-01进行受困人员定位、携带救援物资进行空中投放、地面支援，负责信号接收与救援协调、利用GPS和高清摄像头确认受困者位置并将数据实时传输、根据提供的位置信息下降至受困者附近精确投放救援物资、在地面上负责接收信息并协调地面救援行动、返航至临时无人机基地",
                "similarity": 0.746006631971729
            }
        ]
    },
    {
        "content2_para": "UAV-01:\n时间：12:00 – 12:15\n地点：灾区上空300米\n任务：高空侦察，实时影像回传。",
        "matches": [
            {
                "content1_para": "灾难救援无人机集群部署\n执行时间：2023年10月5日 12:00 – 15:00\n执行地点：四川省成都市都江堰市某次地震灾区\n执行者：\nUAV-01：负责灾区上空高空侦察与实时影像回传\nUAV-02：负责灾区交通要道与生命线的监测与实时回传\nUAV-03：负责灾区受困人员定位与信号发射设备投放\nUAV-04：负责灾区通信中断区域的数据收集与信息传输\n任务优先级：最高（确保救援工作顺利进行）\n重要性：紧急救援，时间至关重要\n\n操作步骤：\n1.1 无人机起飞准备（12:00）\nUAV-01、UAV-02、UAV-03、UAV-04于12:00在灾区附近临时无人机基地完成起飞前的设备检查，确保所有系统正常运作。\n\n1.2 高空侦察任务（12:00 – 12:15）\nUAV-01起飞，上升至300米高空，进行灾区全面侦察，并使用高清摄像头实时回传影像至救援指挥中心。\n\n1.3 交通与生命线监测任务（12:00 – 12:15）\nUAV-02起飞，沿着灾区主要交通线路和生命线区域进行巡逻，确保道路畅通无阻，并将监测结果实时传输给指挥中心。\n\n1.4 受困人员定位与信号发射设备投放任务（12:15）\nUAV-03起飞，",
                "content1_msg": "无人机名字或代号：UAV-01、UAV-02、UAV-03、UAV-04  \n时间：2023年10月5日 12:00 – 15:00、2023年10月5日 12:00、2023年10月5日 12:00 – 12:15、2023年10月5日 12:15  \n地点：四川省成都市都江堰市某次地震灾区、灾区附近临时无人机基地  \n任务优先级重要性：最高（确保救援工作顺利进行）、紧急救援，时间至关重要  \n任务描述信息：  \n- 起飞前的设备检查，确保所有系统正常运作。  \n- UAV-01起飞，上升至300米高空，进行灾区全面侦察，并使用高清摄像头实时回传影像至救援指挥中心。  \n- UAV-02起飞，沿着灾区主要交通线路和生命线区域进行巡逻，确保道路畅通无阻，并将监测结果实时传输给指挥中心。  \n- UAV-03起飞，执行受困人员定位与信号发射设备投放任务。",
                "similarity": 0.8512518118630247
            },
            {
                "content1_para": "人员定位与信号发射设备投放任务（12:15）\nUAV-03起飞，飞至已知受困人员的位置上方，使用GPS定位系统精确确定受困者位置，然后投放信号发射设备至地面。\n\n1.5 通信中断区域数据收集与信息传输任务（12:15 – 12:30）\nUAV-04起飞，进入灾区通信中断区域，利用自带的数据收集模块收集信息，并通过携带的应急通信设备将数据传输回指挥中心。\n\n————————————————————————————————————————————————————————————————————————————————-",
                "content1_msg": "无人机名字或代号：UAV-03、UAV-04  \n时间：12:15、12:15 – 12:30  \n地点：已知受困人员的位置上方、灾区通信中断区域  \n任务优先级重要性：未提及  \n任务描述信息：UAV-03起飞，飞至已知受困人员的位置上方，使用GPS定位系统精确确定受困者位置，然后投放信号发射设备至地面。UAV-04起飞，进入灾区通信中断区域，利用自带的数据收集模块收集信息，并通过携带的应急通信设备将数据传输回指挥中心。",
                "similarity": 0.7535560487019314
            }
        ]
    },
    {
        "content2_para": "UAV-02:\n时间：12:00 – 12:15\n地点：灾区主要交通线路和生命线区域\n任务：交通与生命线监测，实时回传结果。",
        "matches": [
            {
                "content1_para": "灾难救援无人机集群部署\n执行时间：2023年10月5日 12:00 – 15:00\n执行地点：四川省成都市都江堰市某次地震灾区\n执行者：\nUAV-01：负责灾区上空高空侦察与实时影像回传\nUAV-02：负责灾区交通要道与生命线的监测与实时回传\nUAV-03：负责灾区受困人员定位与信号发射设备投放\nUAV-04：负责灾区通信中断区域的数据收集与信息传输\n任务优先级：最高（确保救援工作顺利进行）\n重要性：紧急救援，时间至关重要\n\n操作步骤：\n1.1 无人机起飞准备（12:00）\nUAV-01、UAV-02、UAV-03、UAV-04于12:00在灾区附近临时无人机基地完成起飞前的设备检查，确保所有系统正常运作。\n\n1.2 高空侦察任务（12:00 – 12:15）\nUAV-01起飞，上升至300米高空，进行灾区全面侦察，并使用高清摄像头实时回传影像至救援指挥中心。\n\n1.3 交通与生命线监测任务（12:00 – 12:15）\nUAV-02起飞，沿着灾区主要交通线路和生命线区域进行巡逻，确保道路畅通无阻，并将监测结果实时传输给指挥中心。\n\n1.4 受困人员定位与信号发射设备投放任务（12:15）\nUAV-03起飞，",
                "content1_msg": "无人机名字或代号：UAV-01、UAV-02、UAV-03、UAV-04  \n时间：2023年10月5日 12:00 – 15:00、2023年10月5日 12:00、2023年10月5日 12:00 – 12:15、2023年10月5日 12:15  \n地点：四川省成都市都江堰市某次地震灾区、灾区附近临时无人机基地  \n任务优先级重要性：最高（确保救援工作顺利进行）、紧急救援，时间至关重要  \n任务描述信息：  \n- 起飞前的设备检查，确保所有系统正常运作。  \n- UAV-01起飞，上升至300米高空，进行灾区全面侦察，并使用高清摄像头实时回传影像至救援指挥中心。  \n- UAV-02起飞，沿着灾区主要交通线路和生命线区域进行巡逻，确保道路畅通无阻，并将监测结果实时传输给指挥中心。  \n- UAV-03起飞，执行受困人员定位与信号发射设备投放任务。",
                "similarity": 0.8608619283448057
            },
            {
                "content1_para": "人员定位与信号发射设备投放任务（12:15）\nUAV-03起飞，飞至已知受困人员的位置上方，使用GPS定位系统精确确定受困者位置，然后投放信号发射设备至地面。\n\n1.5 通信中断区域数据收集与信息传输任务（12:15 – 12:30）\nUAV-04起飞，进入灾区通信中断区域，利用自带的数据收集模块收集信息，并通过携带的应急通信设备将数据传输回指挥中心。\n\n————————————————————————————————————————————————————————————————————————————————-",
                "content1_msg": "无人机名字或代号：UAV-03、UAV-04  \n时间：12:15、12:15 – 12:30  \n地点：已知受困人员的位置上方、灾区通信中断区域  \n任务优先级重要性：未提及  \n任务描述信息：UAV-03起飞，飞至已知受困人员的位置上方，使用GPS定位系统精确确定受困者位置，然后投放信号发射设备至地面。UAV-04起飞，进入灾区通信中断区域，利用自带的数据收集模块收集信息，并通过携带的应急通信设备将数据传输回指挥中心。",
                "similarity": 0.7749006508099331
            }
        ]
    },
    {
        "content2_para": "UAV-03:\n时间：12:15\n地点：已知受困人员位置上方\n任务：GPS定位受困者，投放信号发射设备。",
        "matches": [
            {
                "content1_para": "灾难救援无人机集群部署\n执行时间：2023年10月5日 12:00 – 15:00\n执行地点：四川省成都市都江堰市某次地震灾区\n执行者：\nUAV-01：负责灾区上空高空侦察与实时影像回传\nUAV-02：负责灾区交通要道与生命线的监测与实时回传\nUAV-03：负责灾区受困人员定位与信号发射设备投放\nUAV-04：负责灾区通信中断区域的数据收集与信息传输\n任务优先级：最高（确保救援工作顺利进行）\n重要性：紧急救援，时间至关重要\n\n操作步骤：\n1.1 无人机起飞准备（12:00）\nUAV-01、UAV-02、UAV-03、UAV-04于12:00在灾区附近临时无人机基地完成起飞前的设备检查，确保所有系统正常运作。\n\n1.2 高空侦察任务（12:00 – 12:15）\nUAV-01起飞，上升至300米高空，进行灾区全面侦察，并使用高清摄像头实时回传影像至救援指挥中心。\n\n1.3 交通与生命线监测任务（12:00 – 12:15）\nUAV-02起飞，沿着灾区主要交通线路和生命线区域进行巡逻，确保道路畅通无阻，并将监测结果实时传输给指挥中心。\n\n1.4 受困人员定位与信号发射设备投放任务（12:15）\nUAV-03起飞，",
                "content1_msg": "无人机名字或代号：UAV-01、UAV-02、UAV-03、UAV-04  \n时间：2023年10月5日 12:00 – 15:00、2023年10月5日 12:00、2023年10月5日 12:00 – 12:15、2023年10月5日 12:15  \n地点：四川省成都市都江堰市某次地震灾区、灾区附近临时无人机基地  \n任务优先级重要性：最高（确保救援工作顺利进行）、紧急救援，时间至关重要  \n任务描述信息：  \n- 起飞前的设备检查，确保所有系统正常运作。  \n- UAV-01起飞，上升至300米高空，进行灾区全面侦察，并使用高清摄像头实时回传影像至救援指挥中心。  \n- UAV-02起飞，沿着灾区主要交通线路和生命线区域进行巡逻，确保道路畅通无阻，并将监测结果实时传输给指挥中心。  \n- UAV-03起飞，执行受困人员定位与信号发射设备投放任务。",
                "similarity": 0.8214826278026972
            },
            {
                "content1_para": "人员定位与信号发射设备投放任务（12:15）\nUAV-03起飞，飞至已知受困人员的位置上方，使用GPS定位系统精确确定受困者位置，然后投放信号发射设备至地面。\n\n1.5 通信中断区域数据收集与信息传输任务（12:15 – 12:30）\nUAV-04起飞，进入灾区通信中断区域，利用自带的数据收集模块收集信息，并通过携带的应急通信设备将数据传输回指挥中心。\n\n————————————————————————————————————————————————————————————————————————————————-",
                "content1_msg": "无人机名字或代号：UAV-03、UAV-04  \n时间：12:15、12:15 – 12:30  \n地点：已知受困人员的位置上方、灾区通信中断区域  \n任务优先级重要性：未提及  \n任务描述信息：UAV-03起飞，飞至已知受困人员的位置上方，使用GPS定位系统精确确定受困者位置，然后投放信号发射设备至地面。UAV-04起飞，进入灾区通信中断区域，利用自带的数据收集模块收集信息，并通过携带的应急通信设备将数据传输回指挥中心。",
                "similarity": 0.7926581101248047
            }
        ]
    },
    {
        "content2_para": "UAV-04:\n时间：12:15 – 12:30\n地点：灾区通信中断区域\n任务：数据收集，信息传输至指挥中心。",
        "matches": [
            {
                "content1_para": "灾难救援无人机集群部署\n执行时间：2023年10月5日 12:00 – 15:00\n执行地点：四川省成都市都江堰市某次地震灾区\n执行者：\nUAV-01：负责灾区上空高空侦察与实时影像回传\nUAV-02：负责灾区交通要道与生命线的监测与实时回传\nUAV-03：负责灾区受困人员定位与信号发射设备投放\nUAV-04：负责灾区通信中断区域的数据收集与信息传输\n任务优先级：最高（确保救援工作顺利进行）\n重要性：紧急救援，时间至关重要\n\n操作步骤：\n1.1 无人机起飞准备（12:00）\nUAV-01、UAV-02、UAV-03、UAV-04于12:00在灾区附近临时无人机基地完成起飞前的设备检查，确保所有系统正常运作。\n\n1.2 高空侦察任务（12:00 – 12:15）\nUAV-01起飞，上升至300米高空，进行灾区全面侦察，并使用高清摄像头实时回传影像至救援指挥中心。\n\n1.3 交通与生命线监测任务（12:00 – 12:15）\nUAV-02起飞，沿着灾区主要交通线路和生命线区域进行巡逻，确保道路畅通无阻，并将监测结果实时传输给指挥中心。\n\n1.4 受困人员定位与信号发射设备投放任务（12:15）\nUAV-03起飞，",
                "content1_msg": "无人机名字或代号：UAV-01、UAV-02、UAV-03、UAV-04  \n时间：2023年10月5日 12:00 – 15:00、2023年10月5日 12:00、2023年10月5日 12:00 – 12:15、2023年10月5日 12:15  \n地点：四川省成都市都江堰市某次地震灾区、灾区附近临时无人机基地  \n任务优先级重要性：最高（确保救援工作顺利进行）、紧急救援，时间至关重要  \n任务描述信息：  \n- 起飞前的设备检查，确保所有系统正常运作。  \n- UAV-01起飞，上升至300米高空，进行灾区全面侦察，并使用高清摄像头实时回传影像至救援指挥中心。  \n- UAV-02起飞，沿着灾区主要交通线路和生命线区域进行巡逻，确保道路畅通无阻，并将监测结果实时传输给指挥中心。  \n- UAV-03起飞，执行受困人员定位与信号发射设备投放任务。",
                "similarity": 0.8251839052579489
            },
            {
                "content1_para": "人员定位与信号发射设备投放任务（12:15）\nUAV-03起飞，飞至已知受困人员的位置上方，使用GPS定位系统精确确定受困者位置，然后投放信号发射设备至地面。\n\n1.5 通信中断区域数据收集与信息传输任务（12:15 – 12:30）\nUAV-04起飞，进入灾区通信中断区域，利用自带的数据收集模块收集信息，并通过携带的应急通信设备将数据传输回指挥中心。\n\n————————————————————————————————————————————————————————————————————————————————-",
                "content1_msg": "无人机名字或代号：UAV-03、UAV-04  \n时间：12:15、12:15 – 12:30  \n地点：已知受困人员的位置上方、灾区通信中断区域  \n任务优先级重要性：未提及  \n任务描述信息：UAV-03起飞，飞至已知受困人员的位置上方，使用GPS定位系统精确确定受困者位置，然后投放信号发射设备至地面。UAV-04起飞，进入灾区通信中断区域，利用自带的数据收集模块收集信息，并通过携带的应急通信设备将数据传输回指挥中心。",
                "similarity": 0.8153465127703845
            }
        ]
    },
    {
        "content2_para": "UAV-01:\n时间：15:15\n地点：灾区特定区域\n任务：协助地面救援人员确定受困者位置。",
        "matches": [
            {
                "content1_para": "受困人员搜索与救援投送\n执行时间：2023年10月5日 15:15 – 16:00\n执行地点：四川省成都市都江堰市灾区特定区域\n执行者：\nUAV-01：协助地面救援人员确定受困者位置\nUAV-02：配合UAV-01进行受困人员定位\nUAV-03：携带救援物资进行空中投放\nUAV-04：地面支援，负责信号接收与救援协调\n任务优先级：最高（确保受困人员尽快获救）\n重要性：救援行动的核心，必须迅速准确\n\n操作步骤：\n2.1 受困人员位置确认（15:15）\nUAV-01与UAV-02利用GPS和高清摄像头确认受困者位置，将数据实时传输给UAV-03和地面救援人员。\n\n2.2 救援物资投放（15:30）\nUAV-03根据UAV-01和UAV-02提供的位置信息，下降至受困者附近，精确投放救援物资。\n\n2.3 地面救援协调（15:30 – 16:00）\nUAV-04在地面上负责接收UAV-01、UAV-02和UAV-03的信息，协调地面救援行动，确保救援物资和人员准确投放到受困者手中。\n\n2.4 救援行动总结（16:00）\nUAV-01、UAV-02、UAV-03、UAV-04返航至临时无人机基地，地面救援人员汇总救援情",
                "content1_msg": "无人机名字或代号：UAV-01、UAV-02、UAV-03、UAV-04  \n时间：2023年10月5日 15:15 – 16:00、2023年10月5日 15:15、2023年10月5日 15:30、2023年10月5日 16:00  \n地点：四川省成都市都江堰市灾区特定区域  \n任务优先级重要性：最高（确保受困人员尽快获救）、救援行动的核心，必须迅速准确  \n任务描述信息：协助地面救援人员确定受困者位置、配合UAV-01进行受困人员定位、携带救援物资进行空中投放、地面支援，负责信号接收与救援协调、利用GPS和高清摄像头确认受困者位置并将数据实时传输、根据提供的位置信息下降至受困者附近精确投放救援物资、在地面上负责接收信息并协调地面救援行动、返航至临时无人机基地",
                "similarity": 0.796568948808151
            },
            {
                "content1_para": "灾区后续监控与数据汇总\n执行时间：2023年10月5日 16:15 – 17:30\n执行地点：四川省成都市都江堰市灾区各救援点\n执行者：\nUAV-01、UAV-02：负责灾区全面监控\nUAV-03：负责救援物资投放后的情况监控\nUAV-04：负责数据汇总与分析\n任务优先级：高（确保救援后续工作顺利进行）\n重要性：保障救援后续工作的顺利进行，为灾区重建提供数据支持\n\n操作步骤：\n3.1 灾区全面监控（16:15）\nUAV-01和UAV-02起飞，对灾区进行第二轮全面监控，确保救援行动无遗漏。\n\n3.2 救援物资投放后情况监控（16:15）\nUAV-03对已经投放救援物资的区域进行监控，确保物资被有效利用。\n\n3.3 数据汇总与分析（16:30 – 17:30）\nUAV-04收集UAV-01、UAV-02、UAV-03传回的数据，进行汇总和分析，为救援指挥中心提供决策依据。\n\n3.4 监控与数据汇总总结（17:30）\nUAV-01、UAV-02、UAV-03、UAV-04完成任务返航，地面救援人员汇总全天救援情况，向救援指挥中心报告。",
                "content1_msg": "无人机名字或代号：UAV-01、UAV-02、UAV-03、UAV-04  \n时间：2023年10月5日 16:15 – 17:30、2023年10月5日 16:15、2023年10月5日 16:30 – 17:30、2023年10月5日 17:30  \n地点：四川省成都市都江堰市灾区各救援点  \n任务优先级重要性：高（确保救援后续工作顺利进行）、保障救援后续工作的顺利进行，为灾区重建提供数据支持  \n任务描述信息：  \n- UAV-01和UAV-02起飞，对灾区进行第二轮全面监控，确保救援行动无遗漏。  \n- UAV-03对已经投放救援物资的区域进行监控，确保物资被有效利用。  \n- UAV-04收集UAV-01、UAV-02、UAV-03传回的数据，进行汇总和分析，为救援指挥中心提供决策依据。  \n- UAV-01、UAV-02、UAV-03、UAV-04完成任务返航，地面救援人员汇总全天救援情况，向救援指挥中心报告。",
                "similarity": 0.7215764114244649
            }
        ]
    },
    {
        "content2_para": "UAV-02:\n时间：15:15\n地点：灾区特定区域\n任务：配合UAV-01进行受困人员定位。",
        "matches": [
            {
                "content1_para": "受困人员搜索与救援投送\n执行时间：2023年10月5日 15:15 – 16:00\n执行地点：四川省成都市都江堰市灾区特定区域\n执行者：\nUAV-01：协助地面救援人员确定受困者位置\nUAV-02：配合UAV-01进行受困人员定位\nUAV-03：携带救援物资进行空中投放\nUAV-04：地面支援，负责信号接收与救援协调\n任务优先级：最高（确保受困人员尽快获救）\n重要性：救援行动的核心，必须迅速准确\n\n操作步骤：\n2.1 受困人员位置确认（15:15）\nUAV-01与UAV-02利用GPS和高清摄像头确认受困者位置，将数据实时传输给UAV-03和地面救援人员。\n\n2.2 救援物资投放（15:30）\nUAV-03根据UAV-01和UAV-02提供的位置信息，下降至受困者附近，精确投放救援物资。\n\n2.3 地面救援协调（15:30 – 16:00）\nUAV-04在地面上负责接收UAV-01、UAV-02和UAV-03的信息，协调地面救援行动，确保救援物资和人员准确投放到受困者手中。\n\n2.4 救援行动总结（16:00）\nUAV-01、UAV-02、UAV-03、UAV-04返航至临时无人机基地，地面救援人员汇总救援情",
                "content1_msg": "无人机名字或代号：UAV-01、UAV-02、UAV-03、UAV-04  \n时间：2023年10月5日 15:15 – 16:00、2023年10月5日 15:15、2023年10月5日 15:30、2023年10月5日 16:00  \n地点：四川省成都市都江堰市灾区特定区域  \n任务优先级重要性：最高（确保受困人员尽快获救）、救援行动的核心，必须迅速准确  \n任务描述信息：协助地面救援人员确定受困者位置、配合UAV-01进行受困人员定位、携带救援物资进行空中投放、地面支援，负责信号接收与救援协调、利用GPS和高清摄像头确认受困者位置并将数据实时传输、根据提供的位置信息下降至受困者附近精确投放救援物资、在地面上负责接收信息并协调地面救援行动、返航至临时无人机基地",
                "similarity": 0.7859552800667808
            },
            {
                "content1_para": "灾难救援无人机集群部署\n执行时间：2023年10月5日 12:00 – 15:00\n执行地点：四川省成都市都江堰市某次地震灾区\n执行者：\nUAV-01：负责灾区上空高空侦察与实时影像回传\nUAV-02：负责灾区交通要道与生命线的监测与实时回传\nUAV-03：负责灾区受困人员定位与信号发射设备投放\nUAV-04：负责灾区通信中断区域的数据收集与信息传输\n任务优先级：最高（确保救援工作顺利进行）\n重要性：紧急救援，时间至关重要\n\n操作步骤：\n1.1 无人机起飞准备（12:00）\nUAV-01、UAV-02、UAV-03、UAV-04于12:00在灾区附近临时无人机基地完成起飞前的设备检查，确保所有系统正常运作。\n\n1.2 高空侦察任务（12:00 – 12:15）\nUAV-01起飞，上升至300米高空，进行灾区全面侦察，并使用高清摄像头实时回传影像至救援指挥中心。\n\n1.3 交通与生命线监测任务（12:00 – 12:15）\nUAV-02起飞，沿着灾区主要交通线路和生命线区域进行巡逻，确保道路畅通无阻，并将监测结果实时传输给指挥中心。\n\n1.4 受困人员定位与信号发射设备投放任务（12:15）\nUAV-03起飞，",
                "content1_msg": "无人机名字或代号：UAV-01、UAV-02、UAV-03、UAV-04  \n时间：2023年10月5日 12:00 – 15:00、2023年10月5日 12:00、2023年10月5日 12:00 – 12:15、2023年10月5日 12:15  \n地点：四川省成都市都江堰市某次地震灾区、灾区附近临时无人机基地  \n任务优先级重要性：最高（确保救援工作顺利进行）、紧急救援，时间至关重要  \n任务描述信息：  \n- 起飞前的设备检查，确保所有系统正常运作。  \n- UAV-01起飞，上升至300米高空，进行灾区全面侦察，并使用高清摄像头实时回传影像至救援指挥中心。  \n- UAV-02起飞，沿着灾区主要交通线路和生命线区域进行巡逻，确保道路畅通无阻，并将监测结果实时传输给指挥中心。  \n- UAV-03起飞，执行受困人员定位与信号发射设备投放任务。",
                "similarity": 0.7186805113183262
            }
        ]
    },
    {
        "content2_para": "UAV-03:\n时间：15:30\n地点：受困者附近\n任务：根据位置信息，精确投放救援物资。",
        "matches": [
            {
                "content1_para": "受困人员搜索与救援投送\n执行时间：2023年10月5日 15:15 – 16:00\n执行地点：四川省成都市都江堰市灾区特定区域\n执行者：\nUAV-01：协助地面救援人员确定受困者位置\nUAV-02：配合UAV-01进行受困人员定位\nUAV-03：携带救援物资进行空中投放\nUAV-04：地面支援，负责信号接收与救援协调\n任务优先级：最高（确保受困人员尽快获救）\n重要性：救援行动的核心，必须迅速准确\n\n操作步骤：\n2.1 受困人员位置确认（15:15）\nUAV-01与UAV-02利用GPS和高清摄像头确认受困者位置，将数据实时传输给UAV-03和地面救援人员。\n\n2.2 救援物资投放（15:30）\nUAV-03根据UAV-01和UAV-02提供的位置信息，下降至受困者附近，精确投放救援物资。\n\n2.3 地面救援协调（15:30 – 16:00）\nUAV-04在地面上负责接收UAV-01、UAV-02和UAV-03的信息，协调地面救援行动，确保救援物资和人员准确投放到受困者手中。\n\n2.4 救援行动总结（16:00）\nUAV-01、UAV-02、UAV-03、UAV-04返航至临时无人机基地，地面救援人员汇总救援情",
                "content1_msg": "无人机名字或代号：UAV-01、UAV-02、UAV-03、UAV-04  \n时间：2023年10月5日 15:15 – 16:00、2023年10月5日 15:15、2023年10月5日 15:30、2023年10月5日 16:00  \n地点：四川省成都市都江堰市灾区特定区域  \n任务优先级重要性：最高（确保受困人员尽快获救）、救援行动的核心，必须迅速准确  \n任务描述信息：协助地面救援人员确定受困者位置、配合UAV-01进行受困人员定位、携带救援物资进行空中投放、地面支援，负责信号接收与救援协调、利用GPS和高清摄像头确认受困者位置并将数据实时传输、根据提供的位置信息下降至受困者附近精确投放救援物资、在地面上负责接收信息并协调地面救援行动、返航至临时无人机基地",
                "similarity": 0.7728215472561548
            },
            {
                "content1_para": "灾区后续监控与数据汇总\n执行时间：2023年10月5日 16:15 – 17:30\n执行地点：四川省成都市都江堰市灾区各救援点\n执行者：\nUAV-01、UAV-02：负责灾区全面监控\nUAV-03：负责救援物资投放后的情况监控\nUAV-04：负责数据汇总与分析\n任务优先级：高（确保救援后续工作顺利进行）\n重要性：保障救援后续工作的顺利进行，为灾区重建提供数据支持\n\n操作步骤：\n3.1 灾区全面监控（16:15）\nUAV-01和UAV-02起飞，对灾区进行第二轮全面监控，确保救援行动无遗漏。\n\n3.2 救援物资投放后情况监控（16:15）\nUAV-03对已经投放救援物资的区域进行监控，确保物资被有效利用。\n\n3.3 数据汇总与分析（16:30 – 17:30）\nUAV-04收集UAV-01、UAV-02、UAV-03传回的数据，进行汇总和分析，为救援指挥中心提供决策依据。\n\n3.4 监控与数据汇总总结（17:30）\nUAV-01、UAV-02、UAV-03、UAV-04完成任务返航，地面救援人员汇总全天救援情况，向救援指挥中心报告。",
                "content1_msg": "无人机名字或代号：UAV-01、UAV-02、UAV-03、UAV-04  \n时间：2023年10月5日 16:15 – 17:30、2023年10月5日 16:15、2023年10月5日 16:30 – 17:30、2023年10月5日 17:30  \n地点：四川省成都市都江堰市灾区各救援点  \n任务优先级重要性：高（确保救援后续工作顺利进行）、保障救援后续工作的顺利进行，为灾区重建提供数据支持  \n任务描述信息：  \n- UAV-01和UAV-02起飞，对灾区进行第二轮全面监控，确保救援行动无遗漏。  \n- UAV-03对已经投放救援物资的区域进行监控，确保物资被有效利用。  \n- UAV-04收集UAV-01、UAV-02、UAV-03传回的数据，进行汇总和分析，为救援指挥中心提供决策依据。  \n- UAV-01、UAV-02、UAV-03、UAV-04完成任务返航，地面救援人员汇总全天救援情况，向救援指挥中心报告。",
                "similarity": 0.7292931205825748
            }
        ]
    },
    {
        "content2_para": "UAV-04:\n时间：15:30 – 16:00\n地点：地面\n任务：接收信息，协调地面救援行动。",
        "matches": [
            {
                "content1_para": "受困人员搜索与救援投送\n执行时间：2023年10月5日 15:15 – 16:00\n执行地点：四川省成都市都江堰市灾区特定区域\n执行者：\nUAV-01：协助地面救援人员确定受困者位置\nUAV-02：配合UAV-01进行受困人员定位\nUAV-03：携带救援物资进行空中投放\nUAV-04：地面支援，负责信号接收与救援协调\n任务优先级：最高（确保受困人员尽快获救）\n重要性：救援行动的核心，必须迅速准确\n\n操作步骤：\n2.1 受困人员位置确认（15:15）\nUAV-01与UAV-02利用GPS和高清摄像头确认受困者位置，将数据实时传输给UAV-03和地面救援人员。\n\n2.2 救援物资投放（15:30）\nUAV-03根据UAV-01和UAV-02提供的位置信息，下降至受困者附近，精确投放救援物资。\n\n2.3 地面救援协调（15:30 – 16:00）\nUAV-04在地面上负责接收UAV-01、UAV-02和UAV-03的信息，协调地面救援行动，确保救援物资和人员准确投放到受困者手中。\n\n2.4 救援行动总结（16:00）\nUAV-01、UAV-02、UAV-03、UAV-04返航至临时无人机基地，地面救援人员汇总救援情",
                "content1_msg": "无人机名字或代号：UAV-01、UAV-02、UAV-03、UAV-04  \n时间：2023年10月5日 15:15 – 16:00、2023年10月5日 15:15、2023年10月5日 15:30、2023年10月5日 16:00  \n地点：四川省成都市都江堰市灾区特定区域  \n任务优先级重要性：最高（确保受困人员尽快获救）、救援行动的核心，必须迅速准确  \n任务描述信息：协助地面救援人员确定受困者位置、配合UAV-01进行受困人员定位、携带救援物资进行空中投放、地面支援，负责信号接收与救援协调、利用GPS和高清摄像头确认受困者位置并将数据实时传输、根据提供的位置信息下降至受困者附近精确投放救援物资、在地面上负责接收信息并协调地面救援行动、返航至临时无人机基地",
                "similarity": 0.7865052753902135
            },
            {
                "content1_para": "灾区后续监控与数据汇总\n执行时间：2023年10月5日 16:15 – 17:30\n执行地点：四川省成都市都江堰市灾区各救援点\n执行者：\nUAV-01、UAV-02：负责灾区全面监控\nUAV-03：负责救援物资投放后的情况监控\nUAV-04：负责数据汇总与分析\n任务优先级：高（确保救援后续工作顺利进行）\n重要性：保障救援后续工作的顺利进行，为灾区重建提供数据支持\n\n操作步骤：\n3.1 灾区全面监控（16:15）\nUAV-01和UAV-02起飞，对灾区进行第二轮全面监控，确保救援行动无遗漏。\n\n3.2 救援物资投放后情况监控（16:15）\nUAV-03对已经投放救援物资的区域进行监控，确保物资被有效利用。\n\n3.3 数据汇总与分析（16:30 – 17:30）\nUAV-04收集UAV-01、UAV-02、UAV-03传回的数据，进行汇总和分析，为救援指挥中心提供决策依据。\n\n3.4 监控与数据汇总总结（17:30）\nUAV-01、UAV-02、UAV-03、UAV-04完成任务返航，地面救援人员汇总全天救援情况，向救援指挥中心报告。",
                "content1_msg": "无人机名字或代号：UAV-01、UAV-02、UAV-03、UAV-04  \n时间：2023年10月5日 16:15 – 17:30、2023年10月5日 16:15、2023年10月5日 16:30 – 17:30、2023年10月5日 17:30  \n地点：四川省成都市都江堰市灾区各救援点  \n任务优先级重要性：高（确保救援后续工作顺利进行）、保障救援后续工作的顺利进行，为灾区重建提供数据支持  \n任务描述信息：  \n- UAV-01和UAV-02起飞，对灾区进行第二轮全面监控，确保救援行动无遗漏。  \n- UAV-03对已经投放救援物资的区域进行监控，确保物资被有效利用。  \n- UAV-04收集UAV-01、UAV-02、UAV-03传回的数据，进行汇总和分析，为救援指挥中心提供决策依据。  \n- UAV-01、UAV-02、UAV-03、UAV-04完成任务返航，地面救援人员汇总全天救援情况，向救援指挥中心报告。",
                "similarity": 0.7405637386169743
            }
        ]
    },
    {
        "content2_para": "UAV-01:\n时间：16:15\n地点：灾区各救援点\n任务：第二轮全面监控，确保救援行动无遗漏。",
        "matches": [
            {
                "content1_para": "灾区后续监控与数据汇总\n执行时间：2023年10月5日 16:15 – 17:30\n执行地点：四川省成都市都江堰市灾区各救援点\n执行者：\nUAV-01、UAV-02：负责灾区全面监控\nUAV-03：负责救援物资投放后的情况监控\nUAV-04：负责数据汇总与分析\n任务优先级：高（确保救援后续工作顺利进行）\n重要性：保障救援后续工作的顺利进行，为灾区重建提供数据支持\n\n操作步骤：\n3.1 灾区全面监控（16:15）\nUAV-01和UAV-02起飞，对灾区进行第二轮全面监控，确保救援行动无遗漏。\n\n3.2 救援物资投放后情况监控（16:15）\nUAV-03对已经投放救援物资的区域进行监控，确保物资被有效利用。\n\n3.3 数据汇总与分析（16:30 – 17:30）\nUAV-04收集UAV-01、UAV-02、UAV-03传回的数据，进行汇总和分析，为救援指挥中心提供决策依据。\n\n3.4 监控与数据汇总总结（17:30）\nUAV-01、UAV-02、UAV-03、UAV-04完成任务返航，地面救援人员汇总全天救援情况，向救援指挥中心报告。",
                "content1_msg": "无人机名字或代号：UAV-01、UAV-02、UAV-03、UAV-04  \n时间：2023年10月5日 16:15 – 17:30、2023年10月5日 16:15、2023年10月5日 16:30 – 17:30、2023年10月5日 17:30  \n地点：四川省成都市都江堰市灾区各救援点  \n任务优先级重要性：高（确保救援后续工作顺利进行）、保障救援后续工作的顺利进行，为灾区重建提供数据支持  \n任务描述信息：  \n- UAV-01和UAV-02起飞，对灾区进行第二轮全面监控，确保救援行动无遗漏。  \n- UAV-03对已经投放救援物资的区域进行监控，确保物资被有效利用。  \n- UAV-04收集UAV-01、UAV-02、UAV-03传回的数据，进行汇总和分析，为救援指挥中心提供决策依据。  \n- UAV-01、UAV-02、UAV-03、UAV-04完成任务返航，地面救援人员汇总全天救援情况，向救援指挥中心报告。",
                "similarity": 0.7908914069782602
            },
            {
                "content1_para": "受困人员搜索与救援投送\n执行时间：2023年10月5日 15:15 – 16:00\n执行地点：四川省成都市都江堰市灾区特定区域\n执行者：\nUAV-01：协助地面救援人员确定受困者位置\nUAV-02：配合UAV-01进行受困人员定位\nUAV-03：携带救援物资进行空中投放\nUAV-04：地面支援，负责信号接收与救援协调\n任务优先级：最高（确保受困人员尽快获救）\n重要性：救援行动的核心，必须迅速准确\n\n操作步骤：\n2.1 受困人员位置确认（15:15）\nUAV-01与UAV-02利用GPS和高清摄像头确认受困者位置，将数据实时传输给UAV-03和地面救援人员。\n\n2.2 救援物资投放（15:30）\nUAV-03根据UAV-01和UAV-02提供的位置信息，下降至受困者附近，精确投放救援物资。\n\n2.3 地面救援协调（15:30 – 16:00）\nUAV-04在地面上负责接收UAV-01、UAV-02和UAV-03的信息，协调地面救援行动，确保救援物资和人员准确投放到受困者手中。\n\n2.4 救援行动总结（16:00）\nUAV-01、UAV-02、UAV-03、UAV-04返航至临时无人机基地，地面救援人员汇总救援情",
                "content1_msg": "无人机名字或代号：UAV-01、UAV-02、UAV-03、UAV-04  \n时间：2023年10月5日 15:15 – 16:00、2023年10月5日 15:15、2023年10月5日 15:30、2023年10月5日 16:00  \n地点：四川省成都市都江堰市灾区特定区域  \n任务优先级重要性：最高（确保受困人员尽快获救）、救援行动的核心，必须迅速准确  \n任务描述信息：协助地面救援人员确定受困者位置、配合UAV-01进行受困人员定位、携带救援物资进行空中投放、地面支援，负责信号接收与救援协调、利用GPS和高清摄像头确认受困者位置并将数据实时传输、根据提供的位置信息下降至受困者附近精确投放救援物资、在地面上负责接收信息并协调地面救援行动、返航至临时无人机基地",
                "similarity": 0.771444794338401
            }
        ]
    },
    {
        "content2_para": "UAV-02:\n时间：16:15\n地点：灾区各救援点\n任务：全面监控，确保救援行动无遗漏。",
        "matches": [
            {
                "content1_para": "灾区后续监控与数据汇总\n执行时间：2023年10月5日 16:15 – 17:30\n执行地点：四川省成都市都江堰市灾区各救援点\n执行者：\nUAV-01、UAV-02：负责灾区全面监控\nUAV-03：负责救援物资投放后的情况监控\nUAV-04：负责数据汇总与分析\n任务优先级：高（确保救援后续工作顺利进行）\n重要性：保障救援后续工作的顺利进行，为灾区重建提供数据支持\n\n操作步骤：\n3.1 灾区全面监控（16:15）\nUAV-01和UAV-02起飞，对灾区进行第二轮全面监控，确保救援行动无遗漏。\n\n3.2 救援物资投放后情况监控（16:15）\nUAV-03对已经投放救援物资的区域进行监控，确保物资被有效利用。\n\n3.3 数据汇总与分析（16:30 – 17:30）\nUAV-04收集UAV-01、UAV-02、UAV-03传回的数据，进行汇总和分析，为救援指挥中心提供决策依据。\n\n3.4 监控与数据汇总总结（17:30）\nUAV-01、UAV-02、UAV-03、UAV-04完成任务返航，地面救援人员汇总全天救援情况，向救援指挥中心报告。",
                "content1_msg": "无人机名字或代号：UAV-01、UAV-02、UAV-03、UAV-04  \n时间：2023年10月5日 16:15 – 17:30、2023年10月5日 16:15、2023年10月5日 16:30 – 17:30、2023年10月5日 17:30  \n地点：四川省成都市都江堰市灾区各救援点  \n任务优先级重要性：高（确保救援后续工作顺利进行）、保障救援后续工作的顺利进行，为灾区重建提供数据支持  \n任务描述信息：  \n- UAV-01和UAV-02起飞，对灾区进行第二轮全面监控，确保救援行动无遗漏。  \n- UAV-03对已经投放救援物资的区域进行监控，确保物资被有效利用。  \n- UAV-04收集UAV-01、UAV-02、UAV-03传回的数据，进行汇总和分析，为救援指挥中心提供决策依据。  \n- UAV-01、UAV-02、UAV-03、UAV-04完成任务返航，地面救援人员汇总全天救援情况，向救援指挥中心报告。",
                "similarity": 0.7827028612743723
            },
            {
                "content1_para": "受困人员搜索与救援投送\n执行时间：2023年10月5日 15:15 – 16:00\n执行地点：四川省成都市都江堰市灾区特定区域\n执行者：\nUAV-01：协助地面救援人员确定受困者位置\nUAV-02：配合UAV-01进行受困人员定位\nUAV-03：携带救援物资进行空中投放\nUAV-04：地面支援，负责信号接收与救援协调\n任务优先级：最高（确保受困人员尽快获救）\n重要性：救援行动的核心，必须迅速准确\n\n操作步骤：\n2.1 受困人员位置确认（15:15）\nUAV-01与UAV-02利用GPS和高清摄像头确认受困者位置，将数据实时传输给UAV-03和地面救援人员。\n\n2.2 救援物资投放（15:30）\nUAV-03根据UAV-01和UAV-02提供的位置信息，下降至受困者附近，精确投放救援物资。\n\n2.3 地面救援协调（15:30 – 16:00）\nUAV-04在地面上负责接收UAV-01、UAV-02和UAV-03的信息，协调地面救援行动，确保救援物资和人员准确投放到受困者手中。\n\n2.4 救援行动总结（16:00）\nUAV-01、UAV-02、UAV-03、UAV-04返航至临时无人机基地，地面救援人员汇总救援情",
                "content1_msg": "无人机名字或代号：UAV-01、UAV-02、UAV-03、UAV-04  \n时间：2023年10月5日 15:15 – 16:00、2023年10月5日 15:15、2023年10月5日 15:30、2023年10月5日 16:00  \n地点：四川省成都市都江堰市灾区特定区域  \n任务优先级重要性：最高（确保受困人员尽快获救）、救援行动的核心，必须迅速准确  \n任务描述信息：协助地面救援人员确定受困者位置、配合UAV-01进行受困人员定位、携带救援物资进行空中投放、地面支援，负责信号接收与救援协调、利用GPS和高清摄像头确认受困者位置并将数据实时传输、根据提供的位置信息下降至受困者附近精确投放救援物资、在地面上负责接收信息并协调地面救援行动、返航至临时无人机基地",
                "similarity": 0.7556519859403787
            }
        ]
    },
    {
        "content2_para": "UAV-03:\n时间：16:15\n地点：已投放救援物资区域\n任务：监控救援物资投放后的情况。",
        "matches": [
            {
                "content1_para": "受困人员搜索与救援投送\n执行时间：2023年10月5日 15:15 – 16:00\n执行地点：四川省成都市都江堰市灾区特定区域\n执行者：\nUAV-01：协助地面救援人员确定受困者位置\nUAV-02：配合UAV-01进行受困人员定位\nUAV-03：携带救援物资进行空中投放\nUAV-04：地面支援，负责信号接收与救援协调\n任务优先级：最高（确保受困人员尽快获救）\n重要性：救援行动的核心，必须迅速准确\n\n操作步骤：\n2.1 受困人员位置确认（15:15）\nUAV-01与UAV-02利用GPS和高清摄像头确认受困者位置，将数据实时传输给UAV-03和地面救援人员。\n\n2.2 救援物资投放（15:30）\nUAV-03根据UAV-01和UAV-02提供的位置信息，下降至受困者附近，精确投放救援物资。\n\n2.3 地面救援协调（15:30 – 16:00）\nUAV-04在地面上负责接收UAV-01、UAV-02和UAV-03的信息，协调地面救援行动，确保救援物资和人员准确投放到受困者手中。\n\n2.4 救援行动总结（16:00）\nUAV-01、UAV-02、UAV-03、UAV-04返航至临时无人机基地，地面救援人员汇总救援情",
                "content1_msg": "无人机名字或代号：UAV-01、UAV-02、UAV-03、UAV-04  \n时间：2023年10月5日 15:15 – 16:00、2023年10月5日 15:15、2023年10月5日 15:30、2023年10月5日 16:00  \n地点：四川省成都市都江堰市灾区特定区域  \n任务优先级重要性：最高（确保受困人员尽快获救）、救援行动的核心，必须迅速准确  \n任务描述信息：协助地面救援人员确定受困者位置、配合UAV-01进行受困人员定位、携带救援物资进行空中投放、地面支援，负责信号接收与救援协调、利用GPS和高清摄像头确认受困者位置并将数据实时传输、根据提供的位置信息下降至受困者附近精确投放救援物资、在地面上负责接收信息并协调地面救援行动、返航至临时无人机基地",
                "similarity": 0.8001590143001771
            },
            {
                "content1_para": "灾区后续监控与数据汇总\n执行时间：2023年10月5日 16:15 – 17:30\n执行地点：四川省成都市都江堰市灾区各救援点\n执行者：\nUAV-01、UAV-02：负责灾区全面监控\nUAV-03：负责救援物资投放后的情况监控\nUAV-04：负责数据汇总与分析\n任务优先级：高（确保救援后续工作顺利进行）\n重要性：保障救援后续工作的顺利进行，为灾区重建提供数据支持\n\n操作步骤：\n3.1 灾区全面监控（16:15）\nUAV-01和UAV-02起飞，对灾区进行第二轮全面监控，确保救援行动无遗漏。\n\n3.2 救援物资投放后情况监控（16:15）\nUAV-03对已经投放救援物资的区域进行监控，确保物资被有效利用。\n\n3.3 数据汇总与分析（16:30 – 17:30）\nUAV-04收集UAV-01、UAV-02、UAV-03传回的数据，进行汇总和分析，为救援指挥中心提供决策依据。\n\n3.4 监控与数据汇总总结（17:30）\nUAV-01、UAV-02、UAV-03、UAV-04完成任务返航，地面救援人员汇总全天救援情况，向救援指挥中心报告。",
                "content1_msg": "无人机名字或代号：UAV-01、UAV-02、UAV-03、UAV-04  \n时间：2023年10月5日 16:15 – 17:30、2023年10月5日 16:15、2023年10月5日 16:30 – 17:30、2023年10月5日 17:30  \n地点：四川省成都市都江堰市灾区各救援点  \n任务优先级重要性：高（确保救援后续工作顺利进行）、保障救援后续工作的顺利进行，为灾区重建提供数据支持  \n任务描述信息：  \n- UAV-01和UAV-02起飞，对灾区进行第二轮全面监控，确保救援行动无遗漏。  \n- UAV-03对已经投放救援物资的区域进行监控，确保物资被有效利用。  \n- UAV-04收集UAV-01、UAV-02、UAV-03传回的数据，进行汇总和分析，为救援指挥中心提供决策依据。  \n- UAV-01、UAV-02、UAV-03、UAV-04完成任务返航，地面救援人员汇总全天救援情况，向救援指挥中心报告。",
                "similarity": 0.7875144876602811
            }
        ]
    },
    {
        "content2_para": "UAV-04:\n时间：16:30 – 17:30\n地点：灾区各救援点\n任务：收集数据，进行汇总和分析。",
        "matches": [
            {
                "content1_para": "灾区后续监控与数据汇总\n执行时间：2023年10月5日 16:15 – 17:30\n执行地点：四川省成都市都江堰市灾区各救援点\n执行者：\nUAV-01、UAV-02：负责灾区全面监控\nUAV-03：负责救援物资投放后的情况监控\nUAV-04：负责数据汇总与分析\n任务优先级：高（确保救援后续工作顺利进行）\n重要性：保障救援后续工作的顺利进行，为灾区重建提供数据支持\n\n操作步骤：\n3.1 灾区全面监控（16:15）\nUAV-01和UAV-02起飞，对灾区进行第二轮全面监控，确保救援行动无遗漏。\n\n3.2 救援物资投放后情况监控（16:15）\nUAV-03对已经投放救援物资的区域进行监控，确保物资被有效利用。\n\n3.3 数据汇总与分析（16:30 – 17:30）\nUAV-04收集UAV-01、UAV-02、UAV-03传回的数据，进行汇总和分析，为救援指挥中心提供决策依据。\n\n3.4 监控与数据汇总总结（17:30）\nUAV-01、UAV-02、UAV-03、UAV-04完成任务返航，地面救援人员汇总全天救援情况，向救援指挥中心报告。",
                "content1_msg": "无人机名字或代号：UAV-01、UAV-02、UAV-03、UAV-04  \n时间：2023年10月5日 16:15 – 17:30、2023年10月5日 16:15、2023年10月5日 16:30 – 17:30、2023年10月5日 17:30  \n地点：四川省成都市都江堰市灾区各救援点  \n任务优先级重要性：高（确保救援后续工作顺利进行）、保障救援后续工作的顺利进行，为灾区重建提供数据支持  \n任务描述信息：  \n- UAV-01和UAV-02起飞，对灾区进行第二轮全面监控，确保救援行动无遗漏。  \n- UAV-03对已经投放救援物资的区域进行监控，确保物资被有效利用。  \n- UAV-04收集UAV-01、UAV-02、UAV-03传回的数据，进行汇总和分析，为救援指挥中心提供决策依据。  \n- UAV-01、UAV-02、UAV-03、UAV-04完成任务返航，地面救援人员汇总全天救援情况，向救援指挥中心报告。",
                "similarity": 0.7950989778546518
            },
            {
                "content1_para": "受困人员搜索与救援投送\n执行时间：2023年10月5日 15:15 – 16:00\n执行地点：四川省成都市都江堰市灾区特定区域\n执行者：\nUAV-01：协助地面救援人员确定受困者位置\nUAV-02：配合UAV-01进行受困人员定位\nUAV-03：携带救援物资进行空中投放\nUAV-04：地面支援，负责信号接收与救援协调\n任务优先级：最高（确保受困人员尽快获救）\n重要性：救援行动的核心，必须迅速准确\n\n操作步骤：\n2.1 受困人员位置确认（15:15）\nUAV-01与UAV-02利用GPS和高清摄像头确认受困者位置，将数据实时传输给UAV-03和地面救援人员。\n\n2.2 救援物资投放（15:30）\nUAV-03根据UAV-01和UAV-02提供的位置信息，下降至受困者附近，精确投放救援物资。\n\n2.3 地面救援协调（15:30 – 16:00）\nUAV-04在地面上负责接收UAV-01、UAV-02和UAV-03的信息，协调地面救援行动，确保救援物资和人员准确投放到受困者手中。\n\n2.4 救援行动总结（16:00）\nUAV-01、UAV-02、UAV-03、UAV-04返航至临时无人机基地，地面救援人员汇总救援情",
                "content1_msg": "无人机名字或代号：UAV-01、UAV-02、UAV-03、UAV-04  \n时间：2023年10月5日 15:15 – 16:00、2023年10月5日 15:15、2023年10月5日 15:30、2023年10月5日 16:00  \n地点：四川省成都市都江堰市灾区特定区域  \n任务优先级重要性：最高（确保受困人员尽快获救）、救援行动的核心，必须迅速准确  \n任务描述信息：协助地面救援人员确定受困者位置、配合UAV-01进行受困人员定位、携带救援物资进行空中投放、地面支援，负责信号接收与救援协调、利用GPS和高清摄像头确认受困者位置并将数据实时传输、根据提供的位置信息下降至受困者附近精确投放救援物资、在地面上负责接收信息并协调地面救援行动、返航至临时无人机基地",
                "similarity": 0.693201594123718
            }
        ]
    },
    {
        "content2_para": "UAV-01、UAV-02、UAV-03、UAV-04:\n时间：17:30\n地点：临时无人机基地\n任务：返航，汇总全天救援情况，向指挥中心报告。",
        "matches": [
            {
                "content1_para": "灾区后续监控与数据汇总\n执行时间：2023年10月5日 16:15 – 17:30\n执行地点：四川省成都市都江堰市灾区各救援点\n执行者：\nUAV-01、UAV-02：负责灾区全面监控\nUAV-03：负责救援物资投放后的情况监控\nUAV-04：负责数据汇总与分析\n任务优先级：高（确保救援后续工作顺利进行）\n重要性：保障救援后续工作的顺利进行，为灾区重建提供数据支持\n\n操作步骤：\n3.1 灾区全面监控（16:15）\nUAV-01和UAV-02起飞，对灾区进行第二轮全面监控，确保救援行动无遗漏。\n\n3.2 救援物资投放后情况监控（16:15）\nUAV-03对已经投放救援物资的区域进行监控，确保物资被有效利用。\n\n3.3 数据汇总与分析（16:30 – 17:30）\nUAV-04收集UAV-01、UAV-02、UAV-03传回的数据，进行汇总和分析，为救援指挥中心提供决策依据。\n\n3.4 监控与数据汇总总结（17:30）\nUAV-01、UAV-02、UAV-03、UAV-04完成任务返航，地面救援人员汇总全天救援情况，向救援指挥中心报告。",
                "content1_msg": "无人机名字或代号：UAV-01、UAV-02、UAV-03、UAV-04  \n时间：2023年10月5日 16:15 – 17:30、2023年10月5日 16:15、2023年10月5日 16:30 – 17:30、2023年10月5日 17:30  \n地点：四川省成都市都江堰市灾区各救援点  \n任务优先级重要性：高（确保救援后续工作顺利进行）、保障救援后续工作的顺利进行，为灾区重建提供数据支持  \n任务描述信息：  \n- UAV-01和UAV-02起飞，对灾区进行第二轮全面监控，确保救援行动无遗漏。  \n- UAV-03对已经投放救援物资的区域进行监控，确保物资被有效利用。  \n- UAV-04收集UAV-01、UAV-02、UAV-03传回的数据，进行汇总和分析，为救援指挥中心提供决策依据。  \n- UAV-01、UAV-02、UAV-03、UAV-04完成任务返航，地面救援人员汇总全天救援情况，向救援指挥中心报告。",
                "similarity": 0.8527113956995931
            },
            {
                "content1_para": "受困人员搜索与救援投送\n执行时间：2023年10月5日 15:15 – 16:00\n执行地点：四川省成都市都江堰市灾区特定区域\n执行者：\nUAV-01：协助地面救援人员确定受困者位置\nUAV-02：配合UAV-01进行受困人员定位\nUAV-03：携带救援物资进行空中投放\nUAV-04：地面支援，负责信号接收与救援协调\n任务优先级：最高（确保受困人员尽快获救）\n重要性：救援行动的核心，必须迅速准确\n\n操作步骤：\n2.1 受困人员位置确认（15:15）\nUAV-01与UAV-02利用GPS和高清摄像头确认受困者位置，将数据实时传输给UAV-03和地面救援人员。\n\n2.2 救援物资投放（15:30）\nUAV-03根据UAV-01和UAV-02提供的位置信息，下降至受困者附近，精确投放救援物资。\n\n2.3 地面救援协调（15:30 – 16:00）\nUAV-04在地面上负责接收UAV-01、UAV-02和UAV-03的信息，协调地面救援行动，确保救援物资和人员准确投放到受困者手中。\n\n2.4 救援行动总结（16:00）\nUAV-01、UAV-02、UAV-03、UAV-04返航至临时无人机基地，地面救援人员汇总救援情",
                "content1_msg": "无人机名字或代号：UAV-01、UAV-02、UAV-03、UAV-04  \n时间：2023年10月5日 15:15 – 16:00、2023年10月5日 15:15、2023年10月5日 15:30、2023年10月5日 16:00  \n地点：四川省成都市都江堰市灾区特定区域  \n任务优先级重要性：最高（确保受困人员尽快获救）、救援行动的核心，必须迅速准确  \n任务描述信息：协助地面救援人员确定受困者位置、配合UAV-01进行受困人员定位、携带救援物资进行空中投放、地面支援，负责信号接收与救援协调、利用GPS和高清摄像头确认受困者位置并将数据实时传输、根据提供的位置信息下降至受困者附近精确投放救援物资、在地面上负责接收信息并协调地面救援行动、返航至临时无人机基地",
                "similarity": 0.8061844091110384
            }
        ]
    }
]