[
    {
        "content2_para": "UAV-01:\n实体关系：快递配送\n时间：2023年10月25日 09:00 – 12:30\n地点：城市A区域快递配送中心（34.0522°N, 108.9605°E）\n任务优先级重要性：高\n具体任务：\n- 09:00：完成设备检查，确保飞行控制系统、快递箱固定系统正常，电池电量≥80%\n- 09:30：按指定航线起飞，飞行高度50米，起飞速度15 km/h\n- 09:45：根据UAV-02信息，选择最优配送路线\n- 10:00：到达第一个配送点，确认快递送达无误后继续前往下一个点\n- 11:30：将配送数据回传至指挥中心\n- 12:00：按既定航线返航，飞行高度100米",
        "matches": [
            {
                "content1_para": "无人机快递配送任务：城市区域高效配送\n\n执行时间：\n2023年10月25日 09:00 – 12:00\n\n执行地点：\n城市A区域快递配送中心（坐标：34.0522°N, 108.9605°E）\n\n执行者：\nUAV-01\nUAV-02\nUAV-03\n\n任务优先级：\n高（确保快递及时高效送达）\n\n重要性：\n高（影响用户体验和物流效率）\n\n操作步骤：\n\nUAV-01\n于2023年10月25日 09:00在配送中心完成设备检查，确保以下系统正常：\n- 飞行控制系统\n- 快递箱固定系统\n- 电池电量≥80%，确保2小时连续作业能力\n\nUAV-02\n于2023年10月25日 09:10同步进行设备校准，重点检查以下功能：\n- GPS定位系统\n- 智能避障系统\n- 通信系统\n\nUAV-03\n于2023年10月25日 09:20准备快递，确保每件快递都已正确装载并固定\n\n————————————————————————————————————————————————————————————————————————————————-",
                "content1_msg": "无人机名字或代号：UAV-01、UAV-02、UAV-03  \n时间：2023年10月25日 09:00 – 12:00、2023年10月25日 09:00、2023年10月25日 09:10、2023年10月25日 09:20  \n地点：城市A区域快递配送中心（坐标：34.0522°N, 108.9605°E）  \n任务优先级重要性：高  \n任务描述信息：  \n- UAV-01：完成设备检查，确保飞行控制系统、快递箱固定系统正常，电池电量≥80%。  \n- UAV-02：同步进行设备校准，重点检查GPS定位系统、智能避障系统、通信系统。  \n- UAV-03：准备快递，确保每件快递都已正确装载并固定。",
                "similarity": 0.8289653925723786
            },
            {
                "content1_para": "起飞与区域巡航\n\n执行时间：\n2023年10月25日 09:30 – 09:45\n\n执行地点：\n城市A区域快递配送中心\n\n执行者：\nUAV-01\nUAV-02\nUAV-03\n\n操作步骤：\n\nUAV-01\n于2023年10月25日 09:30按指定航线起飞，飞行参数如下：\n- 飞行高度：50米\n- 起飞速度：15 km/h\n\nUAV-02\n于2023年10月25日 09:35启动，执行区域巡航，重点监测以下区域：\n- 配送中心周边道路状况\n- 天气状况\n\nUAV-03\n于2023年10月25日 09:40完成快递箱装载，确认快递无误后，跟随UAV-01起飞\n\n————————————————————————————————————————————————————————————————————————————————-",
                "content1_msg": "无人机名字或代号：UAV-01、UAV-02、UAV-03  \n时间：2023年10月25日 09:30 – 09:45、2023年10月25日 09:30、2023年10月25日 09:35、2023年10月25日 09:40  \n地点：城市A区域快递配送中心  \n任务优先级重要性：未提及  \n任务描述信息：  \n- UAV-01按指定航线起飞，飞行高度为50米，起飞速度为15 km/h。  \n- UAV-02执行区域巡航，重点监测配送中心周边道路状况和天气状况。  \n- UAV-03完成快递箱装载，确认快递无误后，跟随UAV-01起飞。",
                "similarity": 0.7767145374780622
            }
        ]
    },
    {
        "content2_para": "UAV-02:\n实体关系：区域巡航与数据监控\n时间：2023年10月25日 09:00 – 12:30\n地点：城市A区域（34.0522°N, 108.9605°E）\n任务优先级重要性：高\n具体任务：\n- 09:10：同步进行设备校准，检查GPS定位系统、智能避障系统、通信系统\n- 09:35：启动，执行区域巡航，监测道路状况、天气状况\n- 09:50：持续更新配送区域的道路状况和天气信息\n- 10:05：确认UAV-01已成功配送，更新配送进度\n- 11:35：将区域巡航数据回传至指挥中心\n- 12:00：按既定航线返航，飞行高度100米",
        "matches": [
            {
                "content1_para": "无人机快递配送任务：城市区域高效配送\n\n执行时间：\n2023年10月25日 09:00 – 12:00\n\n执行地点：\n城市A区域快递配送中心（坐标：34.0522°N, 108.9605°E）\n\n执行者：\nUAV-01\nUAV-02\nUAV-03\n\n任务优先级：\n高（确保快递及时高效送达）\n\n重要性：\n高（影响用户体验和物流效率）\n\n操作步骤：\n\nUAV-01\n于2023年10月25日 09:00在配送中心完成设备检查，确保以下系统正常：\n- 飞行控制系统\n- 快递箱固定系统\n- 电池电量≥80%，确保2小时连续作业能力\n\nUAV-02\n于2023年10月25日 09:10同步进行设备校准，重点检查以下功能：\n- GPS定位系统\n- 智能避障系统\n- 通信系统\n\nUAV-03\n于2023年10月25日 09:20准备快递，确保每件快递都已正确装载并固定\n\n————————————————————————————————————————————————————————————————————————————————-",
                "content1_msg": "无人机名字或代号：UAV-01、UAV-02、UAV-03  \n时间：2023年10月25日 09:00 – 12:00、2023年10月25日 09:00、2023年10月25日 09:10、2023年10月25日 09:20  \n地点：城市A区域快递配送中心（坐标：34.0522°N, 108.9605°E）  \n任务优先级重要性：高  \n任务描述信息：  \n- UAV-01：完成设备检查，确保飞行控制系统、快递箱固定系统正常，电池电量≥80%。  \n- UAV-02：同步进行设备校准，重点检查GPS定位系统、智能避障系统、通信系统。  \n- UAV-03：准备快递，确保每件快递都已正确装载并固定。",
                "similarity": 0.8059066804754873
            },
            {
                "content1_para": "快递配送任务执行\n\n执行时间：\n2023年10月25日 09:45 – 11:30\n\n执行地点：\n城市A区域指定配送点\n\n执行者：\nUAV-01\nUAV-02\nUAV-03\n\n操作步骤：\n\nUAV-01\n于2023年10月25日 09:45根据UAV-02提供的区域巡航信息，选择最优配送路线\n\nUAV-02\n于2023年10月25日 09:50持续更新配送区域的道路状况和天气信息\n\nUAV-03\n于2023年10月25日 09:45跟随UAV-01起飞，按照UAV-01的配送路线进行快递配送\n\nUAV-01\n于2023年10月25日 10:00到达第一个配送点，确认快递送达无误后，继续前往下一个配送点\n\nUAV-02\n于2023年10月25日 10:05确认UAV-01已成功配送，更新配送进度\n\nUAV-03\n于2023年10月25日 10:10根据UAV-02提供的信息，调整配送路线以避免可能的障碍\n\n————————————————————————————————————————————————————————————————————————————————-",
                "content1_msg": "无人机名字或代号：UAV-01、UAV-02、UAV-03  \n时间：2023年10月25日 09:45 – 11:30、2023年10月25日 09:45、2023年10月25日 09:50、2023年10月25日 10:00、2023年10月25日 10:05、2023年10月25日 10:10  \n地点：城市A区域指定配送点  \n任务优先级重要性：未提及  \n任务描述信息：  \n- UAV-01根据UAV-02提供的区域巡航信息，选择最优配送路线  \n- UAV-02持续更新配送区域的道路状况和天气信息  \n- UAV-03跟随UAV-01起飞，按照UAV-01的配送路线进行快递配送  \n- UAV-01到达第一个配送点，确认快递送达无误后，继续前往下一个配送点  \n- UAV-02确认UAV-01已成功配送，更新配送进度  \n- UAV-03根据UAV-02提供的信息，调整配送路线以避免可能的障碍",
                "similarity": 0.7860497708210759
            }
        ]
    },
    {
        "content2_para": "UAV-03:\n实体关系：快递装载与配送\n时间：2023年10月25日 09:00 – 12:30\n地点：城市A区域快递配送中心（34.0522°N, 108.9605°E）\n任务优先级重要性：高\n具体任务：\n- 09:20：准备快递，确保每件快递都已正确装载并固定\n- 09:40：完成快递箱装载，确认快递无误后跟随UAV-01起飞\n- 09:45：跟随UAV-01起飞，按照UAV-01的配送路线进行快递配送\n- 10:10：根据UAV-02提供的信息，调整配送路线以避免可能的障碍\n- 11:40：将配送数据回传至指挥中心\n- 12:00：按既定航线返航，飞行高度100米",
        "matches": [
            {
                "content1_para": "快递配送任务执行\n\n执行时间：\n2023年10月25日 09:45 – 11:30\n\n执行地点：\n城市A区域指定配送点\n\n执行者：\nUAV-01\nUAV-02\nUAV-03\n\n操作步骤：\n\nUAV-01\n于2023年10月25日 09:45根据UAV-02提供的区域巡航信息，选择最优配送路线\n\nUAV-02\n于2023年10月25日 09:50持续更新配送区域的道路状况和天气信息\n\nUAV-03\n于2023年10月25日 09:45跟随UAV-01起飞，按照UAV-01的配送路线进行快递配送\n\nUAV-01\n于2023年10月25日 10:00到达第一个配送点，确认快递送达无误后，继续前往下一个配送点\n\nUAV-02\n于2023年10月25日 10:05确认UAV-01已成功配送，更新配送进度\n\nUAV-03\n于2023年10月25日 10:10根据UAV-02提供的信息，调整配送路线以避免可能的障碍\n\n————————————————————————————————————————————————————————————————————————————————-",
                "content1_msg": "无人机名字或代号：UAV-01、UAV-02、UAV-03  \n时间：2023年10月25日 09:45 – 11:30、2023年10月25日 09:45、2023年10月25日 09:50、2023年10月25日 10:00、2023年10月25日 10:05、2023年10月25日 10:10  \n地点：城市A区域指定配送点  \n任务优先级重要性：未提及  \n任务描述信息：  \n- UAV-01根据UAV-02提供的区域巡航信息，选择最优配送路线  \n- UAV-02持续更新配送区域的道路状况和天气信息  \n- UAV-03跟随UAV-01起飞，按照UAV-01的配送路线进行快递配送  \n- UAV-01到达第一个配送点，确认快递送达无误后，继续前往下一个配送点  \n- UAV-02确认UAV-01已成功配送，更新配送进度  \n- UAV-03根据UAV-02提供的信息，调整配送路线以避免可能的障碍",
                "similarity": 0.811817577552119
            },
            {
                "content1_para": "无人机快递配送任务：城市区域高效配送\n\n执行时间：\n2023年10月25日 09:00 – 12:00\n\n执行地点：\n城市A区域快递配送中心（坐标：34.0522°N, 108.9605°E）\n\n执行者：\nUAV-01\nUAV-02\nUAV-03\n\n任务优先级：\n高（确保快递及时高效送达）\n\n重要性：\n高（影响用户体验和物流效率）\n\n操作步骤：\n\nUAV-01\n于2023年10月25日 09:00在配送中心完成设备检查，确保以下系统正常：\n- 飞行控制系统\n- 快递箱固定系统\n- 电池电量≥80%，确保2小时连续作业能力\n\nUAV-02\n于2023年10月25日 09:10同步进行设备校准，重点检查以下功能：\n- GPS定位系统\n- 智能避障系统\n- 通信系统\n\nUAV-03\n于2023年10月25日 09:20准备快递，确保每件快递都已正确装载并固定\n\n————————————————————————————————————————————————————————————————————————————————-",
                "content1_msg": "无人机名字或代号：UAV-01、UAV-02、UAV-03  \n时间：2023年10月25日 09:00 – 12:00、2023年10月25日 09:00、2023年10月25日 09:10、2023年10月25日 09:20  \n地点：城市A区域快递配送中心（坐标：34.0522°N, 108.9605°E）  \n任务优先级重要性：高  \n任务描述信息：  \n- UAV-01：完成设备检查，确保飞行控制系统、快递箱固定系统正常，电池电量≥80%。  \n- UAV-02：同步进行设备校准，重点检查GPS定位系统、智能避障系统、通信系统。  \n- UAV-03：准备快递，确保每件快递都已正确装载并固定。",
                "similarity": 0.8068899523316739
            }
        ]
    },
    {
        "content2_para": "所有无人机：\n数据总结与评估：\n- 12:30：整理并分析配送效率、无人机性能\n- 形成配送效率报告，为未来优化配送流程提供依据",
        "matches": [
            {
                "content1_para": "返航与任务总结\n\n执行时间：\n2023年10月25日 12:00 – 12:30\n\n执行地点：\n城市A区域快递配送中心\n\n执行者：\nUAV-01\nUAV-02\nUAV-03\n\n操作步骤：\n\nUAV-01\n与\nUAV-02\n与\nUAV-03\n于2023年10月25日 12:00按既定航线返航，飞行高度100米，确保安全返回。\n\n数据总结与评估：\n- 整理并分析配送效率、无人机性能\n- 形成配送效率报告，为未来优化配送流程提供依据",
                "content1_msg": "无人机名字或代号：UAV-01、UAV-02、UAV-03  \n时间：2023年10月25日 12:00 – 12:30、2023年10月25日 12:00  \n地点：城市A区域快递配送中心  \n任务优先级重要性：未提及  \n任务描述信息：按既定航线返航，飞行高度100米，确保安全返回。",
                "similarity": 0.7794256395217825
            },
            {
                "content1_para": "无人机快递配送任务：城市区域高效配送\n\n执行时间：\n2023年10月25日 09:00 – 12:00\n\n执行地点：\n城市A区域快递配送中心（坐标：34.0522°N, 108.9605°E）\n\n执行者：\nUAV-01\nUAV-02\nUAV-03\n\n任务优先级：\n高（确保快递及时高效送达）\n\n重要性：\n高（影响用户体验和物流效率）\n\n操作步骤：\n\nUAV-01\n于2023年10月25日 09:00在配送中心完成设备检查，确保以下系统正常：\n- 飞行控制系统\n- 快递箱固定系统\n- 电池电量≥80%，确保2小时连续作业能力\n\nUAV-02\n于2023年10月25日 09:10同步进行设备校准，重点检查以下功能：\n- GPS定位系统\n- 智能避障系统\n- 通信系统\n\nUAV-03\n于2023年10月25日 09:20准备快递，确保每件快递都已正确装载并固定\n\n————————————————————————————————————————————————————————————————————————————————-",
                "content1_msg": "无人机名字或代号：UAV-01、UAV-02、UAV-03  \n时间：2023年10月25日 09:00 – 12:00、2023年10月25日 09:00、2023年10月25日 09:10、2023年10月25日 09:20  \n地点：城市A区域快递配送中心（坐标：34.0522°N, 108.9605°E）  \n任务优先级重要性：高  \n任务描述信息：  \n- UAV-01：完成设备检查，确保飞行控制系统、快递箱固定系统正常，电池电量≥80%。  \n- UAV-02：同步进行设备校准，重点检查GPS定位系统、智能避障系统、通信系统。  \n- UAV-03：准备快递，确保每件快递都已正确装载并固定。",
                "similarity": 0.5888134650550692
            }
        ]
    }
]