[
    {
        "content2_para": "UAV-01:\n实体关系：快递配送\n时间：2023年9月15日 10:00\n地点：快递站点（坐标：39.9161°N, 116.3811°E）\n任务优先级重要性：高\n具体任务：完成货物装载，确保货物安全固定和GPS定位系统正常。",
        "matches": [
            {
                "content1_para": "无人机快递收集与分类任务\n执行时间\n：2023年9月15日 10:10 – 10:25\n执行地点\n：住宅区（坐标：39.9161°N, 116.3811°E）\n执行者\n：\nUAV-02\n：负责从住宅区居民手中收集快递\n任务优先级\n：高（确保快递收集效率，减少地面配送时间）\n操作步骤\n：\nUAV-02\n于10:10到达住宅区，进行以下操作：",
                "content1_msg": "无人机名字或代号：UAV-02  \n时间：2023年9月15日 10:10 – 10:25  \n地点：住宅区（坐标：39.9161°N, 116.3811°E）  \n任务优先级重要性：高  \n任务描述信息：从住宅区居民手中收集快递，于10:10到达住宅区。",
                "similarity": 0.7929938093278557
            },
            {
                "content1_para": "无人机快递配送任务\n执行时间\n：2023年9月15日 10:00 – 11:30\n执行地点\n：市内配送区域（坐标：39.9161°N, 116.3811°E）\n执行者\n：\nUAV-01\n：负责快递从快递站点到住宅区的配送\nUAV-02\n：负责快递从住宅区到商业区的配送\nUAV-03\n：负责快递从商业区到收件人手中\n任务优先级\n：高（确保快递准时送达，提高客户满意度）\n操作步骤\n：\nUAV-01\n于2023年9月15日 10:00在快递站点完成货物装载，确保以下系统正常：\n货物安全固定系统\n（确保货物在运输过程中不受损害）\nGPS定位系统\n（定位精度±10米，确保准确配送）\n于10:05起飞，前往住宅区，飞行参数如下：\n飞行高度\n：30米（避免人群密集区域，确保安全）\n巡航速度\n：15 km/h（保证配送效率）\nUAV-02\n于10:10从住宅区起飞，前往商业区，执行以下任务：\n在商业区执行快递收集，将快递分类并准备配送\n于10:25起飞，前往商业区，飞行参数与UAV-01相同\n\n——————————————————————————————————————————————————————————————————",
                "content1_msg": "无人机名字或代号：UAV-01、UAV-02、UAV-03  \n时间：2023年9月15日 10:00 – 11:30、2023年9月15日 10:00、2023年9月15日 10:05、2023年9月15日 10:10、2023年9月15日 10:25  \n地点：市内配送区域（坐标：39.9161°N, 116.3811°E）、快递站点、住宅区、商业区  \n任务优先级重要性：高  \n任务描述信息：负责快递从快递站点到住宅区的配送、负责快递从住宅区到商业区的配送、负责快递从商业区到收件人手中、于快递站点完成货物装载、确保货物安全固定系统正常、确保GPS定位系统正常、于10:05起飞前往住宅区、飞行高度30米、巡航速度15 km/h、于10:10从住宅区起飞前往商业区、在商业区执行快递收集并将快递分类准备配送、于10:25起飞前往商业区",
                "similarity": 0.7893171654628852
            }
        ]
    },
    {
        "content2_para": "UAV-01:\n实体关系：快递起飞\n时间：2023年9月15日 10:05\n地点：快递站点（坐标：39.9161°N, 116.3811°E）\n任务优先级重要性：高\n具体任务：起飞前往住宅区，飞行高度30米，巡航速度15 km/h。",
        "matches": [
            {
                "content1_para": "无人机快递收集与分类任务\n执行时间\n：2023年9月15日 10:10 – 10:25\n执行地点\n：住宅区（坐标：39.9161°N, 116.3811°E）\n执行者\n：\nUAV-02\n：负责从住宅区居民手中收集快递\n任务优先级\n：高（确保快递收集效率，减少地面配送时间）\n操作步骤\n：\nUAV-02\n于10:10到达住宅区，进行以下操作：",
                "content1_msg": "无人机名字或代号：UAV-02  \n时间：2023年9月15日 10:10 – 10:25  \n地点：住宅区（坐标：39.9161°N, 116.3811°E）  \n任务优先级重要性：高  \n任务描述信息：从住宅区居民手中收集快递，于10:10到达住宅区。",
                "similarity": 0.7911312833879143
            },
            {
                "content1_para": "无人机快递分类与配送任务\n执行时间\n：2023年9月15日 10:25 – 11:30\n执行地点\n：商业区（坐标：39.9161°N, 116.3811°E）\n执行者\n：\nUAV-02\n：负责将快递从住宅区运送到商业区，并进行分类\n任务优先级\n：高（确保快递分类准确，提高配送效率）\n操作步骤\n：\nUAV-02\n于10:25从住宅区起飞，前往商业区，执行以下任务：",
                "content1_msg": "无人机名字或代号：UAV-02  \n时间：2023年9月15日 10:25 – 11:30  \n地点：商业区（坐标：39.9161°N, 116.3811°E）  \n任务优先级重要性：高  \n任务描述信息：UAV-02于10:25从住宅区起飞，前往商业区，负责将快递从住宅区运送到商业区，并进行分类。",
                "similarity": 0.7720537254378358
            }
        ]
    },
    {
        "content2_para": "UAV-02:\n实体关系：快递收集\n时间：2023年9月15日 10:10\n地点：住宅区（坐标：39.9161°N, 116.3811°E）\n任务优先级重要性：高\n具体任务：识别并收集快递，确保快递正确标记并安全固定。",
        "matches": [
            {
                "content1_para": "无人机快递收集与分类任务\n执行时间\n：2023年9月15日 10:10 – 10:25\n执行地点\n：住宅区（坐标：39.9161°N, 116.3811°E）\n执行者\n：\nUAV-02\n：负责从住宅区居民手中收集快递\n任务优先级\n：高（确保快递收集效率，减少地面配送时间）\n操作步骤\n：\nUAV-02\n于10:10到达住宅区，进行以下操作：",
                "content1_msg": "无人机名字或代号：UAV-02  \n时间：2023年9月15日 10:10 – 10:25  \n地点：住宅区（坐标：39.9161°N, 116.3811°E）  \n任务优先级重要性：高  \n任务描述信息：从住宅区居民手中收集快递，于10:10到达住宅区。",
                "similarity": 0.8750791813724613
            },
            {
                "content1_para": "无人机快递分类与配送任务\n执行时间\n：2023年9月15日 10:25 – 11:30\n执行地点\n：商业区（坐标：39.9161°N, 116.3811°E）\n执行者\n：\nUAV-02\n：负责将快递从住宅区运送到商业区，并进行分类\n任务优先级\n：高（确保快递分类准确，提高配送效率）\n操作步骤\n：\nUAV-02\n于10:25从住宅区起飞，前往商业区，执行以下任务：",
                "content1_msg": "无人机名字或代号：UAV-02  \n时间：2023年9月15日 10:25 – 11:30  \n地点：商业区（坐标：39.9161°N, 116.3811°E）  \n任务优先级重要性：高  \n任务描述信息：UAV-02于10:25从住宅区起飞，前往商业区，负责将快递从住宅区运送到商业区，并进行分类。",
                "similarity": 0.7970179426229032
            }
        ]
    },
    {
        "content2_para": "UAV-02:\n实体关系：快递分类与准备\n时间：2023年9月15日 10:20\n地点：住宅区（坐标：39.9161°N, 116.3811°E）\n任务优先级重要性：高\n具体任务：完成所有快递的收集工作。",
        "matches": [
            {
                "content1_para": "无人机快递收集与分类任务\n执行时间\n：2023年9月15日 10:10 – 10:25\n执行地点\n：住宅区（坐标：39.9161°N, 116.3811°E）\n执行者\n：\nUAV-02\n：负责从住宅区居民手中收集快递\n任务优先级\n：高（确保快递收集效率，减少地面配送时间）\n操作步骤\n：\nUAV-02\n于10:10到达住宅区，进行以下操作：",
                "content1_msg": "无人机名字或代号：UAV-02  \n时间：2023年9月15日 10:10 – 10:25  \n地点：住宅区（坐标：39.9161°N, 116.3811°E）  \n任务优先级重要性：高  \n任务描述信息：从住宅区居民手中收集快递，于10:10到达住宅区。",
                "similarity": 0.8662217885960123
            },
            {
                "content1_para": "无人机快递分类与配送任务\n执行时间\n：2023年9月15日 10:25 – 11:30\n执行地点\n：商业区（坐标：39.9161°N, 116.3811°E）\n执行者\n：\nUAV-02\n：负责将快递从住宅区运送到商业区，并进行分类\n任务优先级\n：高（确保快递分类准确，提高配送效率）\n操作步骤\n：\nUAV-02\n于10:25从住宅区起飞，前往商业区，执行以下任务：",
                "content1_msg": "无人机名字或代号：UAV-02  \n时间：2023年9月15日 10:25 – 11:30  \n地点：商业区（坐标：39.9161°N, 116.3811°E）  \n任务优先级重要性：高  \n任务描述信息：UAV-02于10:25从住宅区起飞，前往商业区，负责将快递从住宅区运送到商业区，并进行分类。",
                "similarity": 0.805506060540879
            }
        ]
    },
    {
        "content2_para": "UAV-02:\n实体关系：快递分类与配送起飞\n时间：2023年9月15日 10:25\n地点：住宅区（坐标：39.9161°N, 116.3811°E）\n任务优先级重要性：高\n具体任务：起飞前往商业区，飞行高度30米，巡航速度15 km/h。",
        "matches": [
            {
                "content1_para": "无人机快递收集与分类任务\n执行时间\n：2023年9月15日 10:10 – 10:25\n执行地点\n：住宅区（坐标：39.9161°N, 116.3811°E）\n执行者\n：\nUAV-02\n：负责从住宅区居民手中收集快递\n任务优先级\n：高（确保快递收集效率，减少地面配送时间）\n操作步骤\n：\nUAV-02\n于10:10到达住宅区，进行以下操作：",
                "content1_msg": "无人机名字或代号：UAV-02  \n时间：2023年9月15日 10:10 – 10:25  \n地点：住宅区（坐标：39.9161°N, 116.3811°E）  \n任务优先级重要性：高  \n任务描述信息：从住宅区居民手中收集快递，于10:10到达住宅区。",
                "similarity": 0.8455932522613745
            },
            {
                "content1_para": "无人机快递分类与配送任务\n执行时间\n：2023年9月15日 10:25 – 11:30\n执行地点\n：商业区（坐标：39.9161°N, 116.3811°E）\n执行者\n：\nUAV-02\n：负责将快递从住宅区运送到商业区，并进行分类\n任务优先级\n：高（确保快递分类准确，提高配送效率）\n操作步骤\n：\nUAV-02\n于10:25从住宅区起飞，前往商业区，执行以下任务：",
                "content1_msg": "无人机名字或代号：UAV-02  \n时间：2023年9月15日 10:25 – 11:30  \n地点：商业区（坐标：39.9161°N, 116.3811°E）  \n任务优先级重要性：高  \n任务描述信息：UAV-02于10:25从住宅区起飞，前往商业区，负责将快递从住宅区运送到商业区，并进行分类。",
                "similarity": 0.8093713301215537
            }
        ]
    },
    {
        "content2_para": "UAV-02:\n实体关系：快递到达商业区\n时间：2023年9月15日 10:30\n地点：商业区（坐标：39.9161°N, 116.3811°E）\n任务优先级重要性：高\n具体任务：到达商业区，通过地面人员帮助，将快递分类并准备配送。",
        "matches": [
            {
                "content1_para": "无人机快递分类与配送任务\n执行时间\n：2023年9月15日 10:25 – 11:30\n执行地点\n：商业区（坐标：39.9161°N, 116.3811°E）\n执行者\n：\nUAV-02\n：负责将快递从住宅区运送到商业区，并进行分类\n任务优先级\n：高（确保快递分类准确，提高配送效率）\n操作步骤\n：\nUAV-02\n于10:25从住宅区起飞，前往商业区，执行以下任务：",
                "content1_msg": "无人机名字或代号：UAV-02  \n时间：2023年9月15日 10:25 – 11:30  \n地点：商业区（坐标：39.9161°N, 116.3811°E）  \n任务优先级重要性：高  \n任务描述信息：UAV-02于10:25从住宅区起飞，前往商业区，负责将快递从住宅区运送到商业区，并进行分类。",
                "similarity": 0.837428450129542
            },
            {
                "content1_para": "无人机快递收集与分类任务\n执行时间\n：2023年9月15日 10:10 – 10:25\n执行地点\n：住宅区（坐标：39.9161°N, 116.3811°E）\n执行者\n：\nUAV-02\n：负责从住宅区居民手中收集快递\n任务优先级\n：高（确保快递收集效率，减少地面配送时间）\n操作步骤\n：\nUAV-02\n于10:10到达住宅区，进行以下操作：",
                "content1_msg": "无人机名字或代号：UAV-02  \n时间：2023年9月15日 10:10 – 10:25  \n地点：住宅区（坐标：39.9161°N, 116.3811°E）  \n任务优先级重要性：高  \n任务描述信息：从住宅区居民手中收集快递，于10:10到达住宅区。",
                "similarity": 0.8163452552841071
            }
        ]
    },
    {
        "content2_para": "UAV-02:\n实体关系：快递配送起飞\n时间：2023年9月15日 10:35\n地点：商业区（坐标：39.9161°N, 116.3811°E）\n任务优先级重要性：高\n具体任务：起飞前往收件人指定的商业区，飞行高度30米，巡航速度15 km/h。",
        "matches": [
            {
                "content1_para": "无人机快递分类与配送任务\n执行时间\n：2023年9月15日 10:25 – 11:30\n执行地点\n：商业区（坐标：39.9161°N, 116.3811°E）\n执行者\n：\nUAV-02\n：负责将快递从住宅区运送到商业区，并进行分类\n任务优先级\n：高（确保快递分类准确，提高配送效率）\n操作步骤\n：\nUAV-02\n于10:25从住宅区起飞，前往商业区，执行以下任务：",
                "content1_msg": "无人机名字或代号：UAV-02  \n时间：2023年9月15日 10:25 – 11:30  \n地点：商业区（坐标：39.9161°N, 116.3811°E）  \n任务优先级重要性：高  \n任务描述信息：UAV-02于10:25从住宅区起飞，前往商业区，负责将快递从住宅区运送到商业区，并进行分类。",
                "similarity": 0.8253353577840165
            },
            {
                "content1_para": "无人机快递收集与分类任务\n执行时间\n：2023年9月15日 10:10 – 10:25\n执行地点\n：住宅区（坐标：39.9161°N, 116.3811°E）\n执行者\n：\nUAV-02\n：负责从住宅区居民手中收集快递\n任务优先级\n：高（确保快递收集效率，减少地面配送时间）\n操作步骤\n：\nUAV-02\n于10:10到达住宅区，进行以下操作：",
                "content1_msg": "无人机名字或代号：UAV-02  \n时间：2023年9月15日 10:10 – 10:25  \n地点：住宅区（坐标：39.9161°N, 116.3811°E）  \n任务优先级重要性：高  \n任务描述信息：从住宅区居民手中收集快递，于10:10到达住宅区。",
                "similarity": 0.8152319946384025
            }
        ]
    },
    {
        "content2_para": "UAV-03:\n实体关系：快递最后配送起飞\n时间：2023年9月15日 11:00\n地点：商业区（坐标：39.9161°N, 116.3811°E）\n任务优先级重要性：高\n具体任务：从商业区起飞，前往收件人指定位置，飞行高度50米，巡航速度10 km/h。",
        "matches": [
            {
                "content1_para": "无人机快递最后配送任务\n执行时间\n：2023年9月15日 11:00 – 11:30\n执行地点\n：商业区（坐标：39.9161°N, 116.3811°E）\n执行者\n：\nUAV-03\n：负责将快递从商业区运送到收件人手中\n任务优先级\n：高（确保快递及时送达，提升客户体验）\n操作步骤\n：\nUAV-03\n于11:00从商业区起飞，前往收件人指定的位置，飞行参数如下：\n飞行高度\n：50米（避免高楼遮挡）\n巡航速度\n：10 km/h（确保安全送达）\n于11:30将快递成功送达收件人手中，任务完成。",
                "content1_msg": "无人机名字或代号：UAV-03  \n时间：2023年9月15日 11:00 – 11:30、2023年9月15日 11:00、2023年9月15日 11:30  \n地点：商业区（坐标：39.9161°N, 116.3811°E）  \n任务优先级重要性：高  \n任务描述信息：UAV-03负责将快递从商业区运送到收件人手中，于11:00从商业区起飞，飞行高度为50米，巡航速度为10 km/h，于11:30将快递成功送达收件人手中，任务完成。",
                "similarity": 0.8388899520463751
            },
            {
                "content1_para": "无人机快递分类与配送任务\n执行时间\n：2023年9月15日 10:25 – 11:30\n执行地点\n：商业区（坐标：39.9161°N, 116.3811°E）\n执行者\n：\nUAV-02\n：负责将快递从住宅区运送到商业区，并进行分类\n任务优先级\n：高（确保快递分类准确，提高配送效率）\n操作步骤\n：\nUAV-02\n于10:25从住宅区起飞，前往商业区，执行以下任务：",
                "content1_msg": "无人机名字或代号：UAV-02  \n时间：2023年9月15日 10:25 – 11:30  \n地点：商业区（坐标：39.9161°N, 116.3811°E）  \n任务优先级重要性：高  \n任务描述信息：UAV-02于10:25从住宅区起飞，前往商业区，负责将快递从住宅区运送到商业区，并进行分类。",
                "similarity": 0.7851687249912485
            }
        ]
    },
    {
        "content2_para": "UAV-03:\n实体关系：快递送达\n时间：2023年9月15日 11:30\n地点：商业区（坐标：39.9161°N, 116.3811°E）\n任务优先级重要性：高\n具体任务：将快递成功送达收件人手中，任务完成。",
        "matches": [
            {
                "content1_para": "无人机快递最后配送任务\n执行时间\n：2023年9月15日 11:00 – 11:30\n执行地点\n：商业区（坐标：39.9161°N, 116.3811°E）\n执行者\n：\nUAV-03\n：负责将快递从商业区运送到收件人手中\n任务优先级\n：高（确保快递及时送达，提升客户体验）\n操作步骤\n：\nUAV-03\n于11:00从商业区起飞，前往收件人指定的位置，飞行参数如下：\n飞行高度\n：50米（避免高楼遮挡）\n巡航速度\n：10 km/h（确保安全送达）\n于11:30将快递成功送达收件人手中，任务完成。",
                "content1_msg": "无人机名字或代号：UAV-03  \n时间：2023年9月15日 11:00 – 11:30、2023年9月15日 11:00、2023年9月15日 11:30  \n地点：商业区（坐标：39.9161°N, 116.3811°E）  \n任务优先级重要性：高  \n任务描述信息：UAV-03负责将快递从商业区运送到收件人手中，于11:00从商业区起飞，飞行高度为50米，巡航速度为10 km/h，于11:30将快递成功送达收件人手中，任务完成。",
                "similarity": 0.814163788901074
            },
            {
                "content1_para": "无人机快递分类与配送任务\n执行时间\n：2023年9月15日 10:25 – 11:30\n执行地点\n：商业区（坐标：39.9161°N, 116.3811°E）\n执行者\n：\nUAV-02\n：负责将快递从住宅区运送到商业区，并进行分类\n任务优先级\n：高（确保快递分类准确，提高配送效率）\n操作步骤\n：\nUAV-02\n于10:25从住宅区起飞，前往商业区，执行以下任务：",
                "content1_msg": "无人机名字或代号：UAV-02  \n时间：2023年9月15日 10:25 – 11:30  \n地点：商业区（坐标：39.9161°N, 116.3811°E）  \n任务优先级重要性：高  \n任务描述信息：UAV-02于10:25从住宅区起飞，前往商业区，负责将快递从住宅区运送到商业区，并进行分类。",
                "similarity": 0.7916323573384889
            }
        ]
    }
]