[
    {
        "paragraph": "无人机集群灾害救援投送任务\n执行时间\n：2023年8月15日 09:00 – 12:00\n执行地点\n：洪山区受灾区域（坐标：30.5291°N, 114.3147°E）\n执行者\n：\nUAV-1至UAV-5\n：组成救援投送无人机集群\n任务优先级\n：极高（确保受灾群众及时获得救援物资）\n重要性\n：关键（直接影响救援效率与受灾群众生命安全）\n操作步骤\n：\n任务准备\n（2023年8月15日 09:00）\nUAV-1至UAV-5\n进行全面系统检查，确保所有飞行系统、通讯设备、投送系统正常运作。\n检查无人机电池电量，确保电量充足，完成紧急降落后备用电池更换。\nUAV-2\n负责检查投送物资清单，确保物资符合救援需求，包括食物、水、医疗用品等。\n通讯测试\n（2023年8月15日 09:10）\nUAV-1至UAV-5\n与地面指挥中心建立稳定的数据链路，确保任务期间通讯无障碍。\nUAV-5\n进行最后的通讯测试，确保所有无人机与指挥中心的数据传输流畅。\n\n投送准备\n（2023年8月15日 09:20）\nUAV-1至UAV-4\n按照预定投送路线进行起飞准备，设定飞行高度和速度。\nUAV-2\n确认投送物资已经正确装载到无人机货仓中，并",
        "key_message": "无人机名字或代号：UAV-1、UAV-2、UAV-3、UAV-4、UAV-5  \n时间：2023年8月15日 09:00 – 12:00、2023年8月15日 09:00、2023年8月15日 09:10、2023年8月15日 09:20  \n地点：洪山区受灾区域（坐标：30.5291°N, 114.3147°E）  \n任务优先级重要性：极高（确保受灾群众及时获得救援物资）、关键（直接影响救援效率与受灾群众生命安全）  \n任务描述信息：组成救援投送无人机集群；进行全面系统检查，确保所有飞行系统、通讯设备、投送系统正常运作；检查无人机电池电量，确保电量充足，完成紧急降落后备用电池更换；UAV-2负责检查投送物资清单，确保物资符合救援需求，包括食物、水、医疗用品等；与地面指挥中心建立稳定的数据链路，确保任务期间通讯无障碍；UAV-5进行最后的通讯测试，确保所有无人机与指挥中心的数据传输流畅；按照预定投送路线进行起飞准备，设定飞行高度和速度；确认投送物资已经正确装载到无人机货仓中。"
    },
    {
        "paragraph": "和速度。\nUAV-2\n确认投送物资已经正确装载到无人机货仓中，并固定牢固。\n\n投送执行\n（2023年8月15日 09:30 – 11:00）\nUAV-1\n作为领航无人机，在指定时间内（09:30）起飞，沿预定路线飞行，保持与地面指挥中心通讯。\nUAV-2\n在UAV-1起飞后5分钟（09:35）起飞，投送第一批次物资至指定受灾区域。\nUAV-3\n在UAV-2起飞后10分钟（09:45）起飞，投送第二批次物资。\nUAV-4\n在UAV-3起飞后15分钟（09:50）起飞，投送第三批次物资。\nUAV-5\n在UAV-4起飞后5分钟（09:55）起飞，作为备用无人机，随时准备接替任何一台出现问题的无人机。\n\n投送监控\n（2023年8月15日 11:00）\nUAV-1至UAV-4\n在投送过程中，持续监控物资投放情况，确保物资准确投放至指定区域。\nUAV-2\n在UAV-1起飞后40分钟（10:10）报告第一批次物资投放完成。\nUAV-3\n在UAV-2起飞后30分钟（10:40）报告第二批次物资投放完成。\nUAV-4\n在UAV-3起飞后20分钟（10:50）报告第三批次物资投放完成。\n\n任务结束\n（2023年8月15日 12:",
        "key_message": "无人机名字或代号：UAV-1、UAV-2、UAV-3、UAV-4、UAV-5  \n时间：2023年8月15日 09:30 – 11:00、2023年8月15日 09:30、2023年8月15日 09:35、2023年8月15日 09:45、2023年8月15日 09:50、2023年8月15日 09:55、2023年8月15日 10:10、2023年8月15日 10:40、2023年8月15日 10:50  \n地点：未提及  \n任务优先级重要性：未提及  \n任务描述信息：确认投送物资已经正确装载到无人机货仓中，并固定牢固。作为领航无人机，在指定时间内（09:30）起飞，沿预定路线飞行，保持与地面指挥中心通讯。在UAV-1起飞后5分钟（09:35）起飞，投送第一批次物资至指定受灾区域。在UAV-2起飞后10分钟（09:45）起飞，投送第二批次物资。在UAV-3起飞后15分钟（09:50）起飞，投送第三批次物资。在UAV-4起飞后5分钟（09:55）起飞，作为备用无人机，随时准备接替任何一台出现问题的无人机。在投送过程中，持续监控物资投放情况，确保物资准确投放至指定区域。在UAV-1起飞后40分钟（10:10）报告第一批次物资投放完成。在UAV-2起飞后30分钟（10:40）报告第二批次物资投放完成。在UAV-3起飞后20分钟（10:50）报告第三批次物资投放完成。"
    },
    {
        "paragraph": "三批次物资投放完成。\n\n任务结束\n（2023年8月15日 12:00）\nUAV-1至UAV-5\n完成任务后，在指定时间（12:00）返回临时无人机调度站。\nUAV-2\n向地面指挥中心汇报任务完成情况，确认所有物资已成功投送。\nUAV-5\n负责最后的数据传输，确保所有无人机数据安全返回地面指挥中心。\n\n————————————————————————————————————————————————————————————————————————————————-",
        "key_message": "无人机名字或代号：UAV-1、UAV-2、UAV-3、UAV-4、UAV-5  \n时间：2023年8月15日 12:00  \n地点：临时无人机调度站  \n任务优先级重要性：未提及  \n任务描述信息：三批次物资投放完成；UAV-2向地面指挥中心汇报任务完成情况，确认所有物资已成功投送；UAV-5负责最后的数据传输，确保所有无人机数据安全返回地面指挥中心；完成任务后，在指定时间（12:00）返回临时无人机调度站。"
    },
    {
        "paragraph": "无人机集群受灾区域实时监测任务\n执行时间\n：2023年8月15日 13:00 – 16:00\n执行地点\n：洪山区受灾区域（坐标：30.5291°N, 114.3147°E）\n执行者\n：\nUAV-6至UAV-10\n：组成监测无人机集群\n任务优先级\n：高（确保救援区域安全，及时发现新的受灾情况）\n重要性\n：关键（为后续救援行动提供实时信息支持）\n操作步骤\n：\n任务准备\n（2023年8月15日 13:00）\nUAV-6至UAV-10\n进行系统检查，确保所有飞行系统、通讯设备、监控设备正常运作。\nUAV-7\n检查监控设备，确保红外、热成像、高清摄像头等设备能够正常工作。\n\n起飞与巡航\n（2023年8月15日 13:10）\nUAV-6\n作为领航无人机，在指定时间内（13:10）起飞，沿预定路线飞行，保持与地面指挥中心通讯。\nUAV-7至UAV-10\n在UAV-6起飞后依次起飞，分别负责不同区域的监测任务。\n\n监测执行\n（2023年8月15日 13:15 – 15:30）\nUAV-7\n负责监测受灾区域的北半部分，飞行高度150米，巡航速度30 km/h。\nUAV-8\n负责监测受灾区域的南半部分，飞行高度150米，巡航速度",
        "key_message": "无人机名字或代号：UAV-6、UAV-7、UAV-8、UAV-9、UAV-10  \n时间：2023年8月15日 13:00 – 16:00、2023年8月15日 13:00、2023年8月15日 13:10、2023年8月15日 13:15 – 15:30  \n地点：洪山区受灾区域（坐标：30.5291°N, 114.3147°E）  \n任务优先级重要性：高、关键  \n任务描述信息：  \n- UAV-6至UAV-10进行系统检查，确保所有飞行系统、通讯设备、监控设备正常运作。  \n- UAV-7检查监控设备，确保红外、热成像、高清摄像头等设备能够正常工作。  \n- UAV-6作为领航无人机，在指定时间内（13:10）起飞，沿预定路线飞行，保持与地面指挥中心通讯。  \n- UAV-7至UAV-10在UAV-6起飞后依次起飞，分别负责不同区域的监测任务。  \n- UAV-7负责监测受灾区域的北半部分，飞行高度150米，巡航速度30 km/h。  \n- UAV-8负责监测受灾区域的南半部分，飞行高度150米，巡航速度未提及。"
    },
    {
        "paragraph": "AV-8\n负责监测受灾区域的南半部分，飞行高度150米，巡航速度30 km/h。\nUAV-9\n负责监测受灾区域的东半部分，飞行高度150米，巡航速度30 km/h。\nUAV-10\n负责监测受灾区域的西半部分，飞行高度150米，巡航速度30 km/h。\n\n数据传输\n（2023年8月15日 15:30）\nUAV-7至UAV-10\n将监测到的实时数据传输至地面指挥中心，包括受灾区域的热点、人员聚集情况等。\n\n任务结束\n（2023年8月15日 16:00）\nUAV-6至UAV-10\n在指定时间（16:00）返回临时无人机调度站。\nUAV-7\n向地面指挥中心汇报任务完成情况，确认所有区域已成功监测。",
        "key_message": "无人机名字或代号：AV-8、UAV-9、UAV-10、UAV-7、UAV-6  \n时间：2023年8月15日 15:30、2023年8月15日 16:00  \n地点：受灾区域、临时无人机调度站、地面指挥中心  \n任务优先级重要性：未提及  \n任务描述信息：  \n- 负责监测受灾区域的南半部分，飞行高度150米，巡航速度30 km/h。  \n- 负责监测受灾区域的东半部分，飞行高度150米，巡航速度30 km/h。  \n- 负责监测受灾区域的西半部分，飞行高度150米，巡航速度30 km/h。  \n- 将监测到的实时数据传输至地面指挥中心，包括受灾区域的热点、人员聚集情况等。  \n- 在指定时间（16:00）返回临时无人机调度站。  \n- 向地面指挥中心汇报任务完成情况，确认所有区域已成功监测。"
    }
]