[
    {
        "paragraph": "UAV-1:\n时间：2023年8月15日 09:00\n地点：洪山区受灾区域（30.5291°N, 114.3147°E）\n任务优先级重要性：极高\n具体任务：进行全面系统检查，确保飞行系统、通讯设备、投送系统正常运作。"
    },
    {
        "paragraph": "UAV-2:\n时间：2023年8月15日 09:00\n地点：洪山区受灾区域（30.5291°N, 114.3147°E）\n任务优先级重要性：极高\n具体任务：检查投送物资清单，确保物资符合救援需求。"
    },
    {
        "paragraph": "UAV-3:\n时间：2023年8月15日 09:10\n地点：洪山区受灾区域（30.5291°N, 114.3147°E）\n任务优先级重要性：极高\n具体任务：与地面指挥中心建立稳定数据链路。"
    },
    {
        "paragraph": "UAV-4:\n时间：2023年8月15日 09:20\n地点：洪山区受灾区域（30.5291°N, 114.3147°E）\n任务优先级重要性：极高\n具体任务：进行起飞准备，设定飞行高度和速度。"
    },
    {
        "paragraph": "UAV-5:\n时间：2023年8月15日 09:20\n地点：洪山区受灾区域（30.5291°N, 114.3147°E）\n任务优先级重要性：极高\n具体任务：确认投送物资已正确装载并固定牢固。"
    },
    {
        "paragraph": "UAV-1至UAV-5:\n时间：2023年8月15日 09:30 – 11:00\n地点：洪山区受灾区域（30.5291°N, 114.3147°E）\n任务优先级重要性：极高\n具体任务：UAV-1起飞领航，UAV-2、UAV-3、UAV-4、UAV-5依次投送物资。"
    },
    {
        "paragraph": "UAV-1至UAV-4:\n时间：2023年8月15日 11:00\n地点：洪山区受灾区域（30.5291°N, 114.3147°E）\n任务优先级重要性：极高\n具体任务：持续监控物资投放情况，确保准确投放。"
    },
    {
        "paragraph": "UAV-1至UAV-5:\n时间：2023年8月15日 12:00\n地点：洪山区受灾区域（30.5291°N, 114.3147°E）\n任务优先级重要性：极高\n具体任务：完成任务后返回临时无人机调度站，UAV-2汇报任务完成情况，UAV-5负责数据传输。"
    },
    {
        "paragraph": "UAV-6:\n时间：2023年8月15日 13:10\n地点：洪山区受灾区域（30.5291°N, 114.3147°E）\n任务优先级重要性：高\n具体任务：作为领航无人机起飞，沿预定路线飞行，保持与地面指挥中心通讯。"
    },
    {
        "paragraph": "UAV-7至UAV-10:\n时间：2023年8月15日 13:10\n地点：洪山区受灾区域（30.5291°N, 114.3147°E）\n任务优先级重要性：高\n具体任务：依次起飞，分别负责不同区域的监测任务。"
    },
    {
        "paragraph": "UAV-7至UAV-10:\n时间：2023年8月15日 13:15 – 15:30\n地点：洪山区受灾区域（30.5291°N, 114.3147°E）\n任务优先级重要性：高\n具体任务：分别监测受灾区域的北、南、东、西半部分。"
    },
    {
        "paragraph": "UAV-7至UAV-10:\n时间：2023年8月15日 15:30\n地点：洪山区受灾区域（30.5291°N, 114.3147°E）\n任务优先级重要性：高\n具体任务：将监测到的实时数据传输至地面指挥中心。"
    },
    {
        "paragraph": "UAV-6至UAV-10:\n时间：2023年8月15日 16:00\n地点：洪山区受灾区域（30.5291°N, 114.3147°E）\n任务优先级重要性：高\n具体任务：返回临时无人机调度站，UAV-7汇报任务完成情况。"
    }
]