[
    {
        "paragraph": "UAV-1:\n实体关系：受灾区域全景拍摄\n时间：2023年8月15日 10:00\n地点：河南省郑州市（34.7466°N, 113.6499°E）\n任务优先级重要性：高\n具体任务：起飞，准备拍摄受灾区域全景照片。"
    },
    {
        "paragraph": "UAV-2:\n实体关系：水文数据收集\n时间：2023年8月15日 10:15\n地点：河南省郑州市（34.7466°N, 113.6499°E）\n任务优先级重要性：高\n具体任务：起飞，准备收集受灾区域的水文数据。"
    },
    {
        "paragraph": "UAV-3:\n实体关系：空气质量检测\n时间：2023年8月15日 10:30\n地点：河南省郑州市（34.7466°N, 113.6499°E）\n任务优先级重要性：高\n具体任务：起飞，准备检测受灾区域的空气质量。"
    },
    {
        "paragraph": "UAV-4:\n实体关系：备用无人机\n时间：2023年8月15日 11:15\n地点：河南省郑州市（34.7466°N, 113.6499°E）\n任务优先级重要性：高\n具体任务：待命，准备接管任务或进行数据备份。"
    },
    {
        "paragraph": "UAV-5:\n实体关系：救援物资投放\n时间：2023年8月15日 12:00\n地点：河南省郑州市（34.7466°N, 113.6499°E）\n任务优先级重要性：极高\n具体任务：起飞，准备投放救援物资。"
    },
    {
        "paragraph": "UAV-6:\n实体关系：物资投放监控\n时间：2023年8月15日 12:15\n地点：河南省郑州市（34.7466°N, 113.6499°E）\n任务优先级重要性：极高\n具体任务：起飞，准备监控UAV-5的物资投放过程。"
    },
    {
        "paragraph": "UAV-7:\n实体关系：备用无人机\n时间：2023年8月15日 13:15\n地点：河南省郑州市（34.7466°N, 113.6499°E）\n任务优先级重要性：极高\n具体任务：待命，准备接管任务或进行物资补充。"
    }
]