[
    {
        "content2_para": "UAV-01:\n实体关系：侦察任务\n时间：2025年8月15日 08:00 – 08:30\n地点：34.7568°N, 113.6547°E\n任务优先级重要性：极高\n具体任务：进行设备自检与环境适配，确保红外热成像、高分辨率摄像头、导航系统和数据回传模块正常工作，电量≥90%，飞行时间≥2小时。",
        "matches": [
            {
                "content1_para": "无人机准备与设备检查\n执行时间：2025年8月15日 08:00 – 08:30\n执行地点：河南省郑州市金水区某次山体滑坡灾害现场附近（坐标：34.7568°N, 113.6547°E）\n执行者：\nUAV-01至UAV-05\n：负责侦察现场地形与受困人员分布\n任务优先级：极高（快速获取现场信息，为救援行动提供决策支持）\n操作步骤：\n设备自检与环境适配（2025年8月15日 08:00 – 08:10）\nUAV-01至UAV-05依次进行系统检查，确保以下核心模块正常工作：\n- 红外热成像摄像头（检测生命迹象）\n- 高分辨率摄像头（记录现场环境）\n- 飞行导航系统（GPS定位，确保精确航线）\n- 数据回传模块（4G实时传输，确保延迟不超过5秒）\n电量检查：确保每架无人机电量≥90%，飞行时间≥2小时。\n侦察路径规划（2025年8月15日 08:10 – 08:30）\nUAV-01负责滑坡上游区域侦察\nUAV-02负责滑坡中游区域侦察\nUAV-03负责滑坡下游区域侦察\nUAV-04负责滑坡东侧区域侦察\nUAV-05负责滑坡西侧区域侦察\n\n——————————————————————————————————————",
                "content1_msg": "无人机名字或代号：UAV-01、UAV-02、UAV-03、UAV-04、UAV-05  \n时间：2025年8月15日 08:00 – 08:30、2025年8月15日 08:00 – 08:10、2025年8月15日 08:10 – 08:30  \n地点：河南省郑州市金水区某次山体滑坡灾害现场附近（坐标：34.7568°N, 113.6547°E）  \n任务优先级重要性：极高  \n任务描述信息：负责侦察现场地形与受困人员分布；设备自检与环境适配；电量检查；侦察路径规划；UAV-01负责滑坡上游区域侦察；UAV-02负责滑坡中游区域侦察；UAV-03负责滑坡下游区域侦察；UAV-04负责滑坡东侧区域侦察；UAV-05负责滑坡西侧区域侦察。",
                "similarity": 0.8500869750990658
            },
            {
                "content1_para": "无人机集群紧急侦察执行\n执行时间：2025年8月15日 08:30 – 09:30\n执行地点：河南省郑州市金水区山体滑坡灾害现场\n执行者：\nUAV-01至UAV-05\n：负责侦察现场地形与受困人员分布\n任务优先级：极高（快速获取现场信息，为救援行动提供决策支持）\n操作步骤：\nUAV-01于08:30起飞，执行以下侦察任务：\n- 飞行高度：200m（确保覆盖范围广，同时避免影响地面救援）\n- 飞行速度：20 km/h（确保侦察效率）\n- 侦察频率：每30秒进行一次全面扫描，记录红外热成像数据和高分辨率影像\n\nUAV-02至UAV-05按照预定时间表依次起飞，执行相同的侦察任务，覆盖不同区域。\n\n————————————————————————————————————————————————————————————————————————————————-",
                "content1_msg": "无人机名字或代号：UAV-01、UAV-02、UAV-03、UAV-04、UAV-05  \n时间：2025年8月15日 08:30 – 09:30、2025年8月15日 08:30  \n地点：河南省郑州市金水区山体滑坡灾害现场  \n任务优先级重要性：极高  \n任务描述信息：负责侦察现场地形与受困人员分布；UAV-01于08:30起飞，飞行高度200m，飞行速度20 km/h，每30秒进行一次全面扫描，记录红外热成像数据和高分辨率影像；UAV-02至UAV-05依次起飞，执行相同侦察任务，覆盖不同区域。",
                "similarity": 0.7113966952758701
            }
        ]
    },
    {
        "content2_para": "UAV-02:\n实体关系：侦察任务\n时间：2025年8月15日 08:10 – 08:30\n地点：34.7568°N, 113.6547°E\n任务优先级重要性：极高\n具体任务：负责滑坡中游区域侦察。",
        "matches": [
            {
                "content1_para": "无人机准备与设备检查\n执行时间：2025年8月15日 08:00 – 08:30\n执行地点：河南省郑州市金水区某次山体滑坡灾害现场附近（坐标：34.7568°N, 113.6547°E）\n执行者：\nUAV-01至UAV-05\n：负责侦察现场地形与受困人员分布\n任务优先级：极高（快速获取现场信息，为救援行动提供决策支持）\n操作步骤：\n设备自检与环境适配（2025年8月15日 08:00 – 08:10）\nUAV-01至UAV-05依次进行系统检查，确保以下核心模块正常工作：\n- 红外热成像摄像头（检测生命迹象）\n- 高分辨率摄像头（记录现场环境）\n- 飞行导航系统（GPS定位，确保精确航线）\n- 数据回传模块（4G实时传输，确保延迟不超过5秒）\n电量检查：确保每架无人机电量≥90%，飞行时间≥2小时。\n侦察路径规划（2025年8月15日 08:10 – 08:30）\nUAV-01负责滑坡上游区域侦察\nUAV-02负责滑坡中游区域侦察\nUAV-03负责滑坡下游区域侦察\nUAV-04负责滑坡东侧区域侦察\nUAV-05负责滑坡西侧区域侦察\n\n——————————————————————————————————————",
                "content1_msg": "无人机名字或代号：UAV-01、UAV-02、UAV-03、UAV-04、UAV-05  \n时间：2025年8月15日 08:00 – 08:30、2025年8月15日 08:00 – 08:10、2025年8月15日 08:10 – 08:30  \n地点：河南省郑州市金水区某次山体滑坡灾害现场附近（坐标：34.7568°N, 113.6547°E）  \n任务优先级重要性：极高  \n任务描述信息：负责侦察现场地形与受困人员分布；设备自检与环境适配；电量检查；侦察路径规划；UAV-01负责滑坡上游区域侦察；UAV-02负责滑坡中游区域侦察；UAV-03负责滑坡下游区域侦察；UAV-04负责滑坡东侧区域侦察；UAV-05负责滑坡西侧区域侦察。",
                "similarity": 0.8214680276603771
            },
            {
                "content1_para": "无人机集群紧急侦察执行\n执行时间：2025年8月15日 08:30 – 09:30\n执行地点：河南省郑州市金水区山体滑坡灾害现场\n执行者：\nUAV-01至UAV-05\n：负责侦察现场地形与受困人员分布\n任务优先级：极高（快速获取现场信息，为救援行动提供决策支持）\n操作步骤：\nUAV-01于08:30起飞，执行以下侦察任务：\n- 飞行高度：200m（确保覆盖范围广，同时避免影响地面救援）\n- 飞行速度：20 km/h（确保侦察效率）\n- 侦察频率：每30秒进行一次全面扫描，记录红外热成像数据和高分辨率影像\n\nUAV-02至UAV-05按照预定时间表依次起飞，执行相同的侦察任务，覆盖不同区域。\n\n————————————————————————————————————————————————————————————————————————————————-",
                "content1_msg": "无人机名字或代号：UAV-01、UAV-02、UAV-03、UAV-04、UAV-05  \n时间：2025年8月15日 08:30 – 09:30、2025年8月15日 08:30  \n地点：河南省郑州市金水区山体滑坡灾害现场  \n任务优先级重要性：极高  \n任务描述信息：负责侦察现场地形与受困人员分布；UAV-01于08:30起飞，飞行高度200m，飞行速度20 km/h，每30秒进行一次全面扫描，记录红外热成像数据和高分辨率影像；UAV-02至UAV-05依次起飞，执行相同侦察任务，覆盖不同区域。",
                "similarity": 0.6933925656232403
            }
        ]
    },
    {
        "content2_para": "UAV-03:\n实体关系：侦察任务\n时间：2025年8月15日 08:10 – 08:30\n地点：34.7568°N, 113.6547°E\n任务优先级重要性：极高\n具体任务：负责滑坡下游区域侦察。",
        "matches": [
            {
                "content1_para": "无人机准备与设备检查\n执行时间：2025年8月15日 08:00 – 08:30\n执行地点：河南省郑州市金水区某次山体滑坡灾害现场附近（坐标：34.7568°N, 113.6547°E）\n执行者：\nUAV-01至UAV-05\n：负责侦察现场地形与受困人员分布\n任务优先级：极高（快速获取现场信息，为救援行动提供决策支持）\n操作步骤：\n设备自检与环境适配（2025年8月15日 08:00 – 08:10）\nUAV-01至UAV-05依次进行系统检查，确保以下核心模块正常工作：\n- 红外热成像摄像头（检测生命迹象）\n- 高分辨率摄像头（记录现场环境）\n- 飞行导航系统（GPS定位，确保精确航线）\n- 数据回传模块（4G实时传输，确保延迟不超过5秒）\n电量检查：确保每架无人机电量≥90%，飞行时间≥2小时。\n侦察路径规划（2025年8月15日 08:10 – 08:30）\nUAV-01负责滑坡上游区域侦察\nUAV-02负责滑坡中游区域侦察\nUAV-03负责滑坡下游区域侦察\nUAV-04负责滑坡东侧区域侦察\nUAV-05负责滑坡西侧区域侦察\n\n——————————————————————————————————————",
                "content1_msg": "无人机名字或代号：UAV-01、UAV-02、UAV-03、UAV-04、UAV-05  \n时间：2025年8月15日 08:00 – 08:30、2025年8月15日 08:00 – 08:10、2025年8月15日 08:10 – 08:30  \n地点：河南省郑州市金水区某次山体滑坡灾害现场附近（坐标：34.7568°N, 113.6547°E）  \n任务优先级重要性：极高  \n任务描述信息：负责侦察现场地形与受困人员分布；设备自检与环境适配；电量检查；侦察路径规划；UAV-01负责滑坡上游区域侦察；UAV-02负责滑坡中游区域侦察；UAV-03负责滑坡下游区域侦察；UAV-04负责滑坡东侧区域侦察；UAV-05负责滑坡西侧区域侦察。",
                "similarity": 0.8221936546058727
            },
            {
                "content1_para": "无人机集群紧急侦察执行\n执行时间：2025年8月15日 08:30 – 09:30\n执行地点：河南省郑州市金水区山体滑坡灾害现场\n执行者：\nUAV-01至UAV-05\n：负责侦察现场地形与受困人员分布\n任务优先级：极高（快速获取现场信息，为救援行动提供决策支持）\n操作步骤：\nUAV-01于08:30起飞，执行以下侦察任务：\n- 飞行高度：200m（确保覆盖范围广，同时避免影响地面救援）\n- 飞行速度：20 km/h（确保侦察效率）\n- 侦察频率：每30秒进行一次全面扫描，记录红外热成像数据和高分辨率影像\n\nUAV-02至UAV-05按照预定时间表依次起飞，执行相同的侦察任务，覆盖不同区域。\n\n————————————————————————————————————————————————————————————————————————————————-",
                "content1_msg": "无人机名字或代号：UAV-01、UAV-02、UAV-03、UAV-04、UAV-05  \n时间：2025年8月15日 08:30 – 09:30、2025年8月15日 08:30  \n地点：河南省郑州市金水区山体滑坡灾害现场  \n任务优先级重要性：极高  \n任务描述信息：负责侦察现场地形与受困人员分布；UAV-01于08:30起飞，飞行高度200m，飞行速度20 km/h，每30秒进行一次全面扫描，记录红外热成像数据和高分辨率影像；UAV-02至UAV-05依次起飞，执行相同侦察任务，覆盖不同区域。",
                "similarity": 0.6941440609845684
            }
        ]
    },
    {
        "content2_para": "UAV-04:\n实体关系：侦察任务\n时间：2025年8月15日 08:10 – 08:30\n地点：34.7568°N, 113.6547°E\n任务优先级重要性：极高\n具体任务：负责滑坡东侧区域侦察。",
        "matches": [
            {
                "content1_para": "无人机准备与设备检查\n执行时间：2025年8月15日 08:00 – 08:30\n执行地点：河南省郑州市金水区某次山体滑坡灾害现场附近（坐标：34.7568°N, 113.6547°E）\n执行者：\nUAV-01至UAV-05\n：负责侦察现场地形与受困人员分布\n任务优先级：极高（快速获取现场信息，为救援行动提供决策支持）\n操作步骤：\n设备自检与环境适配（2025年8月15日 08:00 – 08:10）\nUAV-01至UAV-05依次进行系统检查，确保以下核心模块正常工作：\n- 红外热成像摄像头（检测生命迹象）\n- 高分辨率摄像头（记录现场环境）\n- 飞行导航系统（GPS定位，确保精确航线）\n- 数据回传模块（4G实时传输，确保延迟不超过5秒）\n电量检查：确保每架无人机电量≥90%，飞行时间≥2小时。\n侦察路径规划（2025年8月15日 08:10 – 08:30）\nUAV-01负责滑坡上游区域侦察\nUAV-02负责滑坡中游区域侦察\nUAV-03负责滑坡下游区域侦察\nUAV-04负责滑坡东侧区域侦察\nUAV-05负责滑坡西侧区域侦察\n\n——————————————————————————————————————",
                "content1_msg": "无人机名字或代号：UAV-01、UAV-02、UAV-03、UAV-04、UAV-05  \n时间：2025年8月15日 08:00 – 08:30、2025年8月15日 08:00 – 08:10、2025年8月15日 08:10 – 08:30  \n地点：河南省郑州市金水区某次山体滑坡灾害现场附近（坐标：34.7568°N, 113.6547°E）  \n任务优先级重要性：极高  \n任务描述信息：负责侦察现场地形与受困人员分布；设备自检与环境适配；电量检查；侦察路径规划；UAV-01负责滑坡上游区域侦察；UAV-02负责滑坡中游区域侦察；UAV-03负责滑坡下游区域侦察；UAV-04负责滑坡东侧区域侦察；UAV-05负责滑坡西侧区域侦察。",
                "similarity": 0.8248308621139598
            },
            {
                "content1_para": "无人机集群紧急侦察执行\n执行时间：2025年8月15日 08:30 – 09:30\n执行地点：河南省郑州市金水区山体滑坡灾害现场\n执行者：\nUAV-01至UAV-05\n：负责侦察现场地形与受困人员分布\n任务优先级：极高（快速获取现场信息，为救援行动提供决策支持）\n操作步骤：\nUAV-01于08:30起飞，执行以下侦察任务：\n- 飞行高度：200m（确保覆盖范围广，同时避免影响地面救援）\n- 飞行速度：20 km/h（确保侦察效率）\n- 侦察频率：每30秒进行一次全面扫描，记录红外热成像数据和高分辨率影像\n\nUAV-02至UAV-05按照预定时间表依次起飞，执行相同的侦察任务，覆盖不同区域。\n\n————————————————————————————————————————————————————————————————————————————————-",
                "content1_msg": "无人机名字或代号：UAV-01、UAV-02、UAV-03、UAV-04、UAV-05  \n时间：2025年8月15日 08:30 – 09:30、2025年8月15日 08:30  \n地点：河南省郑州市金水区山体滑坡灾害现场  \n任务优先级重要性：极高  \n任务描述信息：负责侦察现场地形与受困人员分布；UAV-01于08:30起飞，飞行高度200m，飞行速度20 km/h，每30秒进行一次全面扫描，记录红外热成像数据和高分辨率影像；UAV-02至UAV-05依次起飞，执行相同侦察任务，覆盖不同区域。",
                "similarity": 0.6972530988606975
            }
        ]
    },
    {
        "content2_para": "UAV-05:\n实体关系：侦察任务\n时间：2025年8月15日 08:10 – 08:30\n地点：34.7568°N, 113.6547°E\n任务优先级重要性：极高\n具体任务：负责滑坡西侧区域侦察。",
        "matches": [
            {
                "content1_para": "无人机准备与设备检查\n执行时间：2025年8月15日 08:00 – 08:30\n执行地点：河南省郑州市金水区某次山体滑坡灾害现场附近（坐标：34.7568°N, 113.6547°E）\n执行者：\nUAV-01至UAV-05\n：负责侦察现场地形与受困人员分布\n任务优先级：极高（快速获取现场信息，为救援行动提供决策支持）\n操作步骤：\n设备自检与环境适配（2025年8月15日 08:00 – 08:10）\nUAV-01至UAV-05依次进行系统检查，确保以下核心模块正常工作：\n- 红外热成像摄像头（检测生命迹象）\n- 高分辨率摄像头（记录现场环境）\n- 飞行导航系统（GPS定位，确保精确航线）\n- 数据回传模块（4G实时传输，确保延迟不超过5秒）\n电量检查：确保每架无人机电量≥90%，飞行时间≥2小时。\n侦察路径规划（2025年8月15日 08:10 – 08:30）\nUAV-01负责滑坡上游区域侦察\nUAV-02负责滑坡中游区域侦察\nUAV-03负责滑坡下游区域侦察\nUAV-04负责滑坡东侧区域侦察\nUAV-05负责滑坡西侧区域侦察\n\n——————————————————————————————————————",
                "content1_msg": "无人机名字或代号：UAV-01、UAV-02、UAV-03、UAV-04、UAV-05  \n时间：2025年8月15日 08:00 – 08:30、2025年8月15日 08:00 – 08:10、2025年8月15日 08:10 – 08:30  \n地点：河南省郑州市金水区某次山体滑坡灾害现场附近（坐标：34.7568°N, 113.6547°E）  \n任务优先级重要性：极高  \n任务描述信息：负责侦察现场地形与受困人员分布；设备自检与环境适配；电量检查；侦察路径规划；UAV-01负责滑坡上游区域侦察；UAV-02负责滑坡中游区域侦察；UAV-03负责滑坡下游区域侦察；UAV-04负责滑坡东侧区域侦察；UAV-05负责滑坡西侧区域侦察。",
                "similarity": 0.8244522248007293
            },
            {
                "content1_para": "无人机集群紧急侦察执行\n执行时间：2025年8月15日 08:30 – 09:30\n执行地点：河南省郑州市金水区山体滑坡灾害现场\n执行者：\nUAV-01至UAV-05\n：负责侦察现场地形与受困人员分布\n任务优先级：极高（快速获取现场信息，为救援行动提供决策支持）\n操作步骤：\nUAV-01于08:30起飞，执行以下侦察任务：\n- 飞行高度：200m（确保覆盖范围广，同时避免影响地面救援）\n- 飞行速度：20 km/h（确保侦察效率）\n- 侦察频率：每30秒进行一次全面扫描，记录红外热成像数据和高分辨率影像\n\nUAV-02至UAV-05按照预定时间表依次起飞，执行相同的侦察任务，覆盖不同区域。\n\n————————————————————————————————————————————————————————————————————————————————-",
                "content1_msg": "无人机名字或代号：UAV-01、UAV-02、UAV-03、UAV-04、UAV-05  \n时间：2025年8月15日 08:30 – 09:30、2025年8月15日 08:30  \n地点：河南省郑州市金水区山体滑坡灾害现场  \n任务优先级重要性：极高  \n任务描述信息：负责侦察现场地形与受困人员分布；UAV-01于08:30起飞，飞行高度200m，飞行速度20 km/h，每30秒进行一次全面扫描，记录红外热成像数据和高分辨率影像；UAV-02至UAV-05依次起飞，执行相同侦察任务，覆盖不同区域。",
                "similarity": 0.704741042680651
            }
        ]
    },
    {
        "content2_para": "UAV-06至UAV-10:\n实体关系：物资投送准备\n时间：2025年8月15日 10:00 – 10:30\n地点：34.7568°N, 113.6547°E\n任务优先级重要性：高\n具体任务：装载救援物资（食物、水、医疗用品等）。",
        "matches": [
            {
                "content1_para": "救援物资投送准备\n执行时间：2025年8月15日 10:00 – 10:30\n执行地点：河南省郑州市金水区山体滑坡灾害现场附近临时指挥中心\n执行者：\nUAV-06至UAV-10\n：负责救援物资装载与投送准备\n任务优先级：高（确保救援物资及时到达受困人员手中）\n操作步骤：\n物资装载：UAV-06至UAV-10将救援物资（如食物、水、医疗用品等）装载到无人机上。\n投送路径规划：根据侦察数据，规划投送路径，确保物资安全到达指定区域。\n\n————————————————————————————————————————————————————————————————————————————————-",
                "content1_msg": "无人机名字或代号：UAV-06、UAV-07、UAV-08、UAV-09、UAV-10  \n时间：2025年8月15日 10:00 – 10:30  \n地点：河南省郑州市金水区山体滑坡灾害现场附近临时指挥中心  \n任务优先级重要性：高（确保救援物资及时到达受困人员手中）  \n任务描述信息：物资装载：UAV-06至UAV-10将救援物资（如食物、水、医疗用品等）装载到无人机上。投送路径规划：根据侦察数据，规划投送路径，确保物资安全到达指定区域。",
                "similarity": 0.7756693794131884
            },
            {
                "content1_para": "无人机准备与设备检查\n执行时间：2025年8月15日 08:00 – 08:30\n执行地点：河南省郑州市金水区某次山体滑坡灾害现场附近（坐标：34.7568°N, 113.6547°E）\n执行者：\nUAV-01至UAV-05\n：负责侦察现场地形与受困人员分布\n任务优先级：极高（快速获取现场信息，为救援行动提供决策支持）\n操作步骤：\n设备自检与环境适配（2025年8月15日 08:00 – 08:10）\nUAV-01至UAV-05依次进行系统检查，确保以下核心模块正常工作：\n- 红外热成像摄像头（检测生命迹象）\n- 高分辨率摄像头（记录现场环境）\n- 飞行导航系统（GPS定位，确保精确航线）\n- 数据回传模块（4G实时传输，确保延迟不超过5秒）\n电量检查：确保每架无人机电量≥90%，飞行时间≥2小时。\n侦察路径规划（2025年8月15日 08:10 – 08:30）\nUAV-01负责滑坡上游区域侦察\nUAV-02负责滑坡中游区域侦察\nUAV-03负责滑坡下游区域侦察\nUAV-04负责滑坡东侧区域侦察\nUAV-05负责滑坡西侧区域侦察\n\n——————————————————————————————————————",
                "content1_msg": "无人机名字或代号：UAV-01、UAV-02、UAV-03、UAV-04、UAV-05  \n时间：2025年8月15日 08:00 – 08:30、2025年8月15日 08:00 – 08:10、2025年8月15日 08:10 – 08:30  \n地点：河南省郑州市金水区某次山体滑坡灾害现场附近（坐标：34.7568°N, 113.6547°E）  \n任务优先级重要性：极高  \n任务描述信息：负责侦察现场地形与受困人员分布；设备自检与环境适配；电量检查；侦察路径规划；UAV-01负责滑坡上游区域侦察；UAV-02负责滑坡中游区域侦察；UAV-03负责滑坡下游区域侦察；UAV-04负责滑坡东侧区域侦察；UAV-05负责滑坡西侧区域侦察。",
                "similarity": 0.7448422563784844
            }
        ]
    },
    {
        "content2_para": "UAV-01至UAV-05:\n实体关系：侦察任务\n时间：2025年8月15日 08:30 – 09:30\n地点：34.7568°N, 113.6547°E\n任务优先级重要性：极高\n具体任务：UAV-01起飞，UAV-02至UAV-05依次起飞，进行侦察任务，飞行高度200m，速度20 km/h，每30秒扫描一次。",
        "matches": [
            {
                "content1_para": "无人机准备与设备检查\n执行时间：2025年8月15日 08:00 – 08:30\n执行地点：河南省郑州市金水区某次山体滑坡灾害现场附近（坐标：34.7568°N, 113.6547°E）\n执行者：\nUAV-01至UAV-05\n：负责侦察现场地形与受困人员分布\n任务优先级：极高（快速获取现场信息，为救援行动提供决策支持）\n操作步骤：\n设备自检与环境适配（2025年8月15日 08:00 – 08:10）\nUAV-01至UAV-05依次进行系统检查，确保以下核心模块正常工作：\n- 红外热成像摄像头（检测生命迹象）\n- 高分辨率摄像头（记录现场环境）\n- 飞行导航系统（GPS定位，确保精确航线）\n- 数据回传模块（4G实时传输，确保延迟不超过5秒）\n电量检查：确保每架无人机电量≥90%，飞行时间≥2小时。\n侦察路径规划（2025年8月15日 08:10 – 08:30）\nUAV-01负责滑坡上游区域侦察\nUAV-02负责滑坡中游区域侦察\nUAV-03负责滑坡下游区域侦察\nUAV-04负责滑坡东侧区域侦察\nUAV-05负责滑坡西侧区域侦察\n\n——————————————————————————————————————",
                "content1_msg": "无人机名字或代号：UAV-01、UAV-02、UAV-03、UAV-04、UAV-05  \n时间：2025年8月15日 08:00 – 08:30、2025年8月15日 08:00 – 08:10、2025年8月15日 08:10 – 08:30  \n地点：河南省郑州市金水区某次山体滑坡灾害现场附近（坐标：34.7568°N, 113.6547°E）  \n任务优先级重要性：极高  \n任务描述信息：负责侦察现场地形与受困人员分布；设备自检与环境适配；电量检查；侦察路径规划；UAV-01负责滑坡上游区域侦察；UAV-02负责滑坡中游区域侦察；UAV-03负责滑坡下游区域侦察；UAV-04负责滑坡东侧区域侦察；UAV-05负责滑坡西侧区域侦察。",
                "similarity": 0.8138588590994823
            },
            {
                "content1_para": "无人机集群紧急侦察执行\n执行时间：2025年8月15日 08:30 – 09:30\n执行地点：河南省郑州市金水区山体滑坡灾害现场\n执行者：\nUAV-01至UAV-05\n：负责侦察现场地形与受困人员分布\n任务优先级：极高（快速获取现场信息，为救援行动提供决策支持）\n操作步骤：\nUAV-01于08:30起飞，执行以下侦察任务：\n- 飞行高度：200m（确保覆盖范围广，同时避免影响地面救援）\n- 飞行速度：20 km/h（确保侦察效率）\n- 侦察频率：每30秒进行一次全面扫描，记录红外热成像数据和高分辨率影像\n\nUAV-02至UAV-05按照预定时间表依次起飞，执行相同的侦察任务，覆盖不同区域。\n\n————————————————————————————————————————————————————————————————————————————————-",
                "content1_msg": "无人机名字或代号：UAV-01、UAV-02、UAV-03、UAV-04、UAV-05  \n时间：2025年8月15日 08:30 – 09:30、2025年8月15日 08:30  \n地点：河南省郑州市金水区山体滑坡灾害现场  \n任务优先级重要性：极高  \n任务描述信息：负责侦察现场地形与受困人员分布；UAV-01于08:30起飞，飞行高度200m，飞行速度20 km/h，每30秒进行一次全面扫描，记录红外热成像数据和高分辨率影像；UAV-02至UAV-05依次起飞，执行相同侦察任务，覆盖不同区域。",
                "similarity": 0.7810925164654983
            }
        ]
    },
    {
        "content2_para": "UAV-06至UAV-10:\n实体关系：物资投送执行\n时间：2025年8月15日 10:30 – 11:30\n地点：34.7568°N, 113.6547°E\n任务优先级重要性：高\n具体任务：UAV-06至UAV-10依次起飞，飞行高度100m，速度15 km/h，每5分钟投送一次物资。",
        "matches": [
            {
                "content1_para": "救援物资投送执行\n执行时间：2025年8月15日 10:30 – 11:30\n执行地点：河南省郑州市金水区山体滑坡灾害现场\n执行者：\nUAV-06至UAV-10\n：负责救援物资投送\n任务优先级：高（确保救援物资及时到达受困人员手中）\n操作步骤：\nUAV-06至UAV-10按照预定时间表依次起飞，执行以下投送任务：\n- 飞行高度：100m（确保投送精度）\n- 飞行速度：15 km/h（确保投送效率）\n- 投送频率：每5分钟进行一次物资投送\n- 投送区域：根据侦察数据，精确投送至受困人员所在区域\n\n————————————————————————————————————————————————————————————————————————————————-",
                "content1_msg": "无人机名字或代号：UAV-06、UAV-07、UAV-08、UAV-09、UAV-10  \n时间：2025年8月15日 10:30 – 11:30  \n地点：河南省郑州市金水区山体滑坡灾害现场  \n任务优先级重要性：高（确保救援物资及时到达受困人员手中）  \n任务描述信息：飞行高度：100m；飞行速度：15 km/h；投送频率：每5分钟进行一次物资投送；投送区域：根据侦察数据，精确投送至受困人员所在区域；按照预定时间表依次起飞，执行救援物资投送任务。",
                "similarity": 0.7860951608498559
            },
            {
                "content1_para": "救援物资投送准备\n执行时间：2025年8月15日 10:00 – 10:30\n执行地点：河南省郑州市金水区山体滑坡灾害现场附近临时指挥中心\n执行者：\nUAV-06至UAV-10\n：负责救援物资装载与投送准备\n任务优先级：高（确保救援物资及时到达受困人员手中）\n操作步骤：\n物资装载：UAV-06至UAV-10将救援物资（如食物、水、医疗用品等）装载到无人机上。\n投送路径规划：根据侦察数据，规划投送路径，确保物资安全到达指定区域。\n\n————————————————————————————————————————————————————————————————————————————————-",
                "content1_msg": "无人机名字或代号：UAV-06、UAV-07、UAV-08、UAV-09、UAV-10  \n时间：2025年8月15日 10:00 – 10:30  \n地点：河南省郑州市金水区山体滑坡灾害现场附近临时指挥中心  \n任务优先级重要性：高（确保救援物资及时到达受困人员手中）  \n任务描述信息：物资装载：UAV-06至UAV-10将救援物资（如食物、水、医疗用品等）装载到无人机上。投送路径规划：根据侦察数据，规划投送路径，确保物资安全到达指定区域。",
                "similarity": 0.7573567652013912
            }
        ]
    },
    {
        "content2_para": "UAV-01至UAV-10:\n实体关系：任务结束与设备维护\n时间：2025年8月15日 11:30 – 12:00\n地点：34.7568°N, 113.6547°E\n任务优先级重要性：中\n具体任务：返航，数据备份，设备检查与维护。",
        "matches": [
            {
                "content1_para": "无人机准备与设备检查\n执行时间：2025年8月15日 08:00 – 08:30\n执行地点：河南省郑州市金水区某次山体滑坡灾害现场附近（坐标：34.7568°N, 113.6547°E）\n执行者：\nUAV-01至UAV-05\n：负责侦察现场地形与受困人员分布\n任务优先级：极高（快速获取现场信息，为救援行动提供决策支持）\n操作步骤：\n设备自检与环境适配（2025年8月15日 08:00 – 08:10）\nUAV-01至UAV-05依次进行系统检查，确保以下核心模块正常工作：\n- 红外热成像摄像头（检测生命迹象）\n- 高分辨率摄像头（记录现场环境）\n- 飞行导航系统（GPS定位，确保精确航线）\n- 数据回传模块（4G实时传输，确保延迟不超过5秒）\n电量检查：确保每架无人机电量≥90%，飞行时间≥2小时。\n侦察路径规划（2025年8月15日 08:10 – 08:30）\nUAV-01负责滑坡上游区域侦察\nUAV-02负责滑坡中游区域侦察\nUAV-03负责滑坡下游区域侦察\nUAV-04负责滑坡东侧区域侦察\nUAV-05负责滑坡西侧区域侦察\n\n——————————————————————————————————————",
                "content1_msg": "无人机名字或代号：UAV-01、UAV-02、UAV-03、UAV-04、UAV-05  \n时间：2025年8月15日 08:00 – 08:30、2025年8月15日 08:00 – 08:10、2025年8月15日 08:10 – 08:30  \n地点：河南省郑州市金水区某次山体滑坡灾害现场附近（坐标：34.7568°N, 113.6547°E）  \n任务优先级重要性：极高  \n任务描述信息：负责侦察现场地形与受困人员分布；设备自检与环境适配；电量检查；侦察路径规划；UAV-01负责滑坡上游区域侦察；UAV-02负责滑坡中游区域侦察；UAV-03负责滑坡下游区域侦察；UAV-04负责滑坡东侧区域侦察；UAV-05负责滑坡西侧区域侦察。",
                "similarity": 0.7520336124684251
            },
            {
                "content1_para": "救援任务结束与设备维护\n执行时间：2025年8月15日 11:30 – 12:00\n执行地点：河南省郑州市金水区山体滑坡灾害现场附近临时指挥中心\n执行者：\nUAV-01至UAV-10\n：执行返航与数据备份\n维护工程师\n：执行设备检查与维护\n任务优先级：中（确保无人机设备状态良好，为后续任务做准备）\n操作步骤：\nUAV-01至UAV-10按预定航线返航，确保飞行高度100m，避开地面障碍物。\n设备检查与数据备份：检查影像存储设备，确保数据完整无损。\n维护工程师完成设备电池、电机、传感器的性能检测，记录飞行日志。",
                "content1_msg": "无人机名字或代号：UAV-01至UAV-10  \n时间：2025年8月15日 11:30 – 12:00  \n地点：河南省郑州市金水区山体滑坡灾害现场附近临时指挥中心  \n任务优先级重要性：中  \n任务描述信息：UAV-01至UAV-10按预定航线返航，确保飞行高度100m，避开地面障碍物。",
                "similarity": 0.7348640318145634
            }
        ]
    }
]