[
    {
        "paragraph": "UAV-01:\n实体关系：侦察任务\n时间：2025年8月15日 08:00 – 08:30\n地点：34.7568°N, 113.6547°E\n任务优先级重要性：极高\n具体任务：进行设备自检与环境适配，确保红外热成像、高分辨率摄像头、导航系统和数据回传模块正常工作，电量≥90%，飞行时间≥2小时。"
    },
    {
        "paragraph": "UAV-02:\n实体关系：侦察任务\n时间：2025年8月15日 08:10 – 08:30\n地点：34.7568°N, 113.6547°E\n任务优先级重要性：极高\n具体任务：负责滑坡中游区域侦察。"
    },
    {
        "paragraph": "UAV-03:\n实体关系：侦察任务\n时间：2025年8月15日 08:10 – 08:30\n地点：34.7568°N, 113.6547°E\n任务优先级重要性：极高\n具体任务：负责滑坡下游区域侦察。"
    },
    {
        "paragraph": "UAV-04:\n实体关系：侦察任务\n时间：2025年8月15日 08:10 – 08:30\n地点：34.7568°N, 113.6547°E\n任务优先级重要性：极高\n具体任务：负责滑坡东侧区域侦察。"
    },
    {
        "paragraph": "UAV-05:\n实体关系：侦察任务\n时间：2025年8月15日 08:10 – 08:30\n地点：34.7568°N, 113.6547°E\n任务优先级重要性：极高\n具体任务：负责滑坡西侧区域侦察。"
    },
    {
        "paragraph": "UAV-06至UAV-10:\n实体关系：物资投送准备\n时间：2025年8月15日 10:00 – 10:30\n地点：34.7568°N, 113.6547°E\n任务优先级重要性：高\n具体任务：装载救援物资（食物、水、医疗用品等）。"
    },
    {
        "paragraph": "UAV-01至UAV-05:\n实体关系：侦察任务\n时间：2025年8月15日 08:30 – 09:30\n地点：34.7568°N, 113.6547°E\n任务优先级重要性：极高\n具体任务：UAV-01起飞，UAV-02至UAV-05依次起飞，进行侦察任务，飞行高度200m，速度20 km/h，每30秒扫描一次。"
    },
    {
        "paragraph": "UAV-06至UAV-10:\n实体关系：物资投送执行\n时间：2025年8月15日 10:30 – 11:30\n地点：34.7568°N, 113.6547°E\n任务优先级重要性：高\n具体任务：UAV-06至UAV-10依次起飞，飞行高度100m，速度15 km/h，每5分钟投送一次物资。"
    },
    {
        "paragraph": "UAV-01至UAV-10:\n实体关系：任务结束与设备维护\n时间：2025年8月15日 11:30 – 12:00\n地点：34.7568°N, 113.6547°E\n任务优先级重要性：中\n具体任务：返航，数据备份，设备检查与维护。"
    }
]