[
    {
        "content2_para": "UAV-01:\n实体关系：搜救任务准备\n时间：2023年9月15日 08:00 – 08:30\n地点：四川省成都市青白江区地震灾区无人机调度中心（30.6952°N, 104.0678°E）\n任务优先级重要性：极高\n具体任务：进行系统检查，确保摄像头、导航系统、数据回传模块和通信设备正常工作。",
        "matches": [
            {
                "content1_para": "无人机准备与设备检查\n执行时间：2023年9月15日 08:00 – 08:30\n执行地点：四川省成都市青白江区地震灾区无人机调度中心（坐标：30.6952°N, 104.0678°E）\n执行者：\nUAV-01至UAV-05：负责搜救任务准备\n任务优先级：极高（时间紧迫，需尽快确定幸存者位置）\n操作步骤：\n（1）UAV-01至UAV-05进行系统检查，确保以下核心模块正常工作：\n- 摄像头与传感器\n- 飞行导航系统\n- 数据回传模块\n- 通信设备\n（2）电量检查：确保每架无人机电量≥90%，飞行时间≥3小时。\n（3）无人机进行起飞和降落测试，确保操作稳定。\n\n————————————————————————————————————————————————————————————————————————————————-",
                "content1_msg": "无人机名字或代号：UAV-01、UAV-02、UAV-03、UAV-04、UAV-05  \n时间：2023年9月15日 08:00 – 08:30  \n地点：四川省成都市青白江区地震灾区无人机调度中心（坐标：30.6952°N, 104.0678°E）  \n任务优先级重要性：极高  \n任务描述信息：进行系统检查（包括摄像头与传感器、飞行导航系统、数据回传模块、通信设备），确保电量≥90%且飞行时间≥3小时，进行起飞和降落测试以确保操作稳定。",
                "similarity": 0.8381069798067519
            },
            {
                "content1_para": "无人机集群起飞与区域划分\n执行时间：2023年9月15日 08:30 – 08:45\n执行地点：四川省成都市青白江区地震灾区\n执行者：\nUAV-01至UAV-05：负责起飞与区域划分\n任务优先级：极高（确保无人机快速到达指定区域）\n操作步骤：\n（1）UAV-01和UAV-02起飞，负责灾区北部区域搜索。\n（2）UAV-03和UAV-04起飞，负责灾区中部区域搜索。\n（3）UAV-05起飞，负责灾区南部区域搜索。\n\n————————————————————————————————————————————————————————————————————————————————-",
                "content1_msg": "无人机名字或代号：UAV-01、UAV-02、UAV-03、UAV-04、UAV-05  \n时间：2023年9月15日 08:30 – 08:45  \n地点：四川省成都市青白江区地震灾区  \n任务优先级重要性：极高  \n任务描述信息：UAV-01和UAV-02负责灾区北部区域搜索；UAV-03和UAV-04负责灾区中部区域搜索；UAV-05负责灾区南部区域搜索。",
                "similarity": 0.7481562402648814
            }
        ]
    },
    {
        "content2_para": "UAV-02:\n实体关系：搜救任务准备\n时间：2023年9月15日 08:00 – 08:30\n地点：四川省成都市青白江区地震灾区无人机调度中心（30.6952°N, 104.0678°E）\n任务优先级重要性：极高\n具体任务：进行系统检查，确保摄像头、导航系统、数据回传模块和通信设备正常工作。",
        "matches": [
            {
                "content1_para": "无人机准备与设备检查\n执行时间：2023年9月15日 08:00 – 08:30\n执行地点：四川省成都市青白江区地震灾区无人机调度中心（坐标：30.6952°N, 104.0678°E）\n执行者：\nUAV-01至UAV-05：负责搜救任务准备\n任务优先级：极高（时间紧迫，需尽快确定幸存者位置）\n操作步骤：\n（1）UAV-01至UAV-05进行系统检查，确保以下核心模块正常工作：\n- 摄像头与传感器\n- 飞行导航系统\n- 数据回传模块\n- 通信设备\n（2）电量检查：确保每架无人机电量≥90%，飞行时间≥3小时。\n（3）无人机进行起飞和降落测试，确保操作稳定。\n\n————————————————————————————————————————————————————————————————————————————————-",
                "content1_msg": "无人机名字或代号：UAV-01、UAV-02、UAV-03、UAV-04、UAV-05  \n时间：2023年9月15日 08:00 – 08:30  \n地点：四川省成都市青白江区地震灾区无人机调度中心（坐标：30.6952°N, 104.0678°E）  \n任务优先级重要性：极高  \n任务描述信息：进行系统检查（包括摄像头与传感器、飞行导航系统、数据回传模块、通信设备），确保电量≥90%且飞行时间≥3小时，进行起飞和降落测试以确保操作稳定。",
                "similarity": 0.8380759853914687
            },
            {
                "content1_para": "无人机集群起飞与区域划分\n执行时间：2023年9月15日 08:30 – 08:45\n执行地点：四川省成都市青白江区地震灾区\n执行者：\nUAV-01至UAV-05：负责起飞与区域划分\n任务优先级：极高（确保无人机快速到达指定区域）\n操作步骤：\n（1）UAV-01和UAV-02起飞，负责灾区北部区域搜索。\n（2）UAV-03和UAV-04起飞，负责灾区中部区域搜索。\n（3）UAV-05起飞，负责灾区南部区域搜索。\n\n————————————————————————————————————————————————————————————————————————————————-",
                "content1_msg": "无人机名字或代号：UAV-01、UAV-02、UAV-03、UAV-04、UAV-05  \n时间：2023年9月15日 08:30 – 08:45  \n地点：四川省成都市青白江区地震灾区  \n任务优先级重要性：极高  \n任务描述信息：UAV-01和UAV-02负责灾区北部区域搜索；UAV-03和UAV-04负责灾区中部区域搜索；UAV-05负责灾区南部区域搜索。",
                "similarity": 0.748098483364094
            }
        ]
    },
    {
        "content2_para": "UAV-03:\n实体关系：搜救任务准备\n时间：2023年9月15日 08:00 – 08:30\n地点：四川省成都市青白江区地震灾区无人机调度中心（30.6952°N, 104.0678°E）\n任务优先级重要性：极高\n具体任务：进行系统检查，确保摄像头、导航系统、数据回传模块和通信设备正常工作。",
        "matches": [
            {
                "content1_para": "无人机准备与设备检查\n执行时间：2023年9月15日 08:00 – 08:30\n执行地点：四川省成都市青白江区地震灾区无人机调度中心（坐标：30.6952°N, 104.0678°E）\n执行者：\nUAV-01至UAV-05：负责搜救任务准备\n任务优先级：极高（时间紧迫，需尽快确定幸存者位置）\n操作步骤：\n（1）UAV-01至UAV-05进行系统检查，确保以下核心模块正常工作：\n- 摄像头与传感器\n- 飞行导航系统\n- 数据回传模块\n- 通信设备\n（2）电量检查：确保每架无人机电量≥90%，飞行时间≥3小时。\n（3）无人机进行起飞和降落测试，确保操作稳定。\n\n————————————————————————————————————————————————————————————————————————————————-",
                "content1_msg": "无人机名字或代号：UAV-01、UAV-02、UAV-03、UAV-04、UAV-05  \n时间：2023年9月15日 08:00 – 08:30  \n地点：四川省成都市青白江区地震灾区无人机调度中心（坐标：30.6952°N, 104.0678°E）  \n任务优先级重要性：极高  \n任务描述信息：进行系统检查（包括摄像头与传感器、飞行导航系统、数据回传模块、通信设备），确保电量≥90%且飞行时间≥3小时，进行起飞和降落测试以确保操作稳定。",
                "similarity": 0.8382503885820815
            },
            {
                "content1_para": "无人机集群起飞与区域划分\n执行时间：2023年9月15日 08:30 – 08:45\n执行地点：四川省成都市青白江区地震灾区\n执行者：\nUAV-01至UAV-05：负责起飞与区域划分\n任务优先级：极高（确保无人机快速到达指定区域）\n操作步骤：\n（1）UAV-01和UAV-02起飞，负责灾区北部区域搜索。\n（2）UAV-03和UAV-04起飞，负责灾区中部区域搜索。\n（3）UAV-05起飞，负责灾区南部区域搜索。\n\n————————————————————————————————————————————————————————————————————————————————-",
                "content1_msg": "无人机名字或代号：UAV-01、UAV-02、UAV-03、UAV-04、UAV-05  \n时间：2023年9月15日 08:30 – 08:45  \n地点：四川省成都市青白江区地震灾区  \n任务优先级重要性：极高  \n任务描述信息：UAV-01和UAV-02负责灾区北部区域搜索；UAV-03和UAV-04负责灾区中部区域搜索；UAV-05负责灾区南部区域搜索。",
                "similarity": 0.7483231928748972
            }
        ]
    },
    {
        "content2_para": "UAV-04:\n实体关系：搜救任务准备\n时间：2023年9月15日 08:00 – 08:30\n地点：四川省成都市青白江区地震灾区无人机调度中心（30.6952°N, 104.0678°E）\n任务优先级重要性：极高\n具体任务：进行系统检查，确保摄像头、导航系统、数据回传模块和通信设备正常工作。",
        "matches": [
            {
                "content1_para": "无人机准备与设备检查\n执行时间：2023年9月15日 08:00 – 08:30\n执行地点：四川省成都市青白江区地震灾区无人机调度中心（坐标：30.6952°N, 104.0678°E）\n执行者：\nUAV-01至UAV-05：负责搜救任务准备\n任务优先级：极高（时间紧迫，需尽快确定幸存者位置）\n操作步骤：\n（1）UAV-01至UAV-05进行系统检查，确保以下核心模块正常工作：\n- 摄像头与传感器\n- 飞行导航系统\n- 数据回传模块\n- 通信设备\n（2）电量检查：确保每架无人机电量≥90%，飞行时间≥3小时。\n（3）无人机进行起飞和降落测试，确保操作稳定。\n\n————————————————————————————————————————————————————————————————————————————————-",
                "content1_msg": "无人机名字或代号：UAV-01、UAV-02、UAV-03、UAV-04、UAV-05  \n时间：2023年9月15日 08:00 – 08:30  \n地点：四川省成都市青白江区地震灾区无人机调度中心（坐标：30.6952°N, 104.0678°E）  \n任务优先级重要性：极高  \n任务描述信息：进行系统检查（包括摄像头与传感器、飞行导航系统、数据回传模块、通信设备），确保电量≥90%且飞行时间≥3小时，进行起飞和降落测试以确保操作稳定。",
                "similarity": 0.838066865880818
            },
            {
                "content1_para": "无人机集群起飞与区域划分\n执行时间：2023年9月15日 08:30 – 08:45\n执行地点：四川省成都市青白江区地震灾区\n执行者：\nUAV-01至UAV-05：负责起飞与区域划分\n任务优先级：极高（确保无人机快速到达指定区域）\n操作步骤：\n（1）UAV-01和UAV-02起飞，负责灾区北部区域搜索。\n（2）UAV-03和UAV-04起飞，负责灾区中部区域搜索。\n（3）UAV-05起飞，负责灾区南部区域搜索。\n\n————————————————————————————————————————————————————————————————————————————————-",
                "content1_msg": "无人机名字或代号：UAV-01、UAV-02、UAV-03、UAV-04、UAV-05  \n时间：2023年9月15日 08:30 – 08:45  \n地点：四川省成都市青白江区地震灾区  \n任务优先级重要性：极高  \n任务描述信息：UAV-01和UAV-02负责灾区北部区域搜索；UAV-03和UAV-04负责灾区中部区域搜索；UAV-05负责灾区南部区域搜索。",
                "similarity": 0.7482839134139903
            }
        ]
    },
    {
        "content2_para": "UAV-05:\n实体关系：搜救任务准备\n时间：2023年9月15日 08:00 – 08:30\n地点：四川省成都市青白江区地震灾区无人机调度中心（30.6952°N, 104.0678°E）\n任务优先级重要性：极高\n具体任务：进行系统检查，确保摄像头、导航系统、数据回传模块和通信设备正常工作。",
        "matches": [
            {
                "content1_para": "无人机准备与设备检查\n执行时间：2023年9月15日 08:00 – 08:30\n执行地点：四川省成都市青白江区地震灾区无人机调度中心（坐标：30.6952°N, 104.0678°E）\n执行者：\nUAV-01至UAV-05：负责搜救任务准备\n任务优先级：极高（时间紧迫，需尽快确定幸存者位置）\n操作步骤：\n（1）UAV-01至UAV-05进行系统检查，确保以下核心模块正常工作：\n- 摄像头与传感器\n- 飞行导航系统\n- 数据回传模块\n- 通信设备\n（2）电量检查：确保每架无人机电量≥90%，飞行时间≥3小时。\n（3）无人机进行起飞和降落测试，确保操作稳定。\n\n————————————————————————————————————————————————————————————————————————————————-",
                "content1_msg": "无人机名字或代号：UAV-01、UAV-02、UAV-03、UAV-04、UAV-05  \n时间：2023年9月15日 08:00 – 08:30  \n地点：四川省成都市青白江区地震灾区无人机调度中心（坐标：30.6952°N, 104.0678°E）  \n任务优先级重要性：极高  \n任务描述信息：进行系统检查（包括摄像头与传感器、飞行导航系统、数据回传模块、通信设备），确保电量≥90%且飞行时间≥3小时，进行起飞和降落测试以确保操作稳定。",
                "similarity": 0.8405587818146226
            },
            {
                "content1_para": "无人机集群起飞与区域划分\n执行时间：2023年9月15日 08:30 – 08:45\n执行地点：四川省成都市青白江区地震灾区\n执行者：\nUAV-01至UAV-05：负责起飞与区域划分\n任务优先级：极高（确保无人机快速到达指定区域）\n操作步骤：\n（1）UAV-01和UAV-02起飞，负责灾区北部区域搜索。\n（2）UAV-03和UAV-04起飞，负责灾区中部区域搜索。\n（3）UAV-05起飞，负责灾区南部区域搜索。\n\n————————————————————————————————————————————————————————————————————————————————-",
                "content1_msg": "无人机名字或代号：UAV-01、UAV-02、UAV-03、UAV-04、UAV-05  \n时间：2023年9月15日 08:30 – 08:45  \n地点：四川省成都市青白江区地震灾区  \n任务优先级重要性：极高  \n任务描述信息：UAV-01和UAV-02负责灾区北部区域搜索；UAV-03和UAV-04负责灾区中部区域搜索；UAV-05负责灾区南部区域搜索。",
                "similarity": 0.7523395056533267
            }
        ]
    },
    {
        "content2_para": "UAV-01至UAV-05:\n实体关系：电量检查\n时间：2023年9月15日 08:00 – 08:30\n地点：四川省成都市青白江区地震灾区无人机调度中心（30.6952°N, 104.0678°E）\n任务优先级重要性：极高\n具体任务：确保每架无人机电量≥90%，飞行时间≥3小时。",
        "matches": [
            {
                "content1_para": "无人机准备与设备检查\n执行时间：2023年9月15日 08:00 – 08:30\n执行地点：四川省成都市青白江区地震灾区无人机调度中心（坐标：30.6952°N, 104.0678°E）\n执行者：\nUAV-01至UAV-05：负责搜救任务准备\n任务优先级：极高（时间紧迫，需尽快确定幸存者位置）\n操作步骤：\n（1）UAV-01至UAV-05进行系统检查，确保以下核心模块正常工作：\n- 摄像头与传感器\n- 飞行导航系统\n- 数据回传模块\n- 通信设备\n（2）电量检查：确保每架无人机电量≥90%，飞行时间≥3小时。\n（3）无人机进行起飞和降落测试，确保操作稳定。\n\n————————————————————————————————————————————————————————————————————————————————-",
                "content1_msg": "无人机名字或代号：UAV-01、UAV-02、UAV-03、UAV-04、UAV-05  \n时间：2023年9月15日 08:00 – 08:30  \n地点：四川省成都市青白江区地震灾区无人机调度中心（坐标：30.6952°N, 104.0678°E）  \n任务优先级重要性：极高  \n任务描述信息：进行系统检查（包括摄像头与传感器、飞行导航系统、数据回传模块、通信设备），确保电量≥90%且飞行时间≥3小时，进行起飞和降落测试以确保操作稳定。",
                "similarity": 0.8841065239858094
            },
            {
                "content1_para": "无人机集群起飞与区域划分\n执行时间：2023年9月15日 08:30 – 08:45\n执行地点：四川省成都市青白江区地震灾区\n执行者：\nUAV-01至UAV-05：负责起飞与区域划分\n任务优先级：极高（确保无人机快速到达指定区域）\n操作步骤：\n（1）UAV-01和UAV-02起飞，负责灾区北部区域搜索。\n（2）UAV-03和UAV-04起飞，负责灾区中部区域搜索。\n（3）UAV-05起飞，负责灾区南部区域搜索。\n\n————————————————————————————————————————————————————————————————————————————————-",
                "content1_msg": "无人机名字或代号：UAV-01、UAV-02、UAV-03、UAV-04、UAV-05  \n时间：2023年9月15日 08:30 – 08:45  \n地点：四川省成都市青白江区地震灾区  \n任务优先级重要性：极高  \n任务描述信息：UAV-01和UAV-02负责灾区北部区域搜索；UAV-03和UAV-04负责灾区中部区域搜索；UAV-05负责灾区南部区域搜索。",
                "similarity": 0.73566244124566
            }
        ]
    },
    {
        "content2_para": "UAV-01至UAV-05:\n实体关系：起飞和降落测试\n时间：2023年9月15日 08:00 – 08:30\n地点：四川省成都市青白江区地震灾区无人机调度中心（30.6952°N, 104.0678°E）\n任务优先级重要性：极高\n具体任务：进行起飞和降落测试，确保操作稳定。",
        "matches": [
            {
                "content1_para": "无人机准备与设备检查\n执行时间：2023年9月15日 08:00 – 08:30\n执行地点：四川省成都市青白江区地震灾区无人机调度中心（坐标：30.6952°N, 104.0678°E）\n执行者：\nUAV-01至UAV-05：负责搜救任务准备\n任务优先级：极高（时间紧迫，需尽快确定幸存者位置）\n操作步骤：\n（1）UAV-01至UAV-05进行系统检查，确保以下核心模块正常工作：\n- 摄像头与传感器\n- 飞行导航系统\n- 数据回传模块\n- 通信设备\n（2）电量检查：确保每架无人机电量≥90%，飞行时间≥3小时。\n（3）无人机进行起飞和降落测试，确保操作稳定。\n\n————————————————————————————————————————————————————————————————————————————————-",
                "content1_msg": "无人机名字或代号：UAV-01、UAV-02、UAV-03、UAV-04、UAV-05  \n时间：2023年9月15日 08:00 – 08:30  \n地点：四川省成都市青白江区地震灾区无人机调度中心（坐标：30.6952°N, 104.0678°E）  \n任务优先级重要性：极高  \n任务描述信息：进行系统检查（包括摄像头与传感器、飞行导航系统、数据回传模块、通信设备），确保电量≥90%且飞行时间≥3小时，进行起飞和降落测试以确保操作稳定。",
                "similarity": 0.8474473762634864
            },
            {
                "content1_para": "无人机集群起飞与区域划分\n执行时间：2023年9月15日 08:30 – 08:45\n执行地点：四川省成都市青白江区地震灾区\n执行者：\nUAV-01至UAV-05：负责起飞与区域划分\n任务优先级：极高（确保无人机快速到达指定区域）\n操作步骤：\n（1）UAV-01和UAV-02起飞，负责灾区北部区域搜索。\n（2）UAV-03和UAV-04起飞，负责灾区中部区域搜索。\n（3）UAV-05起飞，负责灾区南部区域搜索。\n\n————————————————————————————————————————————————————————————————————————————————-",
                "content1_msg": "无人机名字或代号：UAV-01、UAV-02、UAV-03、UAV-04、UAV-05  \n时间：2023年9月15日 08:30 – 08:45  \n地点：四川省成都市青白江区地震灾区  \n任务优先级重要性：极高  \n任务描述信息：UAV-01和UAV-02负责灾区北部区域搜索；UAV-03和UAV-04负责灾区中部区域搜索；UAV-05负责灾区南部区域搜索。",
                "similarity": 0.7601363785844718
            }
        ]
    },
    {
        "content2_para": "UAV-01:\n实体关系：区域搜索\n时间：2023年9月15日 08:30 – 08:45\n地点：四川省成都市青白江区地震灾区\n任务优先级重要性：极高\n具体任务：与UAV-02起飞，负责灾区北部区域搜索。",
        "matches": [
            {
                "content1_para": "无人机集群起飞与区域划分\n执行时间：2023年9月15日 08:30 – 08:45\n执行地点：四川省成都市青白江区地震灾区\n执行者：\nUAV-01至UAV-05：负责起飞与区域划分\n任务优先级：极高（确保无人机快速到达指定区域）\n操作步骤：\n（1）UAV-01和UAV-02起飞，负责灾区北部区域搜索。\n（2）UAV-03和UAV-04起飞，负责灾区中部区域搜索。\n（3）UAV-05起飞，负责灾区南部区域搜索。\n\n————————————————————————————————————————————————————————————————————————————————-",
                "content1_msg": "无人机名字或代号：UAV-01、UAV-02、UAV-03、UAV-04、UAV-05  \n时间：2023年9月15日 08:30 – 08:45  \n地点：四川省成都市青白江区地震灾区  \n任务优先级重要性：极高  \n任务描述信息：UAV-01和UAV-02负责灾区北部区域搜索；UAV-03和UAV-04负责灾区中部区域搜索；UAV-05负责灾区南部区域搜索。",
                "similarity": 0.8394622292821339
            },
            {
                "content1_para": "无人机准备与设备检查\n执行时间：2023年9月15日 08:00 – 08:30\n执行地点：四川省成都市青白江区地震灾区无人机调度中心（坐标：30.6952°N, 104.0678°E）\n执行者：\nUAV-01至UAV-05：负责搜救任务准备\n任务优先级：极高（时间紧迫，需尽快确定幸存者位置）\n操作步骤：\n（1）UAV-01至UAV-05进行系统检查，确保以下核心模块正常工作：\n- 摄像头与传感器\n- 飞行导航系统\n- 数据回传模块\n- 通信设备\n（2）电量检查：确保每架无人机电量≥90%，飞行时间≥3小时。\n（3）无人机进行起飞和降落测试，确保操作稳定。\n\n————————————————————————————————————————————————————————————————————————————————-",
                "content1_msg": "无人机名字或代号：UAV-01、UAV-02、UAV-03、UAV-04、UAV-05  \n时间：2023年9月15日 08:00 – 08:30  \n地点：四川省成都市青白江区地震灾区无人机调度中心（坐标：30.6952°N, 104.0678°E）  \n任务优先级重要性：极高  \n任务描述信息：进行系统检查（包括摄像头与传感器、飞行导航系统、数据回传模块、通信设备），确保电量≥90%且飞行时间≥3小时，进行起飞和降落测试以确保操作稳定。",
                "similarity": 0.7353209903600425
            }
        ]
    },
    {
        "content2_para": "UAV-03:\n实体关系：区域搜索\n时间：2023年9月15日 08:30 – 08:45\n地点：四川省成都市青白江区地震灾区\n任务优先级重要性：极高\n具体任务：与UAV-04起飞，负责灾区中部区域搜索。",
        "matches": [
            {
                "content1_para": "无人机集群起飞与区域划分\n执行时间：2023年9月15日 08:30 – 08:45\n执行地点：四川省成都市青白江区地震灾区\n执行者：\nUAV-01至UAV-05：负责起飞与区域划分\n任务优先级：极高（确保无人机快速到达指定区域）\n操作步骤：\n（1）UAV-01和UAV-02起飞，负责灾区北部区域搜索。\n（2）UAV-03和UAV-04起飞，负责灾区中部区域搜索。\n（3）UAV-05起飞，负责灾区南部区域搜索。\n\n————————————————————————————————————————————————————————————————————————————————-",
                "content1_msg": "无人机名字或代号：UAV-01、UAV-02、UAV-03、UAV-04、UAV-05  \n时间：2023年9月15日 08:30 – 08:45  \n地点：四川省成都市青白江区地震灾区  \n任务优先级重要性：极高  \n任务描述信息：UAV-01和UAV-02负责灾区北部区域搜索；UAV-03和UAV-04负责灾区中部区域搜索；UAV-05负责灾区南部区域搜索。",
                "similarity": 0.8393110719029835
            },
            {
                "content1_para": "无人机准备与设备检查\n执行时间：2023年9月15日 08:00 – 08:30\n执行地点：四川省成都市青白江区地震灾区无人机调度中心（坐标：30.6952°N, 104.0678°E）\n执行者：\nUAV-01至UAV-05：负责搜救任务准备\n任务优先级：极高（时间紧迫，需尽快确定幸存者位置）\n操作步骤：\n（1）UAV-01至UAV-05进行系统检查，确保以下核心模块正常工作：\n- 摄像头与传感器\n- 飞行导航系统\n- 数据回传模块\n- 通信设备\n（2）电量检查：确保每架无人机电量≥90%，飞行时间≥3小时。\n（3）无人机进行起飞和降落测试，确保操作稳定。\n\n————————————————————————————————————————————————————————————————————————————————-",
                "content1_msg": "无人机名字或代号：UAV-01、UAV-02、UAV-03、UAV-04、UAV-05  \n时间：2023年9月15日 08:00 – 08:30  \n地点：四川省成都市青白江区地震灾区无人机调度中心（坐标：30.6952°N, 104.0678°E）  \n任务优先级重要性：极高  \n任务描述信息：进行系统检查（包括摄像头与传感器、飞行导航系统、数据回传模块、通信设备），确保电量≥90%且飞行时间≥3小时，进行起飞和降落测试以确保操作稳定。",
                "similarity": 0.7353141358258933
            }
        ]
    },
    {
        "content2_para": "UAV-05:\n实体关系：区域搜索\n时间：2023年9月15日 08:30 – 08:45\n地点：四川省成都市青白江区地震灾区\n任务优先级重要性：极高\n具体任务：起飞，负责灾区南部区域搜索。",
        "matches": [
            {
                "content1_para": "无人机集群起飞与区域划分\n执行时间：2023年9月15日 08:30 – 08:45\n执行地点：四川省成都市青白江区地震灾区\n执行者：\nUAV-01至UAV-05：负责起飞与区域划分\n任务优先级：极高（确保无人机快速到达指定区域）\n操作步骤：\n（1）UAV-01和UAV-02起飞，负责灾区北部区域搜索。\n（2）UAV-03和UAV-04起飞，负责灾区中部区域搜索。\n（3）UAV-05起飞，负责灾区南部区域搜索。\n\n————————————————————————————————————————————————————————————————————————————————-",
                "content1_msg": "无人机名字或代号：UAV-01、UAV-02、UAV-03、UAV-04、UAV-05  \n时间：2023年9月15日 08:30 – 08:45  \n地点：四川省成都市青白江区地震灾区  \n任务优先级重要性：极高  \n任务描述信息：UAV-01和UAV-02负责灾区北部区域搜索；UAV-03和UAV-04负责灾区中部区域搜索；UAV-05负责灾区南部区域搜索。",
                "similarity": 0.8169934134597691
            },
            {
                "content1_para": "无人机准备与设备检查\n执行时间：2023年9月15日 08:00 – 08:30\n执行地点：四川省成都市青白江区地震灾区无人机调度中心（坐标：30.6952°N, 104.0678°E）\n执行者：\nUAV-01至UAV-05：负责搜救任务准备\n任务优先级：极高（时间紧迫，需尽快确定幸存者位置）\n操作步骤：\n（1）UAV-01至UAV-05进行系统检查，确保以下核心模块正常工作：\n- 摄像头与传感器\n- 飞行导航系统\n- 数据回传模块\n- 通信设备\n（2）电量检查：确保每架无人机电量≥90%，飞行时间≥3小时。\n（3）无人机进行起飞和降落测试，确保操作稳定。\n\n————————————————————————————————————————————————————————————————————————————————-",
                "content1_msg": "无人机名字或代号：UAV-01、UAV-02、UAV-03、UAV-04、UAV-05  \n时间：2023年9月15日 08:00 – 08:30  \n地点：四川省成都市青白江区地震灾区无人机调度中心（坐标：30.6952°N, 104.0678°E）  \n任务优先级重要性：极高  \n任务描述信息：进行系统检查（包括摄像头与传感器、飞行导航系统、数据回传模块、通信设备），确保电量≥90%且飞行时间≥3小时，进行起飞和降落测试以确保操作稳定。",
                "similarity": 0.7361536431375515
            }
        ]
    },
    {
        "content2_para": "UAV-01至UAV-05:\n实体关系：协同搜索与数据采集\n时间：2023年9月15日 08:45 – 10:00\n地点：四川省成都市青白江区地震灾区\n任务优先级重要性：极高\n具体任务：在指定区域进行低空飞行，记录图像，发现幸存者位置时调整高度至10m。",
        "matches": [
            {
                "content1_para": "无人机集群起飞与区域划分\n执行时间：2023年9月15日 08:30 – 08:45\n执行地点：四川省成都市青白江区地震灾区\n执行者：\nUAV-01至UAV-05：负责起飞与区域划分\n任务优先级：极高（确保无人机快速到达指定区域）\n操作步骤：\n（1）UAV-01和UAV-02起飞，负责灾区北部区域搜索。\n（2）UAV-03和UAV-04起飞，负责灾区中部区域搜索。\n（3）UAV-05起飞，负责灾区南部区域搜索。\n\n————————————————————————————————————————————————————————————————————————————————-",
                "content1_msg": "无人机名字或代号：UAV-01、UAV-02、UAV-03、UAV-04、UAV-05  \n时间：2023年9月15日 08:30 – 08:45  \n地点：四川省成都市青白江区地震灾区  \n任务优先级重要性：极高  \n任务描述信息：UAV-01和UAV-02负责灾区北部区域搜索；UAV-03和UAV-04负责灾区中部区域搜索；UAV-05负责灾区南部区域搜索。",
                "similarity": 0.7839849724443329
            },
            {
                "content1_para": "无人机集群协同搜索与数据采集\n执行时间：2023年9月15日 08:45 – 10:00\n执行地点：四川省成都市青白江区地震灾区\n执行者：\nUAV-01至UAV-05：负责协同搜索与数据采集\n任务优先级：极高（确保搜索效率与数据准确性）\n操作步骤：\n（1）UAV-01和UAV-02在灾区北部区域进行低空飞行，高度30m，速度5km/h，每分钟记录一次图像。\n（2）UAV-03和UAV-04在灾区中部区域进行低空飞行，高度30m，速度5km/h，每分钟记录一次图像。\n（3）UAV-05在灾区南部区域进行低空飞行，高度30m，速度5km/h，每分钟记录一次图像。\n（4）所有无人机在发现疑似幸存者位置时，立即调整飞行高度至10m，进行详细观察并记录位置坐标。\n\n————————————————————————————————————————————————————————————————————————————————-",
                "content1_msg": "无人机名字或代号：UAV-01、UAV-02、UAV-03、UAV-04、UAV-05  \n时间：2023年9月15日 08:45 – 10:00  \n地点：四川省成都市青白江区地震灾区  \n任务优先级重要性：极高  \n任务描述信息：（1）UAV-01和UAV-02在灾区北部区域进行低空飞行，高度30m，速度5km/h，每分钟记录一次图像。  \n（2）UAV-03和UAV-04在灾区中部区域进行低空飞行，高度30m，速度5km/h，每分钟记录一次图像。  \n（3）UAV-05在灾区南部区域进行低空飞行，高度30m，速度5km/h，每分钟记录一次图像。  \n（4）所有无人机在发现疑似幸存者位置时，立即调整飞行高度至10m，进行详细观察并记录位置坐标。",
                "similarity": 0.7685583276173797
            }
        ]
    },
    {
        "content2_para": "UAV-01至UAV-05:\n实体关系：数据回传\n时间：2023年9月15日 10:00 – 11:00\n地点：四川省成都市青白江区地震灾区无人机调度中心\n任务优先级重要性：极高\n具体任务：通过5G网络实时回传图像数据。",
        "matches": [
            {
                "content1_para": "实时数据回传与数据分析\n执行时间：2023年9月15日 10:00 – 11:00\n执行地点：四川省成都市青白江区地震灾区无人机调度中心\n执行者：\nUAV-01至UAV-05：数据回传\n数据分析团队：实时监控与数据分析\n任务优先级：极高（确保救援行动的准确性与效率）\n操作步骤：\n（1）UAV-01至UAV-05通过5G网络实时回传图像数据。\n（2）数据分析团队实时监控图像数据，识别幸存者位置，并实时反馈给救援队伍。\n\n————————————————————————————————————————————————————————————————————————————————-",
                "content1_msg": "无人机名字或代号：UAV-01、UAV-02、UAV-03、UAV-04、UAV-05  \n时间：2023年9月15日 10:00 – 11:00  \n地点：四川省成都市青白江区地震灾区无人机调度中心  \n任务优先级重要性：极高  \n任务描述信息：UAV-01至UAV-05通过5G网络实时回传图像数据；数据分析团队实时监控图像数据，识别幸存者位置，并实时反馈给救援队伍。",
                "similarity": 0.8428901004261924
            },
            {
                "content1_para": "无人机准备与设备检查\n执行时间：2023年9月15日 08:00 – 08:30\n执行地点：四川省成都市青白江区地震灾区无人机调度中心（坐标：30.6952°N, 104.0678°E）\n执行者：\nUAV-01至UAV-05：负责搜救任务准备\n任务优先级：极高（时间紧迫，需尽快确定幸存者位置）\n操作步骤：\n（1）UAV-01至UAV-05进行系统检查，确保以下核心模块正常工作：\n- 摄像头与传感器\n- 飞行导航系统\n- 数据回传模块\n- 通信设备\n（2）电量检查：确保每架无人机电量≥90%，飞行时间≥3小时。\n（3）无人机进行起飞和降落测试，确保操作稳定。\n\n————————————————————————————————————————————————————————————————————————————————-",
                "content1_msg": "无人机名字或代号：UAV-01、UAV-02、UAV-03、UAV-04、UAV-05  \n时间：2023年9月15日 08:00 – 08:30  \n地点：四川省成都市青白江区地震灾区无人机调度中心（坐标：30.6952°N, 104.0678°E）  \n任务优先级重要性：极高  \n任务描述信息：进行系统检查（包括摄像头与传感器、飞行导航系统、数据回传模块、通信设备），确保电量≥90%且飞行时间≥3小时，进行起飞和降落测试以确保操作稳定。",
                "similarity": 0.7197901847152428
            }
        ]
    },
    {
        "content2_para": "数据分析团队:\n实体关系：实时监控与数据分析\n时间：2023年9月15日 10:00 – 11:00\n地点：四川省成都市青白江区地震灾区无人机调度中心\n任务优先级重要性：极高\n具体任务：实时监控图像数据，识别幸存者位置，并实时反馈给救援队伍。",
        "matches": [
            {
                "content1_para": "实时数据回传与数据分析\n执行时间：2023年9月15日 10:00 – 11:00\n执行地点：四川省成都市青白江区地震灾区无人机调度中心\n执行者：\nUAV-01至UAV-05：数据回传\n数据分析团队：实时监控与数据分析\n任务优先级：极高（确保救援行动的准确性与效率）\n操作步骤：\n（1）UAV-01至UAV-05通过5G网络实时回传图像数据。\n（2）数据分析团队实时监控图像数据，识别幸存者位置，并实时反馈给救援队伍。\n\n————————————————————————————————————————————————————————————————————————————————-",
                "content1_msg": "无人机名字或代号：UAV-01、UAV-02、UAV-03、UAV-04、UAV-05  \n时间：2023年9月15日 10:00 – 11:00  \n地点：四川省成都市青白江区地震灾区无人机调度中心  \n任务优先级重要性：极高  \n任务描述信息：UAV-01至UAV-05通过5G网络实时回传图像数据；数据分析团队实时监控图像数据，识别幸存者位置，并实时反馈给救援队伍。",
                "similarity": 0.8812126458947311
            },
            {
                "content1_para": "无人机准备与设备检查\n执行时间：2023年9月15日 08:00 – 08:30\n执行地点：四川省成都市青白江区地震灾区无人机调度中心（坐标：30.6952°N, 104.0678°E）\n执行者：\nUAV-01至UAV-05：负责搜救任务准备\n任务优先级：极高（时间紧迫，需尽快确定幸存者位置）\n操作步骤：\n（1）UAV-01至UAV-05进行系统检查，确保以下核心模块正常工作：\n- 摄像头与传感器\n- 飞行导航系统\n- 数据回传模块\n- 通信设备\n（2）电量检查：确保每架无人机电量≥90%，飞行时间≥3小时。\n（3）无人机进行起飞和降落测试，确保操作稳定。\n\n————————————————————————————————————————————————————————————————————————————————-",
                "content1_msg": "无人机名字或代号：UAV-01、UAV-02、UAV-03、UAV-04、UAV-05  \n时间：2023年9月15日 08:00 – 08:30  \n地点：四川省成都市青白江区地震灾区无人机调度中心（坐标：30.6952°N, 104.0678°E）  \n任务优先级重要性：极高  \n任务描述信息：进行系统检查（包括摄像头与传感器、飞行导航系统、数据回传模块、通信设备），确保电量≥90%且飞行时间≥3小时，进行起飞和降落测试以确保操作稳定。",
                "similarity": 0.6918599552561016
            }
        ]
    },
    {
        "content2_para": "UAV-01至UAV-05:\n实体关系：物资投送\n时间：2023年9月15日 11:00 – 11:30\n地点：四川省成都市青白江区地震灾区\n任务优先级重要性：高\n具体任务：携带救援物资，分别飞往灾区北部、中部和南部区域进行投送。",
        "matches": [
            {
                "content1_para": "救援物资投送与无人机返航\n执行时间：2023年9月15日 11:00 – 11:30\n执行地点：四川省成都市青白江区地震灾区\n执行者：\nUAV-01至UAV-05：物资投送\n任务优先级：高（确保救援物资及时送达）\n操作步骤：\n（1）UAV-01和UAV-02携带救援物资，飞往灾区北部区域，进行物资投送。\n（2）UAV-03和UAV-04携带救援物资，飞往灾区中部区域，进行物资投送。\n（3）UAV-05携带救援物资，飞往灾区南部区域，进行物资投送。\n（4）所有无人机完成物资投送任务后，按预定航线返航至无人机调度中心。\n\n————————————————————————————————————————————————————————————————————————————————-",
                "content1_msg": "无人机名字或代号：UAV-01、UAV-02、UAV-03、UAV-04、UAV-05  \n时间：2023年9月15日 11:00 – 11:30  \n地点：四川省成都市青白江区地震灾区、无人机调度中心  \n任务优先级重要性：高  \n任务描述信息：（1）UAV-01和UAV-02携带救援物资，飞往灾区北部区域，进行物资投送。  \n（2）UAV-03和UAV-04携带救援物资，飞往灾区中部区域，进行物资投送。  \n（3）UAV-05携带救援物资，飞往灾区南部区域，进行物资投送。  \n（4）所有无人机完成物资投送任务后，按预定航线返航至无人机调度中心。",
                "similarity": 0.7894869664777757
            },
            {
                "content1_para": "实时数据回传与数据分析\n执行时间：2023年9月15日 10:00 – 11:00\n执行地点：四川省成都市青白江区地震灾区无人机调度中心\n执行者：\nUAV-01至UAV-05：数据回传\n数据分析团队：实时监控与数据分析\n任务优先级：极高（确保救援行动的准确性与效率）\n操作步骤：\n（1）UAV-01至UAV-05通过5G网络实时回传图像数据。\n（2）数据分析团队实时监控图像数据，识别幸存者位置，并实时反馈给救援队伍。\n\n————————————————————————————————————————————————————————————————————————————————-",
                "content1_msg": "无人机名字或代号：UAV-01、UAV-02、UAV-03、UAV-04、UAV-05  \n时间：2023年9月15日 10:00 – 11:00  \n地点：四川省成都市青白江区地震灾区无人机调度中心  \n任务优先级重要性：极高  \n任务描述信息：UAV-01至UAV-05通过5G网络实时回传图像数据；数据分析团队实时监控图像数据，识别幸存者位置，并实时反馈给救援队伍。",
                "similarity": 0.726889463238584
            }
        ]
    },
    {
        "content2_para": "UAV-01至UAV-05:\n实体关系：返航\n时间：2023年9月15日 11:30 – 12:00\n地点：四川省成都市青白江区地震灾区无人机调度中心\n任务优先级重要性：高\n具体任务：完成物资投送后，按预定航线返航至无人机调度中心。",
        "matches": [
            {
                "content1_para": "返航与设备维护\n执行时间：2023年9月15日 11:30 – 12:00\n执行地点：四川省成都市青白江区地震灾区无人机调度中心\n执行者：\nUAV-01至UAV-05：执行返航\n维护工程师：执行设备检查与维护\n任务优先级：高（确保无人机设备状态良好，为后续任务做准备）\n操作步骤：\n（1）UAV-01至UAV-05按预定航线返航，确保飞行高度100m，避开地面障碍物。\n（2）维护工程师完成设备电池、电机、传感器的性能检测，记录飞行日志。\n（3）检查影像存储设备，确保数据完整无损。",
                "content1_msg": "无人机名字或代号：UAV-01、UAV-02、UAV-03、UAV-04、UAV-05  \n时间：2023年9月15日 11:30 – 12:00  \n地点：四川省成都市青白江区地震灾区无人机调度中心  \n任务优先级重要性：高  \n任务描述信息：（1）UAV-01至UAV-05按预定航线返航，确保飞行高度100m，避开地面障碍物。（2）维护工程师完成设备电池、电机、传感器的性能检测，记录飞行日志。（3）检查影像存储设备，确保数据完整无损。",
                "similarity": 0.7762131710098015
            },
            {
                "content1_para": "救援物资投送与无人机返航\n执行时间：2023年9月15日 11:00 – 11:30\n执行地点：四川省成都市青白江区地震灾区\n执行者：\nUAV-01至UAV-05：物资投送\n任务优先级：高（确保救援物资及时送达）\n操作步骤：\n（1）UAV-01和UAV-02携带救援物资，飞往灾区北部区域，进行物资投送。\n（2）UAV-03和UAV-04携带救援物资，飞往灾区中部区域，进行物资投送。\n（3）UAV-05携带救援物资，飞往灾区南部区域，进行物资投送。\n（4）所有无人机完成物资投送任务后，按预定航线返航至无人机调度中心。\n\n————————————————————————————————————————————————————————————————————————————————-",
                "content1_msg": "无人机名字或代号：UAV-01、UAV-02、UAV-03、UAV-04、UAV-05  \n时间：2023年9月15日 11:00 – 11:30  \n地点：四川省成都市青白江区地震灾区、无人机调度中心  \n任务优先级重要性：高  \n任务描述信息：（1）UAV-01和UAV-02携带救援物资，飞往灾区北部区域，进行物资投送。  \n（2）UAV-03和UAV-04携带救援物资，飞往灾区中部区域，进行物资投送。  \n（3）UAV-05携带救援物资，飞往灾区南部区域，进行物资投送。  \n（4）所有无人机完成物资投送任务后，按预定航线返航至无人机调度中心。",
                "similarity": 0.7467378493168071
            }
        ]
    },
    {
        "content2_para": "维护工程师:\n实体关系：设备检查与维护\n时间：2023年9月15日 11:30 – 12:00\n地点：四川省成都市青白江区地震灾区无人机调度中心\n任务优先级重要性：高\n具体任务：完成设备电池、电机、传感器的性能检测，记录飞行日志，并检查影像存储设备。",
        "matches": [
            {
                "content1_para": "返航与设备维护\n执行时间：2023年9月15日 11:30 – 12:00\n执行地点：四川省成都市青白江区地震灾区无人机调度中心\n执行者：\nUAV-01至UAV-05：执行返航\n维护工程师：执行设备检查与维护\n任务优先级：高（确保无人机设备状态良好，为后续任务做准备）\n操作步骤：\n（1）UAV-01至UAV-05按预定航线返航，确保飞行高度100m，避开地面障碍物。\n（2）维护工程师完成设备电池、电机、传感器的性能检测，记录飞行日志。\n（3）检查影像存储设备，确保数据完整无损。",
                "content1_msg": "无人机名字或代号：UAV-01、UAV-02、UAV-03、UAV-04、UAV-05  \n时间：2023年9月15日 11:30 – 12:00  \n地点：四川省成都市青白江区地震灾区无人机调度中心  \n任务优先级重要性：高  \n任务描述信息：（1）UAV-01至UAV-05按预定航线返航，确保飞行高度100m，避开地面障碍物。（2）维护工程师完成设备电池、电机、传感器的性能检测，记录飞行日志。（3）检查影像存储设备，确保数据完整无损。",
                "similarity": 0.833677592300562
            },
            {
                "content1_para": "无人机准备与设备检查\n执行时间：2023年9月15日 08:00 – 08:30\n执行地点：四川省成都市青白江区地震灾区无人机调度中心（坐标：30.6952°N, 104.0678°E）\n执行者：\nUAV-01至UAV-05：负责搜救任务准备\n任务优先级：极高（时间紧迫，需尽快确定幸存者位置）\n操作步骤：\n（1）UAV-01至UAV-05进行系统检查，确保以下核心模块正常工作：\n- 摄像头与传感器\n- 飞行导航系统\n- 数据回传模块\n- 通信设备\n（2）电量检查：确保每架无人机电量≥90%，飞行时间≥3小时。\n（3）无人机进行起飞和降落测试，确保操作稳定。\n\n————————————————————————————————————————————————————————————————————————————————-",
                "content1_msg": "无人机名字或代号：UAV-01、UAV-02、UAV-03、UAV-04、UAV-05  \n时间：2023年9月15日 08:00 – 08:30  \n地点：四川省成都市青白江区地震灾区无人机调度中心（坐标：30.6952°N, 104.0678°E）  \n任务优先级重要性：极高  \n任务描述信息：进行系统检查（包括摄像头与传感器、飞行导航系统、数据回传模块、通信设备），确保电量≥90%且飞行时间≥3小时，进行起飞和降落测试以确保操作稳定。",
                "similarity": 0.7023503105075412
            }
        ]
    }
]