[
    {
        "content2_para": "UAV-01:\n实体关系：快递包裹装载\n时间：2023年11月10日 08:00 – 08:10\n地点：北京市海淀区快递中心\n任务优先级重要性：高\n具体任务：装载快递包裹，检查包裹密封及固定情况。",
        "matches": [
            {
                "content1_para": "快递包裹装载（08:10 – 08:20）\n   - UAV-01装载快递包裹，检查包裹密封及固定情况。",
                "content1_msg": "无人机名字或代号：UAV-01  \n时间：2023年11月5日 08:10 – 08:20（假设当前日期，若无具体日期则仅提取时间）  \n地点：未提及  \n任务优先级重要性：未提及  \n任务描述信息：装载快递包裹，检查包裹密封及固定情况。",
                "similarity": 0.8730573346802708
            },
            {
                "content1_para": "无人机快递配送任务执行流程\n\n执行时间：\n2023年11月10日 08:00 – 12:00（任务执行）\n执行地点：\n北京市海淀区快递中心至中关村核心区沿线\n执行者：\nUAV-01至UAV-05\n\n操作步骤：",
                "content1_msg": "无人机名字或代号：UAV-01、UAV-02、UAV-03、UAV-04、UAV-05  \n时间：2023年11月10日 08:00 – 12:00  \n地点：北京市海淀区快递中心至中关村核心区沿线  \n任务优先级重要性：未提及  \n任务描述信息：未提及（仅提到“操作步骤”，但无具体描述）",
                "similarity": 0.7613758862398464
            }
        ]
    },
    {
        "content2_para": "UAV-02至UAV-05:\n实体关系：飞行安全监控\n时间：2023年11月10日 08:00 – 11:20\n地点：北京市海淀区快递中心至中关村核心区沿线\n任务优先级重要性：高\n具体任务：监控飞行安全，确保UAV-01在预定时间内到达目的地。",
        "matches": [
            {
                "content1_para": "快递包裹配送（08:20 – 11:20）\n   - UAV-01起飞，按照预设航线前往中关村核心区。\n   - 沿途UAV-02至UAV-05负责监控飞行安全，确保UAV-01在预定时间内到达目的地。",
                "content1_msg": "无人机名字或代号：UAV-01、UAV-02、UAV-03、UAV-04、UAV-05  \n时间：08:20 – 11:20  \n地点：中关村核心区  \n任务优先级重要性：未提及  \n任务描述信息：UAV-01起飞，按照预设航线前往中关村核心区；沿途UAV-02至UAV-05负责监控飞行安全，确保UAV-01在预定时间内到达目的地。",
                "similarity": 0.8255844719035782
            },
            {
                "content1_para": "无人机快递配送任务执行流程\n\n执行时间：\n2023年11月10日 08:00 – 12:00（任务执行）\n执行地点：\n北京市海淀区快递中心至中关村核心区沿线\n执行者：\nUAV-01至UAV-05\n\n操作步骤：",
                "content1_msg": "无人机名字或代号：UAV-01、UAV-02、UAV-03、UAV-04、UAV-05  \n时间：2023年11月10日 08:00 – 12:00  \n地点：北京市海淀区快递中心至中关村核心区沿线  \n任务优先级重要性：未提及  \n任务描述信息：未提及（仅提到“操作步骤”，但无具体描述）",
                "similarity": 0.7820308989051759
            }
        ]
    },
    {
        "content2_para": "UAV-01:\n实体关系：快递包裹配送\n时间：2023年11月10日 08:20 – 11:20\n地点：北京市海淀区快递中心至中关村核心区\n任务优先级重要性：高\n具体任务：起飞，按照预设航线前往中关村核心区。",
        "matches": [
            {
                "content1_para": "快递包裹配送（08:20 – 11:20）\n   - UAV-01起飞，按照预设航线前往中关村核心区。\n   - 沿途UAV-02至UAV-05负责监控飞行安全，确保UAV-01在预定时间内到达目的地。",
                "content1_msg": "无人机名字或代号：UAV-01、UAV-02、UAV-03、UAV-04、UAV-05  \n时间：08:20 – 11:20  \n地点：中关村核心区  \n任务优先级重要性：未提及  \n任务描述信息：UAV-01起飞，按照预设航线前往中关村核心区；沿途UAV-02至UAV-05负责监控飞行安全，确保UAV-01在预定时间内到达目的地。",
                "similarity": 0.8380233924937197
            },
            {
                "content1_para": "快递包裹交付（11:20 – 11:30）\n   - UAV-01抵达目的地，将快递包裹交付给收件人。",
                "content1_msg": "无人机名字或代号：UAV-01  \n时间：11:20 – 11:30  \n地点：未提及  \n任务优先级重要性：未提及  \n任务描述信息：抵达目的地，将快递包裹交付给收件人。",
                "similarity": 0.7407932779152153
            }
        ]
    },
    {
        "content2_para": "UAV-01:\n实体关系：快递包裹交付\n时间：2023年11月10日 11:20 – 11:30\n地点：北京市海淀区中关村核心区\n任务优先级重要性：高\n具体任务：抵达目的地，将快递包裹交付给收件人。",
        "matches": [
            {
                "content1_para": "快递包裹交付（11:20 – 11:30）\n   - UAV-01抵达目的地，将快递包裹交付给收件人。",
                "content1_msg": "无人机名字或代号：UAV-01  \n时间：11:20 – 11:30  \n地点：未提及  \n任务优先级重要性：未提及  \n任务描述信息：抵达目的地，将快递包裹交付给收件人。",
                "similarity": 0.8843665555588054
            },
            {
                "content1_para": "快递包裹配送（08:20 – 11:20）\n   - UAV-01起飞，按照预设航线前往中关村核心区。\n   - 沿途UAV-02至UAV-05负责监控飞行安全，确保UAV-01在预定时间内到达目的地。",
                "content1_msg": "无人机名字或代号：UAV-01、UAV-02、UAV-03、UAV-04、UAV-05  \n时间：08:20 – 11:20  \n地点：中关村核心区  \n任务优先级重要性：未提及  \n任务描述信息：UAV-01起飞，按照预设航线前往中关村核心区；沿途UAV-02至UAV-05负责监控飞行安全，确保UAV-01在预定时间内到达目的地。",
                "similarity": 0.707405826514623
            }
        ]
    },
    {
        "content2_para": "UAV-01:\n实体关系：无人机返航与降落\n时间：2023年11月10日 11:30 – 12:00\n地点：北京市海淀区快递中心\n任务优先级重要性：高\n具体任务：返航，返回快递中心进行充电及数据传输。",
        "matches": [
            {
                "content1_para": "无人机返航与降落（11:30 – 12:00）\n   - UAV-01返航，返回快递中心进行充电及数据传输。\n   - 其他无人机保持警戒，确保飞行安全。\n\n————————————————————————————————————————————————————————————————————————————————-",
                "content1_msg": "无人机名字或代号：UAV-01  \n时间：11:30 – 12:00  \n地点：快递中心  \n任务优先级重要性：未提及  \n任务描述信息：返航，返回快递中心进行充电及数据传输。其他无人机保持警戒，确保飞行安全。",
                "similarity": 0.8782291716286965
            },
            {
                "content1_para": "无人机快递配送任务执行流程\n\n执行时间：\n2023年11月10日 08:00 – 12:00（任务执行）\n执行地点：\n北京市海淀区快递中心至中关村核心区沿线\n执行者：\nUAV-01至UAV-05\n\n操作步骤：",
                "content1_msg": "无人机名字或代号：UAV-01、UAV-02、UAV-03、UAV-04、UAV-05  \n时间：2023年11月10日 08:00 – 12:00  \n地点：北京市海淀区快递中心至中关村核心区沿线  \n任务优先级重要性：未提及  \n任务描述信息：未提及（仅提到“操作步骤”，但无具体描述）",
                "similarity": 0.7613056299428469
            }
        ]
    },
    {
        "content2_para": "UAV-02至UAV-05:\n实体关系：警戒与维护\n时间：2023年11月10日 11:30 – 12:00\n地点：北京市海淀区快递中心至中关村核心区沿线\n任务优先级重要性：高\n具体任务：保持警戒，确保飞行安全。",
        "matches": [
            {
                "content1_para": "无人机快递配送任务执行流程\n\n执行时间：\n2023年11月10日 08:00 – 12:00（任务执行）\n执行地点：\n北京市海淀区快递中心至中关村核心区沿线\n执行者：\nUAV-01至UAV-05\n\n操作步骤：",
                "content1_msg": "无人机名字或代号：UAV-01、UAV-02、UAV-03、UAV-04、UAV-05  \n时间：2023年11月10日 08:00 – 12:00  \n地点：北京市海淀区快递中心至中关村核心区沿线  \n任务优先级重要性：未提及  \n任务描述信息：未提及（仅提到“操作步骤”，但无具体描述）",
                "similarity": 0.8091629027768791
            },
            {
                "content1_para": "无人机返航与降落（11:30 – 12:00）\n   - UAV-01返航，返回快递中心进行充电及数据传输。\n   - 其他无人机保持警戒，确保飞行安全。\n\n————————————————————————————————————————————————————————————————————————————————-",
                "content1_msg": "无人机名字或代号：UAV-01  \n时间：11:30 – 12:00  \n地点：快递中心  \n任务优先级重要性：未提及  \n任务描述信息：返航，返回快递中心进行充电及数据传输。其他无人机保持警戒，确保飞行安全。",
                "similarity": 0.7777935885826239
            }
        ]
    },
    {
        "content2_para": "- **快递包裹配送时间**：确保≤40分钟送达。\n- **无人机航程**：确保≤20公里。\n- **数据传输速度**：确保≤10秒/次。\n- **飞行异常自动纠正**：若发现异常，系统自动调整航向。\n- **通讯中断应急预案**：若通信中断，自动切换至备用频道。\n- **设备故障快速更换**：若设备故障，备用无人机立即接替任务。",
        "matches": [
            {
                "content1_para": "任务预警与应急措施\n\n飞行异常自动纠正：\n若发现无人机飞行路径异常，系统自动调整航向，确保飞行安全。\n\n通讯中断应急预案：\n若通信链路中断，无人机自动切换至备用通信频道，确保数据传输不间断。\n\n设备故障快速更换：\n若无人机出现故障，备用无人机立即接替任务，确保快递配送顺利进行。\n\n————————————————————————————————————————————————————————————————————————————————-",
                "content1_msg": "无人机名字或代号：未提及  \n时间：未提及  \n地点：未提及  \n任务优先级重要性：未提及  \n任务描述信息：飞行路径异常时系统自动调整航向；通信链路中断时切换至备用通信频道；设备故障时备用无人机接替任务。",
                "similarity": 0.8158014198995589
            },
            {
                "content1_para": "目标完成标准\n\n快递包裹配送时间：\n≤40分钟（确保快递包裹在预定时间内送达）\n\n无人机航程：\n≤20公里（确保无人机在任务范围内完成任务）\n\n数据传输速度：\n≤10秒/次（确保数据传输迅速，提高配送效率）",
                "content1_msg": "无人机名字或代号：未提及  \n时间：未提及  \n地点：未提及  \n任务优先级重要性：未提及  \n任务描述信息：快递包裹配送、数据传输速度保障（隐含任务描述，确保配送和数据传输效率）",
                "similarity": 0.7706145746203594
            }
        ]
    }
]