[
    {
        "paragraph": "无人机快递配送任务执行\n\n执行时间：\n2023年11月10日 08:00 – 12:00（任务执行）\n执行地点：\n北京市海淀区中关村核心区（坐标：39.9902°N, 116.3313°E）\n执行者：\nUAV-01至UAV-05\n任务优先级：\n高（涉及快递时效性，需确保准时送达）\n任务重要性：\n高（保证客户满意度，提高企业信誉）\n\n任务描述：\n本次任务为无人机快递配送，从北京市海淀区快递中心（坐标：39.9939°N, 116.3297°E）至北京市海淀区中关村核心区（坐标：39.9902°N, 116.3313°E）的快递包裹配送。\n\n————————————————————————————————————————————————————————————————————————————————-",
        "key_message": "无人机名字或代号：UAV-01、UAV-02、UAV-03、UAV-04、UAV-05  \n时间：2023年11月10日 08:00 – 12:00  \n地点：北京市海淀区中关村核心区（坐标：39.9902°N, 116.3313°E）、北京市海淀区快递中心（坐标：39.9939°N, 116.3297°E）  \n任务优先级重要性：高  \n任务描述信息：从北京市海淀区快递中心至北京市海淀区中关村核心区的快递包裹配送。"
    },
    {
        "paragraph": "无人机快递配送任务执行流程\n\n执行时间：\n2023年11月10日 08:00 – 12:00（任务执行）\n执行地点：\n北京市海淀区快递中心至中关村核心区沿线\n执行者：\nUAV-01至UAV-05\n\n操作步骤：",
        "key_message": "无人机名字或代号：UAV-01、UAV-02、UAV-03、UAV-04、UAV-05  \n时间：2023年11月10日 08:00 – 12:00  \n地点：北京市海淀区快递中心至中关村核心区沿线  \n任务优先级重要性：未提及  \n任务描述信息：未提及（仅提到“操作步骤”，但无具体描述）"
    },
    {
        "paragraph": "无人机起飞与路径校准（08:00 – 08:10）\n   - UAV-01至UAV-05依次起飞，校准飞行路径，确保导航系统准确无误。",
        "key_message": "无人机名字或代号：UAV-01、UAV-02、UAV-03、UAV-04、UAV-05  \n时间：08:00 – 08:10  \n地点：未提及  \n任务优先级重要性：未提及  \n任务描述信息：依次起飞，校准飞行路径，确保导航系统准确无误。"
    },
    {
        "paragraph": "快递包裹装载（08:10 – 08:20）\n   - UAV-01装载快递包裹，检查包裹密封及固定情况。",
        "key_message": "无人机名字或代号：UAV-01  \n时间：2023年11月5日 08:10 – 08:20（假设当前日期，若无具体日期则仅提取时间）  \n地点：未提及  \n任务优先级重要性：未提及  \n任务描述信息：装载快递包裹，检查包裹密封及固定情况。"
    },
    {
        "paragraph": "快递包裹配送（08:20 – 11:20）\n   - UAV-01起飞，按照预设航线前往中关村核心区。\n   - 沿途UAV-02至UAV-05负责监控飞行安全，确保UAV-01在预定时间内到达目的地。",
        "key_message": "无人机名字或代号：UAV-01、UAV-02、UAV-03、UAV-04、UAV-05  \n时间：08:20 – 11:20  \n地点：中关村核心区  \n任务优先级重要性：未提及  \n任务描述信息：UAV-01起飞，按照预设航线前往中关村核心区；沿途UAV-02至UAV-05负责监控飞行安全，确保UAV-01在预定时间内到达目的地。"
    },
    {
        "paragraph": "快递包裹交付（11:20 – 11:30）\n   - UAV-01抵达目的地，将快递包裹交付给收件人。",
        "key_message": "无人机名字或代号：UAV-01  \n时间：11:20 – 11:30  \n地点：未提及  \n任务优先级重要性：未提及  \n任务描述信息：抵达目的地，将快递包裹交付给收件人。"
    },
    {
        "paragraph": "无人机返航与降落（11:30 – 12:00）\n   - UAV-01返航，返回快递中心进行充电及数据传输。\n   - 其他无人机保持警戒，确保飞行安全。\n\n————————————————————————————————————————————————————————————————————————————————-",
        "key_message": "无人机名字或代号：UAV-01  \n时间：11:30 – 12:00  \n地点：快递中心  \n任务优先级重要性：未提及  \n任务描述信息：返航，返回快递中心进行充电及数据传输。其他无人机保持警戒，确保飞行安全。"
    },
    {
        "paragraph": "任务完成标准\n\n快递包裹配送成功率：\n100%（确保所有快递包裹按时送达）\n\n无人机飞行稳定性：\n无异常情况，无人机航时≥3小时\n\n数据传输准确性：\n100%（确保快递包裹配送过程中的数据传输准确无误）\n\n任务完成时间：\n在预定时间内完成，确保客户满意度\n\n————————————————————————————————————————————————————————————————————————————————-",
        "key_message": "无人机名字或代号：未提及  \n时间：未提及  \n地点：未提及  \n任务优先级重要性：未提及  \n任务描述信息：快递包裹配送、确保所有快递包裹按时送达、无人机飞行稳定性监控、数据传输准确性保障"
    },
    {
        "paragraph": "任务预警与应急措施\n\n飞行异常自动纠正：\n若发现无人机飞行路径异常，系统自动调整航向，确保飞行安全。\n\n通讯中断应急预案：\n若通信链路中断，无人机自动切换至备用通信频道，确保数据传输不间断。\n\n设备故障快速更换：\n若无人机出现故障，备用无人机立即接替任务，确保快递配送顺利进行。\n\n————————————————————————————————————————————————————————————————————————————————-",
        "key_message": "无人机名字或代号：未提及  \n时间：未提及  \n地点：未提及  \n任务优先级重要性：未提及  \n任务描述信息：飞行路径异常时系统自动调整航向；通信链路中断时切换至备用通信频道；设备故障时备用无人机接替任务。"
    },
    {
        "paragraph": "目标完成标准\n\n快递包裹配送时间：\n≤40分钟（确保快递包裹在预定时间内送达）\n\n无人机航程：\n≤20公里（确保无人机在任务范围内完成任务）\n\n数据传输速度：\n≤10秒/次（确保数据传输迅速，提高配送效率）",
        "key_message": "无人机名字或代号：未提及  \n时间：未提及  \n地点：未提及  \n任务优先级重要性：未提及  \n任务描述信息：快递包裹配送、数据传输速度保障（隐含任务描述，确保配送和数据传输效率）"
    }
]