[
    {
        "content2_para": "UAV-01:\n实体关系：准备与起飞\n时间：2023年11月10日 08:00 – 08:10\n地点：上海市浦东新区世纪大道地铁站附近\n任务优先级重要性：高\n具体任务：进行设备检查，确认货物装载无误后起飞。",
        "matches": [
            {
                "content1_para": "无人机快递配送任务执行\n执行时间\n：2023年11月10日 08:00 – 12:00\n执行地点\n：上海市浦东新区，具体配送区域为从世纪大道地铁站（东经121.5054°, 北纬31.2304°）至陆家嘴金融中心（东经121.5063°, 北纬31.2300°）\n执行者\n：无人机配送集群\n操作步骤\n：\n1.1 无人机准备与起飞\n（08:00 – 08:10）\nUAV-01至UAV-05在指定起飞点进行最后的设备检查，确认货物装载无误后，依次起飞。\n\n1.2 货物配送路线规划\n（08:10 – 08:20）\nUAV-01至UAV-05根据实时交通状况和配送需求，由地面控制中心计算出最优配送路线。\n\n1.3 首次配送任务执行\n（08:20 – 08:40）\nUAV-01负责将位于世纪大道地铁站附近的快递（编号：PX12345）送往东昌路地铁站（东经121.5037°, 北纬31.2260°）。\n\n1.4 第二次配送任务执行\n（08:40 – 08:50）\nUAV-02负责将位于世纪大道地铁站附近的快递（编号：PX67890）送往陆家嘴金融中心。\n\n1.5 第三次配送任务执行\n（08:50 – 09:10）\nUAV",
                "content1_msg": "无人机名字或代号：UAV-01、UAV-02、UAV-03、UAV-04、UAV-05  \n时间：2023年11月10日 08:00 – 12:00、2023年11月10日 08:00 – 08:10、2023年11月10日 08:10 – 08:20、2023年11月10日 08:20 – 08:40、2023年11月10日 08:40 – 08:50、2023年11月10日 08:50 – 09:10  \n地点：上海市浦东新区、世纪大道地铁站（东经121.5054°, 北纬31.2304°）、陆家嘴金融中心（东经121.5063°, 北纬31.2300°）、东昌路地铁站（东经121.5037°, 北纬31.2260°）  \n任务优先级重要性：未提及  \n任务描述信息：  \n- UAV-01至UAV-05在指定起飞点进行最后的设备检查，确认货物装载无误后，依次起飞。  \n- UAV-01至UAV-05根据实时交通状况和配送需求，由地面控制中心计算出最优配送路线。  \n- UAV-01负责将位于世纪大道地铁站附近的快递（编号：PX12345）送往东昌路地铁站。  \n- UAV-02负责将位于世纪大道地铁站附近的快递（编号：PX67890）送往陆家嘴金融中心。  \n- 第三次配送任务执行（未完整描述，推测为UAV相关配送任务）。",
                "similarity": 0.8710212750269059
            },
            {
                "content1_para": "无人机快递紧急配送任务执行\n执行时间\n：2023年11月11日 15:00 – 17:00\n执行地点\n：上海市普陀区，具体配送区域为从长寿路地铁站（东经121.4073°, 北纬31.2248°）至中山公园地铁站（东经121.4151°, 北纬31.2361°）\n执行者\n：无人机配送集群\n操作步骤\n：\n2.1 紧急任务启动\n（15:00 – 15:10）\n地面控制中心收到紧急配送请求，立即启动无人机紧急配送流程。\n\n2.2 紧急配送任务分配\n（15:10 – 15:20）\nUAV-06被选中执行紧急配送任务，将位于长寿路地铁站附近的急救药品（编号：EM001）送往中山公园地铁站。\n\n2.3 紧急配送路线规划\n（15:20 – 15:30）\nUAV-06根据实时交通状况和配送需求，由地面控制中心计算出最优配送路线。\n\n2.4 紧急配送任务执行\n（15:30 – 16:30）\nUAV-06从长寿路地铁站起飞，按照预设路线前往中山公园地铁站。\n\n2.5 紧急配送任务完成与返航\n（16:30 – 17:00）\nUAV-06完成急救药品的紧急配送任务后，返回长寿路地铁站进行电量检查和设备维护。\n\n任务优先级\n：最高（急",
                "content1_msg": "无人机名字或代号：UAV-06  \n时间：2023年11月11日 15:00 – 17:00、2023年11月11日 15:00 – 15:10、2023年11月11日 15:10 – 15:20、2023年11月11日 15:20 – 15:30、2023年11月11日 15:30 – 16:30、2023年11月11日 16:30 – 17:00  \n地点：上海市普陀区、长寿路地铁站（东经121.4073°, 北纬31.2248°）、中山公园地铁站（东经121.4151°, 北纬31.2361°）  \n任务优先级重要性：最高（急）  \n任务描述信息：地面控制中心收到紧急配送请求，立即启动无人机紧急配送流程；UAV-06被选中执行紧急配送任务，将位于长寿路地铁站附近的急救药品（编号：EM001）送往中山公园地铁站；UAV-06根据实时交通状况和配送需求，由地面控制中心计算出最优配送路线；UAV-06从长寿路地铁站起飞，按照预设路线前往中山公园地铁站；UAV-06完成急救药品的紧急配送任务后，返回长寿路地铁站进行电量检查和设备维护。",
                "similarity": 0.6750508749425187
            }
        ]
    },
    {
        "content2_para": "UAV-02至UAV-05:\n实体关系：准备与起飞\n时间：2023年11月10日 08:00 – 08:10\n地点：上海市浦东新区世纪大道地铁站附近\n任务优先级重要性：高\n具体任务：进行设备检查，确认货物装载无误后依次起飞。",
        "matches": [
            {
                "content1_para": "无人机快递配送任务执行\n执行时间\n：2023年11月10日 08:00 – 12:00\n执行地点\n：上海市浦东新区，具体配送区域为从世纪大道地铁站（东经121.5054°, 北纬31.2304°）至陆家嘴金融中心（东经121.5063°, 北纬31.2300°）\n执行者\n：无人机配送集群\n操作步骤\n：\n1.1 无人机准备与起飞\n（08:00 – 08:10）\nUAV-01至UAV-05在指定起飞点进行最后的设备检查，确认货物装载无误后，依次起飞。\n\n1.2 货物配送路线规划\n（08:10 – 08:20）\nUAV-01至UAV-05根据实时交通状况和配送需求，由地面控制中心计算出最优配送路线。\n\n1.3 首次配送任务执行\n（08:20 – 08:40）\nUAV-01负责将位于世纪大道地铁站附近的快递（编号：PX12345）送往东昌路地铁站（东经121.5037°, 北纬31.2260°）。\n\n1.4 第二次配送任务执行\n（08:40 – 08:50）\nUAV-02负责将位于世纪大道地铁站附近的快递（编号：PX67890）送往陆家嘴金融中心。\n\n1.5 第三次配送任务执行\n（08:50 – 09:10）\nUAV",
                "content1_msg": "无人机名字或代号：UAV-01、UAV-02、UAV-03、UAV-04、UAV-05  \n时间：2023年11月10日 08:00 – 12:00、2023年11月10日 08:00 – 08:10、2023年11月10日 08:10 – 08:20、2023年11月10日 08:20 – 08:40、2023年11月10日 08:40 – 08:50、2023年11月10日 08:50 – 09:10  \n地点：上海市浦东新区、世纪大道地铁站（东经121.5054°, 北纬31.2304°）、陆家嘴金融中心（东经121.5063°, 北纬31.2300°）、东昌路地铁站（东经121.5037°, 北纬31.2260°）  \n任务优先级重要性：未提及  \n任务描述信息：  \n- UAV-01至UAV-05在指定起飞点进行最后的设备检查，确认货物装载无误后，依次起飞。  \n- UAV-01至UAV-05根据实时交通状况和配送需求，由地面控制中心计算出最优配送路线。  \n- UAV-01负责将位于世纪大道地铁站附近的快递（编号：PX12345）送往东昌路地铁站。  \n- UAV-02负责将位于世纪大道地铁站附近的快递（编号：PX67890）送往陆家嘴金融中心。  \n- 第三次配送任务执行（未完整描述，推测为UAV相关配送任务）。",
                "similarity": 0.8758008522821549
            },
            {
                "content1_para": "无人机快递紧急配送任务执行\n执行时间\n：2023年11月11日 15:00 – 17:00\n执行地点\n：上海市普陀区，具体配送区域为从长寿路地铁站（东经121.4073°, 北纬31.2248°）至中山公园地铁站（东经121.4151°, 北纬31.2361°）\n执行者\n：无人机配送集群\n操作步骤\n：\n2.1 紧急任务启动\n（15:00 – 15:10）\n地面控制中心收到紧急配送请求，立即启动无人机紧急配送流程。\n\n2.2 紧急配送任务分配\n（15:10 – 15:20）\nUAV-06被选中执行紧急配送任务，将位于长寿路地铁站附近的急救药品（编号：EM001）送往中山公园地铁站。\n\n2.3 紧急配送路线规划\n（15:20 – 15:30）\nUAV-06根据实时交通状况和配送需求，由地面控制中心计算出最优配送路线。\n\n2.4 紧急配送任务执行\n（15:30 – 16:30）\nUAV-06从长寿路地铁站起飞，按照预设路线前往中山公园地铁站。\n\n2.5 紧急配送任务完成与返航\n（16:30 – 17:00）\nUAV-06完成急救药品的紧急配送任务后，返回长寿路地铁站进行电量检查和设备维护。\n\n任务优先级\n：最高（急",
                "content1_msg": "无人机名字或代号：UAV-06  \n时间：2023年11月11日 15:00 – 17:00、2023年11月11日 15:00 – 15:10、2023年11月11日 15:10 – 15:20、2023年11月11日 15:20 – 15:30、2023年11月11日 15:30 – 16:30、2023年11月11日 16:30 – 17:00  \n地点：上海市普陀区、长寿路地铁站（东经121.4073°, 北纬31.2248°）、中山公园地铁站（东经121.4151°, 北纬31.2361°）  \n任务优先级重要性：最高（急）  \n任务描述信息：地面控制中心收到紧急配送请求，立即启动无人机紧急配送流程；UAV-06被选中执行紧急配送任务，将位于长寿路地铁站附近的急救药品（编号：EM001）送往中山公园地铁站；UAV-06根据实时交通状况和配送需求，由地面控制中心计算出最优配送路线；UAV-06从长寿路地铁站起飞，按照预设路线前往中山公园地铁站；UAV-06完成急救药品的紧急配送任务后，返回长寿路地铁站进行电量检查和设备维护。",
                "similarity": 0.6798131668507829
            }
        ]
    },
    {
        "content2_para": "UAV-01至UAV-05:\n实体关系：路线规划\n时间：2023年11月10日 08:10 – 08:20\n地点：上海市浦东新区世纪大道地铁站附近\n任务优先级重要性：高\n具体任务：根据实时交通状况和配送需求，规划最优配送路线。",
        "matches": [
            {
                "content1_para": "无人机快递配送任务执行\n执行时间\n：2023年11月10日 08:00 – 12:00\n执行地点\n：上海市浦东新区，具体配送区域为从世纪大道地铁站（东经121.5054°, 北纬31.2304°）至陆家嘴金融中心（东经121.5063°, 北纬31.2300°）\n执行者\n：无人机配送集群\n操作步骤\n：\n1.1 无人机准备与起飞\n（08:00 – 08:10）\nUAV-01至UAV-05在指定起飞点进行最后的设备检查，确认货物装载无误后，依次起飞。\n\n1.2 货物配送路线规划\n（08:10 – 08:20）\nUAV-01至UAV-05根据实时交通状况和配送需求，由地面控制中心计算出最优配送路线。\n\n1.3 首次配送任务执行\n（08:20 – 08:40）\nUAV-01负责将位于世纪大道地铁站附近的快递（编号：PX12345）送往东昌路地铁站（东经121.5037°, 北纬31.2260°）。\n\n1.4 第二次配送任务执行\n（08:40 – 08:50）\nUAV-02负责将位于世纪大道地铁站附近的快递（编号：PX67890）送往陆家嘴金融中心。\n\n1.5 第三次配送任务执行\n（08:50 – 09:10）\nUAV",
                "content1_msg": "无人机名字或代号：UAV-01、UAV-02、UAV-03、UAV-04、UAV-05  \n时间：2023年11月10日 08:00 – 12:00、2023年11月10日 08:00 – 08:10、2023年11月10日 08:10 – 08:20、2023年11月10日 08:20 – 08:40、2023年11月10日 08:40 – 08:50、2023年11月10日 08:50 – 09:10  \n地点：上海市浦东新区、世纪大道地铁站（东经121.5054°, 北纬31.2304°）、陆家嘴金融中心（东经121.5063°, 北纬31.2300°）、东昌路地铁站（东经121.5037°, 北纬31.2260°）  \n任务优先级重要性：未提及  \n任务描述信息：  \n- UAV-01至UAV-05在指定起飞点进行最后的设备检查，确认货物装载无误后，依次起飞。  \n- UAV-01至UAV-05根据实时交通状况和配送需求，由地面控制中心计算出最优配送路线。  \n- UAV-01负责将位于世纪大道地铁站附近的快递（编号：PX12345）送往东昌路地铁站。  \n- UAV-02负责将位于世纪大道地铁站附近的快递（编号：PX67890）送往陆家嘴金融中心。  \n- 第三次配送任务执行（未完整描述，推测为UAV相关配送任务）。",
                "similarity": 0.8494816609243516
            },
            {
                "content1_para": "无人机快递紧急配送任务执行\n执行时间\n：2023年11月11日 15:00 – 17:00\n执行地点\n：上海市普陀区，具体配送区域为从长寿路地铁站（东经121.4073°, 北纬31.2248°）至中山公园地铁站（东经121.4151°, 北纬31.2361°）\n执行者\n：无人机配送集群\n操作步骤\n：\n2.1 紧急任务启动\n（15:00 – 15:10）\n地面控制中心收到紧急配送请求，立即启动无人机紧急配送流程。\n\n2.2 紧急配送任务分配\n（15:10 – 15:20）\nUAV-06被选中执行紧急配送任务，将位于长寿路地铁站附近的急救药品（编号：EM001）送往中山公园地铁站。\n\n2.3 紧急配送路线规划\n（15:20 – 15:30）\nUAV-06根据实时交通状况和配送需求，由地面控制中心计算出最优配送路线。\n\n2.4 紧急配送任务执行\n（15:30 – 16:30）\nUAV-06从长寿路地铁站起飞，按照预设路线前往中山公园地铁站。\n\n2.5 紧急配送任务完成与返航\n（16:30 – 17:00）\nUAV-06完成急救药品的紧急配送任务后，返回长寿路地铁站进行电量检查和设备维护。\n\n任务优先级\n：最高（急",
                "content1_msg": "无人机名字或代号：UAV-06  \n时间：2023年11月11日 15:00 – 17:00、2023年11月11日 15:00 – 15:10、2023年11月11日 15:10 – 15:20、2023年11月11日 15:20 – 15:30、2023年11月11日 15:30 – 16:30、2023年11月11日 16:30 – 17:00  \n地点：上海市普陀区、长寿路地铁站（东经121.4073°, 北纬31.2248°）、中山公园地铁站（东经121.4151°, 北纬31.2361°）  \n任务优先级重要性：最高（急）  \n任务描述信息：地面控制中心收到紧急配送请求，立即启动无人机紧急配送流程；UAV-06被选中执行紧急配送任务，将位于长寿路地铁站附近的急救药品（编号：EM001）送往中山公园地铁站；UAV-06根据实时交通状况和配送需求，由地面控制中心计算出最优配送路线；UAV-06从长寿路地铁站起飞，按照预设路线前往中山公园地铁站；UAV-06完成急救药品的紧急配送任务后，返回长寿路地铁站进行电量检查和设备维护。",
                "similarity": 0.6743570665273861
            }
        ]
    },
    {
        "content2_para": "UAV-01:\n实体关系：首次配送任务\n时间：2023年11月10日 08:20 – 08:40\n地点：世纪大道地铁站至东昌路地铁站\n任务优先级重要性：高\n具体任务：将快递PX12345送往东昌路地铁站。",
        "matches": [
            {
                "content1_para": "无人机快递配送任务执行\n执行时间\n：2023年11月10日 08:00 – 12:00\n执行地点\n：上海市浦东新区，具体配送区域为从世纪大道地铁站（东经121.5054°, 北纬31.2304°）至陆家嘴金融中心（东经121.5063°, 北纬31.2300°）\n执行者\n：无人机配送集群\n操作步骤\n：\n1.1 无人机准备与起飞\n（08:00 – 08:10）\nUAV-01至UAV-05在指定起飞点进行最后的设备检查，确认货物装载无误后，依次起飞。\n\n1.2 货物配送路线规划\n（08:10 – 08:20）\nUAV-01至UAV-05根据实时交通状况和配送需求，由地面控制中心计算出最优配送路线。\n\n1.3 首次配送任务执行\n（08:20 – 08:40）\nUAV-01负责将位于世纪大道地铁站附近的快递（编号：PX12345）送往东昌路地铁站（东经121.5037°, 北纬31.2260°）。\n\n1.4 第二次配送任务执行\n（08:40 – 08:50）\nUAV-02负责将位于世纪大道地铁站附近的快递（编号：PX67890）送往陆家嘴金融中心。\n\n1.5 第三次配送任务执行\n（08:50 – 09:10）\nUAV",
                "content1_msg": "无人机名字或代号：UAV-01、UAV-02、UAV-03、UAV-04、UAV-05  \n时间：2023年11月10日 08:00 – 12:00、2023年11月10日 08:00 – 08:10、2023年11月10日 08:10 – 08:20、2023年11月10日 08:20 – 08:40、2023年11月10日 08:40 – 08:50、2023年11月10日 08:50 – 09:10  \n地点：上海市浦东新区、世纪大道地铁站（东经121.5054°, 北纬31.2304°）、陆家嘴金融中心（东经121.5063°, 北纬31.2300°）、东昌路地铁站（东经121.5037°, 北纬31.2260°）  \n任务优先级重要性：未提及  \n任务描述信息：  \n- UAV-01至UAV-05在指定起飞点进行最后的设备检查，确认货物装载无误后，依次起飞。  \n- UAV-01至UAV-05根据实时交通状况和配送需求，由地面控制中心计算出最优配送路线。  \n- UAV-01负责将位于世纪大道地铁站附近的快递（编号：PX12345）送往东昌路地铁站。  \n- UAV-02负责将位于世纪大道地铁站附近的快递（编号：PX67890）送往陆家嘴金融中心。  \n- 第三次配送任务执行（未完整描述，推测为UAV相关配送任务）。",
                "similarity": 0.8426262249864884
            },
            {
                "content1_para": "无人机快递紧急配送任务执行\n执行时间\n：2023年11月11日 15:00 – 17:00\n执行地点\n：上海市普陀区，具体配送区域为从长寿路地铁站（东经121.4073°, 北纬31.2248°）至中山公园地铁站（东经121.4151°, 北纬31.2361°）\n执行者\n：无人机配送集群\n操作步骤\n：\n2.1 紧急任务启动\n（15:00 – 15:10）\n地面控制中心收到紧急配送请求，立即启动无人机紧急配送流程。\n\n2.2 紧急配送任务分配\n（15:10 – 15:20）\nUAV-06被选中执行紧急配送任务，将位于长寿路地铁站附近的急救药品（编号：EM001）送往中山公园地铁站。\n\n2.3 紧急配送路线规划\n（15:20 – 15:30）\nUAV-06根据实时交通状况和配送需求，由地面控制中心计算出最优配送路线。\n\n2.4 紧急配送任务执行\n（15:30 – 16:30）\nUAV-06从长寿路地铁站起飞，按照预设路线前往中山公园地铁站。\n\n2.5 紧急配送任务完成与返航\n（16:30 – 17:00）\nUAV-06完成急救药品的紧急配送任务后，返回长寿路地铁站进行电量检查和设备维护。\n\n任务优先级\n：最高（急",
                "content1_msg": "无人机名字或代号：UAV-06  \n时间：2023年11月11日 15:00 – 17:00、2023年11月11日 15:00 – 15:10、2023年11月11日 15:10 – 15:20、2023年11月11日 15:20 – 15:30、2023年11月11日 15:30 – 16:30、2023年11月11日 16:30 – 17:00  \n地点：上海市普陀区、长寿路地铁站（东经121.4073°, 北纬31.2248°）、中山公园地铁站（东经121.4151°, 北纬31.2361°）  \n任务优先级重要性：最高（急）  \n任务描述信息：地面控制中心收到紧急配送请求，立即启动无人机紧急配送流程；UAV-06被选中执行紧急配送任务，将位于长寿路地铁站附近的急救药品（编号：EM001）送往中山公园地铁站；UAV-06根据实时交通状况和配送需求，由地面控制中心计算出最优配送路线；UAV-06从长寿路地铁站起飞，按照预设路线前往中山公园地铁站；UAV-06完成急救药品的紧急配送任务后，返回长寿路地铁站进行电量检查和设备维护。",
                "similarity": 0.6627977695412617
            }
        ]
    },
    {
        "content2_para": "UAV-02:\n实体关系：第二次配送任务\n时间：2023年11月10日 08:40 – 08:50\n地点：世纪大道地铁站至陆家嘴金融中心\n任务优先级重要性：高\n具体任务：将快递PX67890送往陆家嘴金融中心。",
        "matches": [
            {
                "content1_para": "无人机快递配送任务执行\n执行时间\n：2023年11月10日 08:00 – 12:00\n执行地点\n：上海市浦东新区，具体配送区域为从世纪大道地铁站（东经121.5054°, 北纬31.2304°）至陆家嘴金融中心（东经121.5063°, 北纬31.2300°）\n执行者\n：无人机配送集群\n操作步骤\n：\n1.1 无人机准备与起飞\n（08:00 – 08:10）\nUAV-01至UAV-05在指定起飞点进行最后的设备检查，确认货物装载无误后，依次起飞。\n\n1.2 货物配送路线规划\n（08:10 – 08:20）\nUAV-01至UAV-05根据实时交通状况和配送需求，由地面控制中心计算出最优配送路线。\n\n1.3 首次配送任务执行\n（08:20 – 08:40）\nUAV-01负责将位于世纪大道地铁站附近的快递（编号：PX12345）送往东昌路地铁站（东经121.5037°, 北纬31.2260°）。\n\n1.4 第二次配送任务执行\n（08:40 – 08:50）\nUAV-02负责将位于世纪大道地铁站附近的快递（编号：PX67890）送往陆家嘴金融中心。\n\n1.5 第三次配送任务执行\n（08:50 – 09:10）\nUAV",
                "content1_msg": "无人机名字或代号：UAV-01、UAV-02、UAV-03、UAV-04、UAV-05  \n时间：2023年11月10日 08:00 – 12:00、2023年11月10日 08:00 – 08:10、2023年11月10日 08:10 – 08:20、2023年11月10日 08:20 – 08:40、2023年11月10日 08:40 – 08:50、2023年11月10日 08:50 – 09:10  \n地点：上海市浦东新区、世纪大道地铁站（东经121.5054°, 北纬31.2304°）、陆家嘴金融中心（东经121.5063°, 北纬31.2300°）、东昌路地铁站（东经121.5037°, 北纬31.2260°）  \n任务优先级重要性：未提及  \n任务描述信息：  \n- UAV-01至UAV-05在指定起飞点进行最后的设备检查，确认货物装载无误后，依次起飞。  \n- UAV-01至UAV-05根据实时交通状况和配送需求，由地面控制中心计算出最优配送路线。  \n- UAV-01负责将位于世纪大道地铁站附近的快递（编号：PX12345）送往东昌路地铁站。  \n- UAV-02负责将位于世纪大道地铁站附近的快递（编号：PX67890）送往陆家嘴金融中心。  \n- 第三次配送任务执行（未完整描述，推测为UAV相关配送任务）。",
                "similarity": 0.8546649535003572
            },
            {
                "content1_para": ".5 第三次配送任务执行\n（08:50 – 09:10）\nUAV-03负责将位于东昌路地铁站附近的快递（编号：PX54321）送往陆家嘴金融中心。\n\n1.6 第四次配送任务执行\n（09:10 – 09:20）\nUAV-04负责将位于东昌路地铁站附近的快递（编号：PX98765）送往世纪大道地铁站。\n\n1.7 第五次配送任务执行\n（09:20 – 09:30）\nUAV-05负责将位于陆家嘴金融中心附近的快递（编号：PX23456）送往世纪大道地铁站。\n\n1.8 配送任务结束与返航\n（09:30 – 12:00）\n所有无人机完成配送任务后，按照预设路线返航至起飞点，进行电量检查和设备维护。\n\n任务优先级\n：高（确保快递准时送达，避免拥堵和延误）\n\n重要性\n：高（快递配送是无人机商业应用的重要场景，对用户体验至关重要）\n\n————————————————————————————————————————————————————————————————————————————————-",
                "content1_msg": "无人机名字或代号：UAV-03、UAV-04、UAV-05  \n时间：2023年11月5日 08:50 – 09:10、2023年11月5日 09:10 – 09:20、2023年11月5日 09:20 – 09:30、2023年11月5日 09:30 – 12:00  \n地点：东昌路地铁站附近、陆家嘴金融中心、世纪大道地铁站、起飞点（未明确具体位置）  \n任务优先级重要性：高  \n任务描述信息：UAV-03将快递（编号：PX54321）从东昌路地铁站送往陆家嘴金融中心；UAV-04将快递（编号：PX98765）从东昌路地铁站送往世纪大道地铁站；UAV-05将快递（编号：PX23456）从陆家嘴金融中心送往世纪大道地铁站；所有无人机完成配送任务后返航至起飞点进行电量检查和设备维护。",
                "similarity": 0.6641092226258051
            }
        ]
    },
    {
        "content2_para": "UAV-03:\n实体关系：第三次配送任务\n时间：2023年11月10日 08:50 – 09:10\n地点：东昌路地铁站至陆家嘴金融中心\n任务优先级重要性：高\n具体任务：将快递PX54321送往陆家嘴金融中心。",
        "matches": [
            {
                "content1_para": "无人机快递配送任务执行\n执行时间\n：2023年11月10日 08:00 – 12:00\n执行地点\n：上海市浦东新区，具体配送区域为从世纪大道地铁站（东经121.5054°, 北纬31.2304°）至陆家嘴金融中心（东经121.5063°, 北纬31.2300°）\n执行者\n：无人机配送集群\n操作步骤\n：\n1.1 无人机准备与起飞\n（08:00 – 08:10）\nUAV-01至UAV-05在指定起飞点进行最后的设备检查，确认货物装载无误后，依次起飞。\n\n1.2 货物配送路线规划\n（08:10 – 08:20）\nUAV-01至UAV-05根据实时交通状况和配送需求，由地面控制中心计算出最优配送路线。\n\n1.3 首次配送任务执行\n（08:20 – 08:40）\nUAV-01负责将位于世纪大道地铁站附近的快递（编号：PX12345）送往东昌路地铁站（东经121.5037°, 北纬31.2260°）。\n\n1.4 第二次配送任务执行\n（08:40 – 08:50）\nUAV-02负责将位于世纪大道地铁站附近的快递（编号：PX67890）送往陆家嘴金融中心。\n\n1.5 第三次配送任务执行\n（08:50 – 09:10）\nUAV",
                "content1_msg": "无人机名字或代号：UAV-01、UAV-02、UAV-03、UAV-04、UAV-05  \n时间：2023年11月10日 08:00 – 12:00、2023年11月10日 08:00 – 08:10、2023年11月10日 08:10 – 08:20、2023年11月10日 08:20 – 08:40、2023年11月10日 08:40 – 08:50、2023年11月10日 08:50 – 09:10  \n地点：上海市浦东新区、世纪大道地铁站（东经121.5054°, 北纬31.2304°）、陆家嘴金融中心（东经121.5063°, 北纬31.2300°）、东昌路地铁站（东经121.5037°, 北纬31.2260°）  \n任务优先级重要性：未提及  \n任务描述信息：  \n- UAV-01至UAV-05在指定起飞点进行最后的设备检查，确认货物装载无误后，依次起飞。  \n- UAV-01至UAV-05根据实时交通状况和配送需求，由地面控制中心计算出最优配送路线。  \n- UAV-01负责将位于世纪大道地铁站附近的快递（编号：PX12345）送往东昌路地铁站。  \n- UAV-02负责将位于世纪大道地铁站附近的快递（编号：PX67890）送往陆家嘴金融中心。  \n- 第三次配送任务执行（未完整描述，推测为UAV相关配送任务）。",
                "similarity": 0.8123748242746753
            },
            {
                "content1_para": ".5 第三次配送任务执行\n（08:50 – 09:10）\nUAV-03负责将位于东昌路地铁站附近的快递（编号：PX54321）送往陆家嘴金融中心。\n\n1.6 第四次配送任务执行\n（09:10 – 09:20）\nUAV-04负责将位于东昌路地铁站附近的快递（编号：PX98765）送往世纪大道地铁站。\n\n1.7 第五次配送任务执行\n（09:20 – 09:30）\nUAV-05负责将位于陆家嘴金融中心附近的快递（编号：PX23456）送往世纪大道地铁站。\n\n1.8 配送任务结束与返航\n（09:30 – 12:00）\n所有无人机完成配送任务后，按照预设路线返航至起飞点，进行电量检查和设备维护。\n\n任务优先级\n：高（确保快递准时送达，避免拥堵和延误）\n\n重要性\n：高（快递配送是无人机商业应用的重要场景，对用户体验至关重要）\n\n————————————————————————————————————————————————————————————————————————————————-",
                "content1_msg": "无人机名字或代号：UAV-03、UAV-04、UAV-05  \n时间：2023年11月5日 08:50 – 09:10、2023年11月5日 09:10 – 09:20、2023年11月5日 09:20 – 09:30、2023年11月5日 09:30 – 12:00  \n地点：东昌路地铁站附近、陆家嘴金融中心、世纪大道地铁站、起飞点（未明确具体位置）  \n任务优先级重要性：高  \n任务描述信息：UAV-03将快递（编号：PX54321）从东昌路地铁站送往陆家嘴金融中心；UAV-04将快递（编号：PX98765）从东昌路地铁站送往世纪大道地铁站；UAV-05将快递（编号：PX23456）从陆家嘴金融中心送往世纪大道地铁站；所有无人机完成配送任务后返航至起飞点进行电量检查和设备维护。",
                "similarity": 0.746984299456585
            }
        ]
    },
    {
        "content2_para": "UAV-04:\n实体关系：第四次配送任务\n时间：2023年11月10日 09:10 – 09:20\n地点：东昌路地铁站至世纪大道地铁站\n任务优先级重要性：高\n具体任务：将快递PX98765送往世纪大道地铁站。",
        "matches": [
            {
                "content1_para": ".5 第三次配送任务执行\n（08:50 – 09:10）\nUAV-03负责将位于东昌路地铁站附近的快递（编号：PX54321）送往陆家嘴金融中心。\n\n1.6 第四次配送任务执行\n（09:10 – 09:20）\nUAV-04负责将位于东昌路地铁站附近的快递（编号：PX98765）送往世纪大道地铁站。\n\n1.7 第五次配送任务执行\n（09:20 – 09:30）\nUAV-05负责将位于陆家嘴金融中心附近的快递（编号：PX23456）送往世纪大道地铁站。\n\n1.8 配送任务结束与返航\n（09:30 – 12:00）\n所有无人机完成配送任务后，按照预设路线返航至起飞点，进行电量检查和设备维护。\n\n任务优先级\n：高（确保快递准时送达，避免拥堵和延误）\n\n重要性\n：高（快递配送是无人机商业应用的重要场景，对用户体验至关重要）\n\n————————————————————————————————————————————————————————————————————————————————-",
                "content1_msg": "无人机名字或代号：UAV-03、UAV-04、UAV-05  \n时间：2023年11月5日 08:50 – 09:10、2023年11月5日 09:10 – 09:20、2023年11月5日 09:20 – 09:30、2023年11月5日 09:30 – 12:00  \n地点：东昌路地铁站附近、陆家嘴金融中心、世纪大道地铁站、起飞点（未明确具体位置）  \n任务优先级重要性：高  \n任务描述信息：UAV-03将快递（编号：PX54321）从东昌路地铁站送往陆家嘴金融中心；UAV-04将快递（编号：PX98765）从东昌路地铁站送往世纪大道地铁站；UAV-05将快递（编号：PX23456）从陆家嘴金融中心送往世纪大道地铁站；所有无人机完成配送任务后返航至起飞点进行电量检查和设备维护。",
                "similarity": 0.7931680098410522
            },
            {
                "content1_para": "无人机快递配送任务执行\n执行时间\n：2023年11月10日 08:00 – 12:00\n执行地点\n：上海市浦东新区，具体配送区域为从世纪大道地铁站（东经121.5054°, 北纬31.2304°）至陆家嘴金融中心（东经121.5063°, 北纬31.2300°）\n执行者\n：无人机配送集群\n操作步骤\n：\n1.1 无人机准备与起飞\n（08:00 – 08:10）\nUAV-01至UAV-05在指定起飞点进行最后的设备检查，确认货物装载无误后，依次起飞。\n\n1.2 货物配送路线规划\n（08:10 – 08:20）\nUAV-01至UAV-05根据实时交通状况和配送需求，由地面控制中心计算出最优配送路线。\n\n1.3 首次配送任务执行\n（08:20 – 08:40）\nUAV-01负责将位于世纪大道地铁站附近的快递（编号：PX12345）送往东昌路地铁站（东经121.5037°, 北纬31.2260°）。\n\n1.4 第二次配送任务执行\n（08:40 – 08:50）\nUAV-02负责将位于世纪大道地铁站附近的快递（编号：PX67890）送往陆家嘴金融中心。\n\n1.5 第三次配送任务执行\n（08:50 – 09:10）\nUAV",
                "content1_msg": "无人机名字或代号：UAV-01、UAV-02、UAV-03、UAV-04、UAV-05  \n时间：2023年11月10日 08:00 – 12:00、2023年11月10日 08:00 – 08:10、2023年11月10日 08:10 – 08:20、2023年11月10日 08:20 – 08:40、2023年11月10日 08:40 – 08:50、2023年11月10日 08:50 – 09:10  \n地点：上海市浦东新区、世纪大道地铁站（东经121.5054°, 北纬31.2304°）、陆家嘴金融中心（东经121.5063°, 北纬31.2300°）、东昌路地铁站（东经121.5037°, 北纬31.2260°）  \n任务优先级重要性：未提及  \n任务描述信息：  \n- UAV-01至UAV-05在指定起飞点进行最后的设备检查，确认货物装载无误后，依次起飞。  \n- UAV-01至UAV-05根据实时交通状况和配送需求，由地面控制中心计算出最优配送路线。  \n- UAV-01负责将位于世纪大道地铁站附近的快递（编号：PX12345）送往东昌路地铁站。  \n- UAV-02负责将位于世纪大道地铁站附近的快递（编号：PX67890）送往陆家嘴金融中心。  \n- 第三次配送任务执行（未完整描述，推测为UAV相关配送任务）。",
                "similarity": 0.7196040738759809
            }
        ]
    },
    {
        "content2_para": "UAV-05:\n实体关系：第五次配送任务\n时间：2023年11月10日 09:20 – 09:30\n地点：陆家嘴金融中心至世纪大道地铁站\n任务优先级重要性：高\n具体任务：将快递PX23456送往世纪大道地铁站。",
        "matches": [
            {
                "content1_para": ".5 第三次配送任务执行\n（08:50 – 09:10）\nUAV-03负责将位于东昌路地铁站附近的快递（编号：PX54321）送往陆家嘴金融中心。\n\n1.6 第四次配送任务执行\n（09:10 – 09:20）\nUAV-04负责将位于东昌路地铁站附近的快递（编号：PX98765）送往世纪大道地铁站。\n\n1.7 第五次配送任务执行\n（09:20 – 09:30）\nUAV-05负责将位于陆家嘴金融中心附近的快递（编号：PX23456）送往世纪大道地铁站。\n\n1.8 配送任务结束与返航\n（09:30 – 12:00）\n所有无人机完成配送任务后，按照预设路线返航至起飞点，进行电量检查和设备维护。\n\n任务优先级\n：高（确保快递准时送达，避免拥堵和延误）\n\n重要性\n：高（快递配送是无人机商业应用的重要场景，对用户体验至关重要）\n\n————————————————————————————————————————————————————————————————————————————————-",
                "content1_msg": "无人机名字或代号：UAV-03、UAV-04、UAV-05  \n时间：2023年11月5日 08:50 – 09:10、2023年11月5日 09:10 – 09:20、2023年11月5日 09:20 – 09:30、2023年11月5日 09:30 – 12:00  \n地点：东昌路地铁站附近、陆家嘴金融中心、世纪大道地铁站、起飞点（未明确具体位置）  \n任务优先级重要性：高  \n任务描述信息：UAV-03将快递（编号：PX54321）从东昌路地铁站送往陆家嘴金融中心；UAV-04将快递（编号：PX98765）从东昌路地铁站送往世纪大道地铁站；UAV-05将快递（编号：PX23456）从陆家嘴金融中心送往世纪大道地铁站；所有无人机完成配送任务后返航至起飞点进行电量检查和设备维护。",
                "similarity": 0.7932193044560313
            },
            {
                "content1_para": "无人机快递配送任务执行\n执行时间\n：2023年11月10日 08:00 – 12:00\n执行地点\n：上海市浦东新区，具体配送区域为从世纪大道地铁站（东经121.5054°, 北纬31.2304°）至陆家嘴金融中心（东经121.5063°, 北纬31.2300°）\n执行者\n：无人机配送集群\n操作步骤\n：\n1.1 无人机准备与起飞\n（08:00 – 08:10）\nUAV-01至UAV-05在指定起飞点进行最后的设备检查，确认货物装载无误后，依次起飞。\n\n1.2 货物配送路线规划\n（08:10 – 08:20）\nUAV-01至UAV-05根据实时交通状况和配送需求，由地面控制中心计算出最优配送路线。\n\n1.3 首次配送任务执行\n（08:20 – 08:40）\nUAV-01负责将位于世纪大道地铁站附近的快递（编号：PX12345）送往东昌路地铁站（东经121.5037°, 北纬31.2260°）。\n\n1.4 第二次配送任务执行\n（08:40 – 08:50）\nUAV-02负责将位于世纪大道地铁站附近的快递（编号：PX67890）送往陆家嘴金融中心。\n\n1.5 第三次配送任务执行\n（08:50 – 09:10）\nUAV",
                "content1_msg": "无人机名字或代号：UAV-01、UAV-02、UAV-03、UAV-04、UAV-05  \n时间：2023年11月10日 08:00 – 12:00、2023年11月10日 08:00 – 08:10、2023年11月10日 08:10 – 08:20、2023年11月10日 08:20 – 08:40、2023年11月10日 08:40 – 08:50、2023年11月10日 08:50 – 09:10  \n地点：上海市浦东新区、世纪大道地铁站（东经121.5054°, 北纬31.2304°）、陆家嘴金融中心（东经121.5063°, 北纬31.2300°）、东昌路地铁站（东经121.5037°, 北纬31.2260°）  \n任务优先级重要性：未提及  \n任务描述信息：  \n- UAV-01至UAV-05在指定起飞点进行最后的设备检查，确认货物装载无误后，依次起飞。  \n- UAV-01至UAV-05根据实时交通状况和配送需求，由地面控制中心计算出最优配送路线。  \n- UAV-01负责将位于世纪大道地铁站附近的快递（编号：PX12345）送往东昌路地铁站。  \n- UAV-02负责将位于世纪大道地铁站附近的快递（编号：PX67890）送往陆家嘴金融中心。  \n- 第三次配送任务执行（未完整描述，推测为UAV相关配送任务）。",
                "similarity": 0.7048535925390219
            }
        ]
    },
    {
        "content2_para": "UAV-01至UAV-05:\n实体关系：返航与维护\n时间：2023年11月10日 09:30 – 12:00\n地点：上海市浦东新区世纪大道地铁站附近\n任务优先级重要性：高\n具体任务：完成配送任务后返航至起飞点，进行电量检查和设备维护。",
        "matches": [
            {
                "content1_para": "无人机快递配送任务执行\n执行时间\n：2023年11月10日 08:00 – 12:00\n执行地点\n：上海市浦东新区，具体配送区域为从世纪大道地铁站（东经121.5054°, 北纬31.2304°）至陆家嘴金融中心（东经121.5063°, 北纬31.2300°）\n执行者\n：无人机配送集群\n操作步骤\n：\n1.1 无人机准备与起飞\n（08:00 – 08:10）\nUAV-01至UAV-05在指定起飞点进行最后的设备检查，确认货物装载无误后，依次起飞。\n\n1.2 货物配送路线规划\n（08:10 – 08:20）\nUAV-01至UAV-05根据实时交通状况和配送需求，由地面控制中心计算出最优配送路线。\n\n1.3 首次配送任务执行\n（08:20 – 08:40）\nUAV-01负责将位于世纪大道地铁站附近的快递（编号：PX12345）送往东昌路地铁站（东经121.5037°, 北纬31.2260°）。\n\n1.4 第二次配送任务执行\n（08:40 – 08:50）\nUAV-02负责将位于世纪大道地铁站附近的快递（编号：PX67890）送往陆家嘴金融中心。\n\n1.5 第三次配送任务执行\n（08:50 – 09:10）\nUAV",
                "content1_msg": "无人机名字或代号：UAV-01、UAV-02、UAV-03、UAV-04、UAV-05  \n时间：2023年11月10日 08:00 – 12:00、2023年11月10日 08:00 – 08:10、2023年11月10日 08:10 – 08:20、2023年11月10日 08:20 – 08:40、2023年11月10日 08:40 – 08:50、2023年11月10日 08:50 – 09:10  \n地点：上海市浦东新区、世纪大道地铁站（东经121.5054°, 北纬31.2304°）、陆家嘴金融中心（东经121.5063°, 北纬31.2300°）、东昌路地铁站（东经121.5037°, 北纬31.2260°）  \n任务优先级重要性：未提及  \n任务描述信息：  \n- UAV-01至UAV-05在指定起飞点进行最后的设备检查，确认货物装载无误后，依次起飞。  \n- UAV-01至UAV-05根据实时交通状况和配送需求，由地面控制中心计算出最优配送路线。  \n- UAV-01负责将位于世纪大道地铁站附近的快递（编号：PX12345）送往东昌路地铁站。  \n- UAV-02负责将位于世纪大道地铁站附近的快递（编号：PX67890）送往陆家嘴金融中心。  \n- 第三次配送任务执行（未完整描述，推测为UAV相关配送任务）。",
                "similarity": 0.7364136658353992
            },
            {
                "content1_para": ".5 第三次配送任务执行\n（08:50 – 09:10）\nUAV-03负责将位于东昌路地铁站附近的快递（编号：PX54321）送往陆家嘴金融中心。\n\n1.6 第四次配送任务执行\n（09:10 – 09:20）\nUAV-04负责将位于东昌路地铁站附近的快递（编号：PX98765）送往世纪大道地铁站。\n\n1.7 第五次配送任务执行\n（09:20 – 09:30）\nUAV-05负责将位于陆家嘴金融中心附近的快递（编号：PX23456）送往世纪大道地铁站。\n\n1.8 配送任务结束与返航\n（09:30 – 12:00）\n所有无人机完成配送任务后，按照预设路线返航至起飞点，进行电量检查和设备维护。\n\n任务优先级\n：高（确保快递准时送达，避免拥堵和延误）\n\n重要性\n：高（快递配送是无人机商业应用的重要场景，对用户体验至关重要）\n\n————————————————————————————————————————————————————————————————————————————————-",
                "content1_msg": "无人机名字或代号：UAV-03、UAV-04、UAV-05  \n时间：2023年11月5日 08:50 – 09:10、2023年11月5日 09:10 – 09:20、2023年11月5日 09:20 – 09:30、2023年11月5日 09:30 – 12:00  \n地点：东昌路地铁站附近、陆家嘴金融中心、世纪大道地铁站、起飞点（未明确具体位置）  \n任务优先级重要性：高  \n任务描述信息：UAV-03将快递（编号：PX54321）从东昌路地铁站送往陆家嘴金融中心；UAV-04将快递（编号：PX98765）从东昌路地铁站送往世纪大道地铁站；UAV-05将快递（编号：PX23456）从陆家嘴金融中心送往世纪大道地铁站；所有无人机完成配送任务后返航至起飞点进行电量检查和设备维护。",
                "similarity": 0.7172575010520666
            }
        ]
    },
    {
        "content2_para": "UAV-06:\n实体关系：紧急任务启动\n时间：2023年11月11日 15:00 – 15:10\n地点：上海市普陀区长寿路地铁站附近\n任务优先级重要性：最高\n具体任务：启动紧急配送流程。",
        "matches": [
            {
                "content1_para": "无人机快递紧急配送任务执行\n执行时间\n：2023年11月11日 15:00 – 17:00\n执行地点\n：上海市普陀区，具体配送区域为从长寿路地铁站（东经121.4073°, 北纬31.2248°）至中山公园地铁站（东经121.4151°, 北纬31.2361°）\n执行者\n：无人机配送集群\n操作步骤\n：\n2.1 紧急任务启动\n（15:00 – 15:10）\n地面控制中心收到紧急配送请求，立即启动无人机紧急配送流程。\n\n2.2 紧急配送任务分配\n（15:10 – 15:20）\nUAV-06被选中执行紧急配送任务，将位于长寿路地铁站附近的急救药品（编号：EM001）送往中山公园地铁站。\n\n2.3 紧急配送路线规划\n（15:20 – 15:30）\nUAV-06根据实时交通状况和配送需求，由地面控制中心计算出最优配送路线。\n\n2.4 紧急配送任务执行\n（15:30 – 16:30）\nUAV-06从长寿路地铁站起飞，按照预设路线前往中山公园地铁站。\n\n2.5 紧急配送任务完成与返航\n（16:30 – 17:00）\nUAV-06完成急救药品的紧急配送任务后，返回长寿路地铁站进行电量检查和设备维护。\n\n任务优先级\n：最高（急",
                "content1_msg": "无人机名字或代号：UAV-06  \n时间：2023年11月11日 15:00 – 17:00、2023年11月11日 15:00 – 15:10、2023年11月11日 15:10 – 15:20、2023年11月11日 15:20 – 15:30、2023年11月11日 15:30 – 16:30、2023年11月11日 16:30 – 17:00  \n地点：上海市普陀区、长寿路地铁站（东经121.4073°, 北纬31.2248°）、中山公园地铁站（东经121.4151°, 北纬31.2361°）  \n任务优先级重要性：最高（急）  \n任务描述信息：地面控制中心收到紧急配送请求，立即启动无人机紧急配送流程；UAV-06被选中执行紧急配送任务，将位于长寿路地铁站附近的急救药品（编号：EM001）送往中山公园地铁站；UAV-06根据实时交通状况和配送需求，由地面控制中心计算出最优配送路线；UAV-06从长寿路地铁站起飞，按照预设路线前往中山公园地铁站；UAV-06完成急救药品的紧急配送任务后，返回长寿路地铁站进行电量检查和设备维护。",
                "similarity": 0.8499307351873049
            },
            {
                "content1_para": "无人机快递配送任务执行\n执行时间\n：2023年11月10日 08:00 – 12:00\n执行地点\n：上海市浦东新区，具体配送区域为从世纪大道地铁站（东经121.5054°, 北纬31.2304°）至陆家嘴金融中心（东经121.5063°, 北纬31.2300°）\n执行者\n：无人机配送集群\n操作步骤\n：\n1.1 无人机准备与起飞\n（08:00 – 08:10）\nUAV-01至UAV-05在指定起飞点进行最后的设备检查，确认货物装载无误后，依次起飞。\n\n1.2 货物配送路线规划\n（08:10 – 08:20）\nUAV-01至UAV-05根据实时交通状况和配送需求，由地面控制中心计算出最优配送路线。\n\n1.3 首次配送任务执行\n（08:20 – 08:40）\nUAV-01负责将位于世纪大道地铁站附近的快递（编号：PX12345）送往东昌路地铁站（东经121.5037°, 北纬31.2260°）。\n\n1.4 第二次配送任务执行\n（08:40 – 08:50）\nUAV-02负责将位于世纪大道地铁站附近的快递（编号：PX67890）送往陆家嘴金融中心。\n\n1.5 第三次配送任务执行\n（08:50 – 09:10）\nUAV",
                "content1_msg": "无人机名字或代号：UAV-01、UAV-02、UAV-03、UAV-04、UAV-05  \n时间：2023年11月10日 08:00 – 12:00、2023年11月10日 08:00 – 08:10、2023年11月10日 08:10 – 08:20、2023年11月10日 08:20 – 08:40、2023年11月10日 08:40 – 08:50、2023年11月10日 08:50 – 09:10  \n地点：上海市浦东新区、世纪大道地铁站（东经121.5054°, 北纬31.2304°）、陆家嘴金融中心（东经121.5063°, 北纬31.2300°）、东昌路地铁站（东经121.5037°, 北纬31.2260°）  \n任务优先级重要性：未提及  \n任务描述信息：  \n- UAV-01至UAV-05在指定起飞点进行最后的设备检查，确认货物装载无误后，依次起飞。  \n- UAV-01至UAV-05根据实时交通状况和配送需求，由地面控制中心计算出最优配送路线。  \n- UAV-01负责将位于世纪大道地铁站附近的快递（编号：PX12345）送往东昌路地铁站。  \n- UAV-02负责将位于世纪大道地铁站附近的快递（编号：PX67890）送往陆家嘴金融中心。  \n- 第三次配送任务执行（未完整描述，推测为UAV相关配送任务）。",
                "similarity": 0.6766197171697633
            }
        ]
    },
    {
        "content2_para": "UAV-06:\n实体关系：紧急配送任务分配\n时间：2023年11月11日 15:10 – 15:20\n地点：上海市普陀区长寿路地铁站附近\n任务优先级重要性：最高\n具体任务：执行急救药品EM001的紧急配送任务。",
        "matches": [
            {
                "content1_para": "无人机快递紧急配送任务执行\n执行时间\n：2023年11月11日 15:00 – 17:00\n执行地点\n：上海市普陀区，具体配送区域为从长寿路地铁站（东经121.4073°, 北纬31.2248°）至中山公园地铁站（东经121.4151°, 北纬31.2361°）\n执行者\n：无人机配送集群\n操作步骤\n：\n2.1 紧急任务启动\n（15:00 – 15:10）\n地面控制中心收到紧急配送请求，立即启动无人机紧急配送流程。\n\n2.2 紧急配送任务分配\n（15:10 – 15:20）\nUAV-06被选中执行紧急配送任务，将位于长寿路地铁站附近的急救药品（编号：EM001）送往中山公园地铁站。\n\n2.3 紧急配送路线规划\n（15:20 – 15:30）\nUAV-06根据实时交通状况和配送需求，由地面控制中心计算出最优配送路线。\n\n2.4 紧急配送任务执行\n（15:30 – 16:30）\nUAV-06从长寿路地铁站起飞，按照预设路线前往中山公园地铁站。\n\n2.5 紧急配送任务完成与返航\n（16:30 – 17:00）\nUAV-06完成急救药品的紧急配送任务后，返回长寿路地铁站进行电量检查和设备维护。\n\n任务优先级\n：最高（急",
                "content1_msg": "无人机名字或代号：UAV-06  \n时间：2023年11月11日 15:00 – 17:00、2023年11月11日 15:00 – 15:10、2023年11月11日 15:10 – 15:20、2023年11月11日 15:20 – 15:30、2023年11月11日 15:30 – 16:30、2023年11月11日 16:30 – 17:00  \n地点：上海市普陀区、长寿路地铁站（东经121.4073°, 北纬31.2248°）、中山公园地铁站（东经121.4151°, 北纬31.2361°）  \n任务优先级重要性：最高（急）  \n任务描述信息：地面控制中心收到紧急配送请求，立即启动无人机紧急配送流程；UAV-06被选中执行紧急配送任务，将位于长寿路地铁站附近的急救药品（编号：EM001）送往中山公园地铁站；UAV-06根据实时交通状况和配送需求，由地面控制中心计算出最优配送路线；UAV-06从长寿路地铁站起飞，按照预设路线前往中山公园地铁站；UAV-06完成急救药品的紧急配送任务后，返回长寿路地铁站进行电量检查和设备维护。",
                "similarity": 0.8507267361300095
            },
            {
                "content1_para": "无人机快递配送任务执行\n执行时间\n：2023年11月10日 08:00 – 12:00\n执行地点\n：上海市浦东新区，具体配送区域为从世纪大道地铁站（东经121.5054°, 北纬31.2304°）至陆家嘴金融中心（东经121.5063°, 北纬31.2300°）\n执行者\n：无人机配送集群\n操作步骤\n：\n1.1 无人机准备与起飞\n（08:00 – 08:10）\nUAV-01至UAV-05在指定起飞点进行最后的设备检查，确认货物装载无误后，依次起飞。\n\n1.2 货物配送路线规划\n（08:10 – 08:20）\nUAV-01至UAV-05根据实时交通状况和配送需求，由地面控制中心计算出最优配送路线。\n\n1.3 首次配送任务执行\n（08:20 – 08:40）\nUAV-01负责将位于世纪大道地铁站附近的快递（编号：PX12345）送往东昌路地铁站（东经121.5037°, 北纬31.2260°）。\n\n1.4 第二次配送任务执行\n（08:40 – 08:50）\nUAV-02负责将位于世纪大道地铁站附近的快递（编号：PX67890）送往陆家嘴金融中心。\n\n1.5 第三次配送任务执行\n（08:50 – 09:10）\nUAV",
                "content1_msg": "无人机名字或代号：UAV-01、UAV-02、UAV-03、UAV-04、UAV-05  \n时间：2023年11月10日 08:00 – 12:00、2023年11月10日 08:00 – 08:10、2023年11月10日 08:10 – 08:20、2023年11月10日 08:20 – 08:40、2023年11月10日 08:40 – 08:50、2023年11月10日 08:50 – 09:10  \n地点：上海市浦东新区、世纪大道地铁站（东经121.5054°, 北纬31.2304°）、陆家嘴金融中心（东经121.5063°, 北纬31.2300°）、东昌路地铁站（东经121.5037°, 北纬31.2260°）  \n任务优先级重要性：未提及  \n任务描述信息：  \n- UAV-01至UAV-05在指定起飞点进行最后的设备检查，确认货物装载无误后，依次起飞。  \n- UAV-01至UAV-05根据实时交通状况和配送需求，由地面控制中心计算出最优配送路线。  \n- UAV-01负责将位于世纪大道地铁站附近的快递（编号：PX12345）送往东昌路地铁站。  \n- UAV-02负责将位于世纪大道地铁站附近的快递（编号：PX67890）送往陆家嘴金融中心。  \n- 第三次配送任务执行（未完整描述，推测为UAV相关配送任务）。",
                "similarity": 0.6779757870769516
            }
        ]
    },
    {
        "content2_para": "UAV-06:\n实体关系：紧急配送路线规划\n时间：2023年11月11日 15:20 – 15:30\n地点：上海市普陀区长寿路地铁站附近\n任务优先级重要性：最高\n具体任务：规划前往中山公园地铁站的最优配送路线。",
        "matches": [
            {
                "content1_para": "无人机快递紧急配送任务执行\n执行时间\n：2023年11月11日 15:00 – 17:00\n执行地点\n：上海市普陀区，具体配送区域为从长寿路地铁站（东经121.4073°, 北纬31.2248°）至中山公园地铁站（东经121.4151°, 北纬31.2361°）\n执行者\n：无人机配送集群\n操作步骤\n：\n2.1 紧急任务启动\n（15:00 – 15:10）\n地面控制中心收到紧急配送请求，立即启动无人机紧急配送流程。\n\n2.2 紧急配送任务分配\n（15:10 – 15:20）\nUAV-06被选中执行紧急配送任务，将位于长寿路地铁站附近的急救药品（编号：EM001）送往中山公园地铁站。\n\n2.3 紧急配送路线规划\n（15:20 – 15:30）\nUAV-06根据实时交通状况和配送需求，由地面控制中心计算出最优配送路线。\n\n2.4 紧急配送任务执行\n（15:30 – 16:30）\nUAV-06从长寿路地铁站起飞，按照预设路线前往中山公园地铁站。\n\n2.5 紧急配送任务完成与返航\n（16:30 – 17:00）\nUAV-06完成急救药品的紧急配送任务后，返回长寿路地铁站进行电量检查和设备维护。\n\n任务优先级\n：最高（急",
                "content1_msg": "无人机名字或代号：UAV-06  \n时间：2023年11月11日 15:00 – 17:00、2023年11月11日 15:00 – 15:10、2023年11月11日 15:10 – 15:20、2023年11月11日 15:20 – 15:30、2023年11月11日 15:30 – 16:30、2023年11月11日 16:30 – 17:00  \n地点：上海市普陀区、长寿路地铁站（东经121.4073°, 北纬31.2248°）、中山公园地铁站（东经121.4151°, 北纬31.2361°）  \n任务优先级重要性：最高（急）  \n任务描述信息：地面控制中心收到紧急配送请求，立即启动无人机紧急配送流程；UAV-06被选中执行紧急配送任务，将位于长寿路地铁站附近的急救药品（编号：EM001）送往中山公园地铁站；UAV-06根据实时交通状况和配送需求，由地面控制中心计算出最优配送路线；UAV-06从长寿路地铁站起飞，按照预设路线前往中山公园地铁站；UAV-06完成急救药品的紧急配送任务后，返回长寿路地铁站进行电量检查和设备维护。",
                "similarity": 0.8584093437070578
            },
            {
                "content1_para": "回长寿路地铁站进行电量检查和设备维护。\n\n任务优先级\n：最高（急救药品配送事关生命安全，必须优先执行）\n\n重要性\n：最高（紧急配送任务对保障人民群众生命安全具有重要意义）",
                "content1_msg": "无人机名字或代号：未提及  \n时间：未提及  \n地点：长寿路地铁站  \n任务优先级重要性：最高（紧急配送任务对保障人民群众生命安全具有重要意义）  \n任务描述信息：电量检查和设备维护",
                "similarity": 0.6595171722193697
            }
        ]
    },
    {
        "content2_para": "UAV-06:\n实体关系：紧急配送任务执行\n时间：2023年11月11日 15:30 – 16:30\n地点：长寿路地铁站至中山公园地铁站\n任务优先级重要性：最高\n具体任务：从长寿路地铁站起飞，前往中山公园地铁站进行急救药品配送。",
        "matches": [
            {
                "content1_para": "无人机快递紧急配送任务执行\n执行时间\n：2023年11月11日 15:00 – 17:00\n执行地点\n：上海市普陀区，具体配送区域为从长寿路地铁站（东经121.4073°, 北纬31.2248°）至中山公园地铁站（东经121.4151°, 北纬31.2361°）\n执行者\n：无人机配送集群\n操作步骤\n：\n2.1 紧急任务启动\n（15:00 – 15:10）\n地面控制中心收到紧急配送请求，立即启动无人机紧急配送流程。\n\n2.2 紧急配送任务分配\n（15:10 – 15:20）\nUAV-06被选中执行紧急配送任务，将位于长寿路地铁站附近的急救药品（编号：EM001）送往中山公园地铁站。\n\n2.3 紧急配送路线规划\n（15:20 – 15:30）\nUAV-06根据实时交通状况和配送需求，由地面控制中心计算出最优配送路线。\n\n2.4 紧急配送任务执行\n（15:30 – 16:30）\nUAV-06从长寿路地铁站起飞，按照预设路线前往中山公园地铁站。\n\n2.5 紧急配送任务完成与返航\n（16:30 – 17:00）\nUAV-06完成急救药品的紧急配送任务后，返回长寿路地铁站进行电量检查和设备维护。\n\n任务优先级\n：最高（急",
                "content1_msg": "无人机名字或代号：UAV-06  \n时间：2023年11月11日 15:00 – 17:00、2023年11月11日 15:00 – 15:10、2023年11月11日 15:10 – 15:20、2023年11月11日 15:20 – 15:30、2023年11月11日 15:30 – 16:30、2023年11月11日 16:30 – 17:00  \n地点：上海市普陀区、长寿路地铁站（东经121.4073°, 北纬31.2248°）、中山公园地铁站（东经121.4151°, 北纬31.2361°）  \n任务优先级重要性：最高（急）  \n任务描述信息：地面控制中心收到紧急配送请求，立即启动无人机紧急配送流程；UAV-06被选中执行紧急配送任务，将位于长寿路地铁站附近的急救药品（编号：EM001）送往中山公园地铁站；UAV-06根据实时交通状况和配送需求，由地面控制中心计算出最优配送路线；UAV-06从长寿路地铁站起飞，按照预设路线前往中山公园地铁站；UAV-06完成急救药品的紧急配送任务后，返回长寿路地铁站进行电量检查和设备维护。",
                "similarity": 0.8348687838246587
            },
            {
                "content1_para": ".5 第三次配送任务执行\n（08:50 – 09:10）\nUAV-03负责将位于东昌路地铁站附近的快递（编号：PX54321）送往陆家嘴金融中心。\n\n1.6 第四次配送任务执行\n（09:10 – 09:20）\nUAV-04负责将位于东昌路地铁站附近的快递（编号：PX98765）送往世纪大道地铁站。\n\n1.7 第五次配送任务执行\n（09:20 – 09:30）\nUAV-05负责将位于陆家嘴金融中心附近的快递（编号：PX23456）送往世纪大道地铁站。\n\n1.8 配送任务结束与返航\n（09:30 – 12:00）\n所有无人机完成配送任务后，按照预设路线返航至起飞点，进行电量检查和设备维护。\n\n任务优先级\n：高（确保快递准时送达，避免拥堵和延误）\n\n重要性\n：高（快递配送是无人机商业应用的重要场景，对用户体验至关重要）\n\n————————————————————————————————————————————————————————————————————————————————-",
                "content1_msg": "无人机名字或代号：UAV-03、UAV-04、UAV-05  \n时间：2023年11月5日 08:50 – 09:10、2023年11月5日 09:10 – 09:20、2023年11月5日 09:20 – 09:30、2023年11月5日 09:30 – 12:00  \n地点：东昌路地铁站附近、陆家嘴金融中心、世纪大道地铁站、起飞点（未明确具体位置）  \n任务优先级重要性：高  \n任务描述信息：UAV-03将快递（编号：PX54321）从东昌路地铁站送往陆家嘴金融中心；UAV-04将快递（编号：PX98765）从东昌路地铁站送往世纪大道地铁站；UAV-05将快递（编号：PX23456）从陆家嘴金融中心送往世纪大道地铁站；所有无人机完成配送任务后返航至起飞点进行电量检查和设备维护。",
                "similarity": 0.6614502000611306
            }
        ]
    },
    {
        "content2_para": "UAV-06:\n实体关系：紧急配送任务完成与返航\n时间：2023年11月11日 16:30 – 17:00\n地点：中山公园地铁站至长寿路地铁站\n任务优先级重要性：最高\n具体任务：完成急救药品配送后返航至长寿路地铁站，进行电量检查和设备维护。",
        "matches": [
            {
                "content1_para": "无人机快递紧急配送任务执行\n执行时间\n：2023年11月11日 15:00 – 17:00\n执行地点\n：上海市普陀区，具体配送区域为从长寿路地铁站（东经121.4073°, 北纬31.2248°）至中山公园地铁站（东经121.4151°, 北纬31.2361°）\n执行者\n：无人机配送集群\n操作步骤\n：\n2.1 紧急任务启动\n（15:00 – 15:10）\n地面控制中心收到紧急配送请求，立即启动无人机紧急配送流程。\n\n2.2 紧急配送任务分配\n（15:10 – 15:20）\nUAV-06被选中执行紧急配送任务，将位于长寿路地铁站附近的急救药品（编号：EM001）送往中山公园地铁站。\n\n2.3 紧急配送路线规划\n（15:20 – 15:30）\nUAV-06根据实时交通状况和配送需求，由地面控制中心计算出最优配送路线。\n\n2.4 紧急配送任务执行\n（15:30 – 16:30）\nUAV-06从长寿路地铁站起飞，按照预设路线前往中山公园地铁站。\n\n2.5 紧急配送任务完成与返航\n（16:30 – 17:00）\nUAV-06完成急救药品的紧急配送任务后，返回长寿路地铁站进行电量检查和设备维护。\n\n任务优先级\n：最高（急",
                "content1_msg": "无人机名字或代号：UAV-06  \n时间：2023年11月11日 15:00 – 17:00、2023年11月11日 15:00 – 15:10、2023年11月11日 15:10 – 15:20、2023年11月11日 15:20 – 15:30、2023年11月11日 15:30 – 16:30、2023年11月11日 16:30 – 17:00  \n地点：上海市普陀区、长寿路地铁站（东经121.4073°, 北纬31.2248°）、中山公园地铁站（东经121.4151°, 北纬31.2361°）  \n任务优先级重要性：最高（急）  \n任务描述信息：地面控制中心收到紧急配送请求，立即启动无人机紧急配送流程；UAV-06被选中执行紧急配送任务，将位于长寿路地铁站附近的急救药品（编号：EM001）送往中山公园地铁站；UAV-06根据实时交通状况和配送需求，由地面控制中心计算出最优配送路线；UAV-06从长寿路地铁站起飞，按照预设路线前往中山公园地铁站；UAV-06完成急救药品的紧急配送任务后，返回长寿路地铁站进行电量检查和设备维护。",
                "similarity": 0.7627718981940298
            },
            {
                "content1_para": "无人机快递配送任务执行\n执行时间\n：2023年11月10日 08:00 – 12:00\n执行地点\n：上海市浦东新区，具体配送区域为从世纪大道地铁站（东经121.5054°, 北纬31.2304°）至陆家嘴金融中心（东经121.5063°, 北纬31.2300°）\n执行者\n：无人机配送集群\n操作步骤\n：\n1.1 无人机准备与起飞\n（08:00 – 08:10）\nUAV-01至UAV-05在指定起飞点进行最后的设备检查，确认货物装载无误后，依次起飞。\n\n1.2 货物配送路线规划\n（08:10 – 08:20）\nUAV-01至UAV-05根据实时交通状况和配送需求，由地面控制中心计算出最优配送路线。\n\n1.3 首次配送任务执行\n（08:20 – 08:40）\nUAV-01负责将位于世纪大道地铁站附近的快递（编号：PX12345）送往东昌路地铁站（东经121.5037°, 北纬31.2260°）。\n\n1.4 第二次配送任务执行\n（08:40 – 08:50）\nUAV-02负责将位于世纪大道地铁站附近的快递（编号：PX67890）送往陆家嘴金融中心。\n\n1.5 第三次配送任务执行\n（08:50 – 09:10）\nUAV",
                "content1_msg": "无人机名字或代号：UAV-01、UAV-02、UAV-03、UAV-04、UAV-05  \n时间：2023年11月10日 08:00 – 12:00、2023年11月10日 08:00 – 08:10、2023年11月10日 08:10 – 08:20、2023年11月10日 08:20 – 08:40、2023年11月10日 08:40 – 08:50、2023年11月10日 08:50 – 09:10  \n地点：上海市浦东新区、世纪大道地铁站（东经121.5054°, 北纬31.2304°）、陆家嘴金融中心（东经121.5063°, 北纬31.2300°）、东昌路地铁站（东经121.5037°, 北纬31.2260°）  \n任务优先级重要性：未提及  \n任务描述信息：  \n- UAV-01至UAV-05在指定起飞点进行最后的设备检查，确认货物装载无误后，依次起飞。  \n- UAV-01至UAV-05根据实时交通状况和配送需求，由地面控制中心计算出最优配送路线。  \n- UAV-01负责将位于世纪大道地铁站附近的快递（编号：PX12345）送往东昌路地铁站。  \n- UAV-02负责将位于世纪大道地铁站附近的快递（编号：PX67890）送往陆家嘴金融中心。  \n- 第三次配送任务执行（未完整描述，推测为UAV相关配送任务）。",
                "similarity": 0.667815557414087
            }
        ]
    }
]