[
    {
        "paragraph": "UAV-01:\n实体关系：准备与起飞\n时间：2023年11月10日 08:00 – 08:10\n地点：上海市浦东新区世纪大道地铁站附近\n任务优先级重要性：高\n具体任务：进行设备检查，确认货物装载无误后起飞。"
    },
    {
        "paragraph": "UAV-02至UAV-05:\n实体关系：准备与起飞\n时间：2023年11月10日 08:00 – 08:10\n地点：上海市浦东新区世纪大道地铁站附近\n任务优先级重要性：高\n具体任务：进行设备检查，确认货物装载无误后依次起飞。"
    },
    {
        "paragraph": "UAV-01至UAV-05:\n实体关系：路线规划\n时间：2023年11月10日 08:10 – 08:20\n地点：上海市浦东新区世纪大道地铁站附近\n任务优先级重要性：高\n具体任务：根据实时交通状况和配送需求，规划最优配送路线。"
    },
    {
        "paragraph": "UAV-01:\n实体关系：首次配送任务\n时间：2023年11月10日 08:20 – 08:40\n地点：世纪大道地铁站至东昌路地铁站\n任务优先级重要性：高\n具体任务：将快递PX12345送往东昌路地铁站。"
    },
    {
        "paragraph": "UAV-02:\n实体关系：第二次配送任务\n时间：2023年11月10日 08:40 – 08:50\n地点：世纪大道地铁站至陆家嘴金融中心\n任务优先级重要性：高\n具体任务：将快递PX67890送往陆家嘴金融中心。"
    },
    {
        "paragraph": "UAV-03:\n实体关系：第三次配送任务\n时间：2023年11月10日 08:50 – 09:10\n地点：东昌路地铁站至陆家嘴金融中心\n任务优先级重要性：高\n具体任务：将快递PX54321送往陆家嘴金融中心。"
    },
    {
        "paragraph": "UAV-04:\n实体关系：第四次配送任务\n时间：2023年11月10日 09:10 – 09:20\n地点：东昌路地铁站至世纪大道地铁站\n任务优先级重要性：高\n具体任务：将快递PX98765送往世纪大道地铁站。"
    },
    {
        "paragraph": "UAV-05:\n实体关系：第五次配送任务\n时间：2023年11月10日 09:20 – 09:30\n地点：陆家嘴金融中心至世纪大道地铁站\n任务优先级重要性：高\n具体任务：将快递PX23456送往世纪大道地铁站。"
    },
    {
        "paragraph": "UAV-01至UAV-05:\n实体关系：返航与维护\n时间：2023年11月10日 09:30 – 12:00\n地点：上海市浦东新区世纪大道地铁站附近\n任务优先级重要性：高\n具体任务：完成配送任务后返航至起飞点，进行电量检查和设备维护。"
    },
    {
        "paragraph": "UAV-06:\n实体关系：紧急任务启动\n时间：2023年11月11日 15:00 – 15:10\n地点：上海市普陀区长寿路地铁站附近\n任务优先级重要性：最高\n具体任务：启动紧急配送流程。"
    },
    {
        "paragraph": "UAV-06:\n实体关系：紧急配送任务分配\n时间：2023年11月11日 15:10 – 15:20\n地点：上海市普陀区长寿路地铁站附近\n任务优先级重要性：最高\n具体任务：执行急救药品EM001的紧急配送任务。"
    },
    {
        "paragraph": "UAV-06:\n实体关系：紧急配送路线规划\n时间：2023年11月11日 15:20 – 15:30\n地点：上海市普陀区长寿路地铁站附近\n任务优先级重要性：最高\n具体任务：规划前往中山公园地铁站的最优配送路线。"
    },
    {
        "paragraph": "UAV-06:\n实体关系：紧急配送任务执行\n时间：2023年11月11日 15:30 – 16:30\n地点：长寿路地铁站至中山公园地铁站\n任务优先级重要性：最高\n具体任务：从长寿路地铁站起飞，前往中山公园地铁站进行急救药品配送。"
    },
    {
        "paragraph": "UAV-06:\n实体关系：紧急配送任务完成与返航\n时间：2023年11月11日 16:30 – 17:00\n地点：中山公园地铁站至长寿路地铁站\n任务优先级重要性：最高\n具体任务：完成急救药品配送后返航至长寿路地铁站，进行电量检查和设备维护。"
    }
]