[
    {
        "paragraph": "无人机快递配送任务\n\n执行时间：2023年11月15日 08:00 – 12:00\n执行地点：北京市海淀区中关村至北京市朝阳区三里屯\n执行者：\nUAV-1：负责配送快递至北京市朝阳区三里屯的A客户\nUAV-2：负责配送快递至北京市朝阳区三里屯的B客户\nUAV-3：备用无人机，随时准备接替故障任务\nUAV-4：地面控制站，负责无人机监控与指令下达\n任务优先级：高（确保快递在预定时间内送达）\n任务重要性：确保客户满意度\n操作步骤：\n\n————————————————————————————————————————————————————————————————————————————————-",
        "key_message": "无人机名字或代号：UAV-1、UAV-2、UAV-3、UAV-4  \n时间：2023年11月15日 08:00 – 12:00  \n地点：北京市海淀区中关村至北京市朝阳区三里屯  \n任务优先级重要性：高（确保快递在预定时间内送达）、确保客户满意度  \n任务描述信息：负责配送快递至北京市朝阳区三里屯的A客户、负责配送快递至北京市朝阳区三里屯的B客户、备用无人机，随时准备接替故障任务、地面控制站，负责无人机监控与指令下达"
    },
    {
        "paragraph": "无人机准备与设备检查\n执行时间：2023年11月15日 08:00 – 08:30\n执行地点：北京市海淀区中关村快递中心\n执行者：UAV-1、UAV-2、UAV-3\n任务描述：对无人机进行系统自检，确保设备正常运行。\nUAV-1：检查导航系统、电池电量、货物舱封装\nUAV-2：检查导航系统、电池电量、货物舱封装\nUAV-3：检查备用设备，确保可以随时投入使用\nUAV-4：监控无人机状态，确保检查过程顺利进行\n\n————————————————————————————————————————————————————————————————————————————————-",
        "key_message": "无人机名字或代号：UAV-1、UAV-2、UAV-3、UAV-4  \n时间：2023年11月15日 08:00 – 08:30  \n地点：北京市海淀区中关村快递中心  \n任务优先级重要性：未提及  \n任务描述信息：对无人机进行系统自检，确保设备正常运行。检查导航系统、电池电量、货物舱封装。检查备用设备，确保可以随时投入使用。监控无人机状态，确保检查过程顺利进行。"
    },
    {
        "paragraph": "起飞与航线规划\n执行时间：2023年11月15日 08:30 – 08:45\n执行地点：北京市海淀区中关村快递中心\n执行者：UAV-1、UAV-2、UAV-4\n任务描述：规划航线，并下达起飞指令。\nUAV-1：规划从中关村快递中心至朝阳区三里屯A客户的航线\nUAV-2：规划从中关村快递中心至朝阳区三里屯B客户的航线\nUAV-4：监控无人机起飞准备情况，确认无误后下达起飞指令\n\n————————————————————————————————————————————————————————————————————————————————-",
        "key_message": "无人机名字或代号：UAV-1、UAV-2、UAV-4  \n时间：2023年11月15日 08:30 – 08:45  \n地点：北京市海淀区中关村快递中心  \n任务优先级重要性：未提及  \n任务描述信息：规划航线，并下达起飞指令；UAV-1：规划从中关村快递中心至朝阳区三里屯A客户的航线；UAV-2：规划从中关村快递中心至朝阳区三里屯B客户的航线；UAV-4：监控无人机起飞准备情况，确认无误后下达起飞指令。"
    },
    {
        "paragraph": "快递配送与投递确认\n执行时间：2023年11月15日 08:45 – 09:30\n执行地点：北京市海淀区中关村至朝阳区三里屯\n执行者：UAV-1、UAV-2、UAV-4\n任务描述：无人机按照规划航线进行快递配送，并完成投递确认。\nUAV-1：按照规划航线飞行至朝阳区三里屯，执行快递投递，并等待A客户确认\nUAV-2：按照规划航线飞行至朝阳区三里屯，执行快递投递，并等待B客户确认\nUAV-4：监控无人机飞行状态，确保投递过程顺利进行\n\n————————————————————————————————————————————————————————————————————————————————-",
        "key_message": "无人机名字或代号：UAV-1、UAV-2、UAV-4  \n时间：2023年11月15日 08:45 – 09:30  \n地点：北京市海淀区中关村至朝阳区三里屯  \n任务优先级重要性：未提及  \n任务描述信息：无人机按照规划航线进行快递配送，并完成投递确认。UAV-1：按照规划航线飞行至朝阳区三里屯，执行快递投递，并等待A客户确认。UAV-2：按照规划航线飞行至朝阳区三里屯，执行快递投递，并等待B客户确认。UAV-4：监控无人机飞行状态，确保投递过程顺利进行。"
    },
    {
        "paragraph": "数据回传与客户反馈\n执行时间：2023年11月15日 09:30 – 09:45\n执行地点：北京市海淀区中关村快递中心\n执行者：UAV-1、UAV-2、UAV-4\n任务描述：无人机将飞行数据回传至地面控制站，并记录客户反馈。\nUAV-1：将飞行数据及A客户反馈回传至UAV-4\nUAV-2：将飞行数据及B客户反馈回传至UAV-4\nUAV-4：接收并记录飞行数据及客户反馈\n\n————————————————————————————————————————————————————————————————————————————————-",
        "key_message": "无人机名字或代号：UAV-1、UAV-2、UAV-4  \n时间：2023年11月15日 09:30 – 09:45  \n地点：北京市海淀区中关村快递中心  \n任务优先级重要性：未提及  \n任务描述信息：无人机将飞行数据回传至地面控制站，并记录客户反馈。 UAV-1：将飞行数据及A客户反馈回传至UAV-4。 UAV-2：将飞行数据及B客户反馈回传至UAV-4。 UAV-4：接收并记录飞行数据及客户反馈。"
    },
    {
        "paragraph": "返航与任务总结\n执行时间：2023年11月15日 09:45 – 12:00\n执行地点：北京市海淀区中关村快递中心\n执行者：UAV-1、UAV-2、UAV-4\n任务描述：无人机完成配送任务后返回起点，并整理任务总结。\nUAV-1：返回中关村快递中心，完成返航\nUAV-2：返回中关村快递中心，完成返航\nUAV-4：整理任务数据，生成任务总结，提交至快递中心管理层",
        "key_message": "无人机名字或代号：UAV-1、UAV-2、UAV-4  \n时间：2023年11月15日 09:45 – 12:00  \n地点：北京市海淀区中关村快递中心  \n任务优先级重要性：未提及  \n任务描述信息：无人机完成配送任务后返回起点，并整理任务总结。UAV-1：返回中关村快递中心，完成返航。UAV-2：返回中关村快递中心，完成返航。UAV-4：整理任务数据，生成任务总结，提交至快递中心管理层。"
    }
]