[
    {
        "content2_para": "UAV-01:\n实体关系：高空监控\n时间：2025年6月15日 10:00 – 11:40\n地点：灾区指定物资投放区（30.1234°N, 121.2345°E）\n任务优先级重要性：极高\n具体任务：执行高空监控，确认灾区物资投放区的范围，并报告给指挥中心。",
        "matches": [
            {
                "content1_para": "无人机集群灾区物资投放任务\n\n执行时间：\n2025年6月15日 10:00 – 12:00\n\n执行地点：\n灾区指定物资投放区（坐标：30.1234°N, 121.2345°E）\n\n执行者：\nUAV-01：负责高空监控与目标定位\nUAV-02：负责物资投放与实时反馈\nUAV-03：辅助物资投放，确保覆盖范围\n\n任务优先级：\n极高（直接影响灾区物资供应与救援效率）\n\n操作步骤：\n————————————————————————————————————————————————————————————————————————————————-\n\n10:00 – 10:10\nUAV-01于指定区域上空进行高空监控，确认灾区物资投放区的范围，并报告给指挥中心。\n\n10:10 – 10:20\nUAV-02和UAV-03在指挥中心的指令下，从灾区临时无人机调度站起飞，进入预定投放区域。\n\n10:20 – 10:30\nUAV-02在UAV-01的监控下，调整飞行高度至500米，准备进行物资投放。\n\n10:30 – 10:40\nUAV-03在UAV-01的辅助下，开始进行物资投放覆盖范围的二次确认。\n\n10:40 – 10:50",
                "content1_msg": "无人机名字或代号：UAV-01、UAV-02、UAV-03  \n时间：2025年6月15日 10:00 – 12:00、2025年6月15日 10:00 – 10:10、2025年6月15日 10:10 – 10:20、2025年6月15日 10:20 – 10:30、2025年6月15日 10:30 – 10:40、2025年6月15日 10:40 – 10:50  \n地点：灾区指定物资投放区（坐标：30.1234°N, 121.2345°E）  \n任务优先级重要性：极高（直接影响灾区物资供应与救援效率）  \n任务描述信息：UAV-01于指定区域上空进行高空监控，确认灾区物资投放区的范围，并报告给指挥中心；UAV-02和UAV-03从灾区临时无人机调度站起飞，进入预定投放区域；UAV-02在UAV-01的监控下，调整飞行高度至500米，准备进行物资投放；UAV-03在UAV-01的辅助下，开始进行物资投放覆盖范围的二次确认。",
                "similarity": 0.8114830433457872
            },
            {
                "content1_para": "始进行物资投放覆盖范围的二次确认。\n\n10:40 – 10:50\nUAV-02根据UAV-01的监控数据，定位到第一个物资投放点，执行物资投放任务。\n\n10:50 – 11:00\nUAV-03在UAV-01的指引下，确保第二个物资投放点也被覆盖。\n\n11:00 – 11:10\nUAV-02继续按照UAV-01的监控数据，进行第三个物资投放点的物资投放。\n\n11:10 – 11:20\nUAV-03在UAV-01的辅助下，确保第四个物资投放点也被覆盖。\n\n11:20 – 11:30\nUAV-02和UAV-03分别对第五个物资投放点进行物资投放。\n\n11:30 – 11:40\nUAV-02和UAV-03在UAV-01的监控下，完成所有预定物资投放点的投放任务。\n\n11:40 – 11:50\nUAV-02和UAV-03向指挥中心报告物资投放完成情况，并等待进一步的指令。\n\n11:50 – 12:00\nUAV-02和UAV-03在指挥中心的指令下，开始返航，UAV-01继续在空中监控，确保无人机集群安全返航。\n\n——————————————————————————————————————————————————————",
                "content1_msg": "无人机名字或代号：UAV-01、UAV-02、UAV-03  \n时间：10:40 – 10:50、10:50 – 11:00、11:00 – 11:10、11:10 – 11:20、11:20 – 11:30、11:30 – 11:40、11:40 – 11:50、11:50 – 12:00  \n地点：未提及  \n任务优先级重要性：未提及  \n任务描述信息：  \n- UAV-02根据UAV-01的监控数据，定位到第一个物资投放点，执行物资投放任务。  \n- UAV-03在UAV-01的指引下，确保第二个物资投放点也被覆盖。  \n- UAV-02继续按照UAV-01的监控数据，进行第三个物资投放点的物资投放。  \n- UAV-03在UAV-01的辅助下，确保第四个物资投放点也被覆盖。  \n- UAV-02和UAV-03分别对第五个物资投放点进行物资投放。  \n- UAV-02和UAV-03在UAV-01的监控下，完成所有预定物资投放点的投放任务。  \n- UAV-02和UAV-03向指挥中心报告物资投放完成情况，并等待进一步的指令。  \n- UAV-02和UAV-03在指挥中心的指令下，开始返航，UAV-01继续在空中监控，确保无人机集群安全返航。",
                "similarity": 0.72276895504204
            }
        ]
    },
    {
        "content2_para": "UAV-02:\n实体关系：物资投放\n时间：2025年6月15日 10:00 – 12:00\n地点：灾区指定物资投放区（30.1234°N, 121.2345°E）\n任务优先级重要性：极高\n具体任务：在UAV-01的监控下，进行物资投放，并实时反馈投放情况。",
        "matches": [
            {
                "content1_para": "无人机集群灾区物资投放任务\n\n执行时间：\n2025年6月15日 10:00 – 12:00\n\n执行地点：\n灾区指定物资投放区（坐标：30.1234°N, 121.2345°E）\n\n执行者：\nUAV-01：负责高空监控与目标定位\nUAV-02：负责物资投放与实时反馈\nUAV-03：辅助物资投放，确保覆盖范围\n\n任务优先级：\n极高（直接影响灾区物资供应与救援效率）\n\n操作步骤：\n————————————————————————————————————————————————————————————————————————————————-\n\n10:00 – 10:10\nUAV-01于指定区域上空进行高空监控，确认灾区物资投放区的范围，并报告给指挥中心。\n\n10:10 – 10:20\nUAV-02和UAV-03在指挥中心的指令下，从灾区临时无人机调度站起飞，进入预定投放区域。\n\n10:20 – 10:30\nUAV-02在UAV-01的监控下，调整飞行高度至500米，准备进行物资投放。\n\n10:30 – 10:40\nUAV-03在UAV-01的辅助下，开始进行物资投放覆盖范围的二次确认。\n\n10:40 – 10:50",
                "content1_msg": "无人机名字或代号：UAV-01、UAV-02、UAV-03  \n时间：2025年6月15日 10:00 – 12:00、2025年6月15日 10:00 – 10:10、2025年6月15日 10:10 – 10:20、2025年6月15日 10:20 – 10:30、2025年6月15日 10:30 – 10:40、2025年6月15日 10:40 – 10:50  \n地点：灾区指定物资投放区（坐标：30.1234°N, 121.2345°E）  \n任务优先级重要性：极高（直接影响灾区物资供应与救援效率）  \n任务描述信息：UAV-01于指定区域上空进行高空监控，确认灾区物资投放区的范围，并报告给指挥中心；UAV-02和UAV-03从灾区临时无人机调度站起飞，进入预定投放区域；UAV-02在UAV-01的监控下，调整飞行高度至500米，准备进行物资投放；UAV-03在UAV-01的辅助下，开始进行物资投放覆盖范围的二次确认。",
                "similarity": 0.8220751997992807
            },
            {
                "content1_para": "无人机集群灾区通信恢复任务\n\n执行时间：\n2025年6月15日 13:00 – 15:00\n\n执行地点：\n灾区通信设施受损区域（坐标：30.1267°N, 121.2367°E）\n\n执行者：\nUAV-01：负责通信设备损坏评估\nUAV-02：负责搭建临时通信基站\nUAV-03：负责维护通信线路\n\n任务优先级：\n极高（直接影响灾区信息传递与救援协调）\n\n操作步骤：\n————————————————————————————————————————————————————————————————————————————————-\n\n13:00 – 13:10\nUAV-01在灾区上空进行通信设备损坏评估，记录损坏设备的具体位置和情况。\n\n13:10 – 13:20\nUAV-02和UAV-03在UAV-01的评估结果基础上，从无人机调度站起飞，准备进行通信恢复工作。\n\n13:20 – 13:30\nUAV-02在UAV-01的监控下，选择一个通信信号较弱的区域，开始搭建临时通信基站。\n\n13:30 – 13:40\nUAV-03在UAV-01的指引下，开始维护通信线路，确保临时通信基站能够正常运行。\n\n13:40 – 13",
                "content1_msg": "无人机名字或代号：UAV-01、UAV-02、UAV-03  \n时间：2025年6月15日 13:00 – 15:00、2025年6月15日 13:00 – 13:10、2025年6月15日 13:10 – 13:20、2025年6月15日 13:20 – 13:30、2025年6月15日 13:30 – 13:40  \n地点：灾区通信设施受损区域（坐标：30.1267°N, 121.2367°E）  \n任务优先级重要性：极高  \n任务描述信息：  \n- UAV-01在灾区上空进行通信设备损坏评估，记录损坏设备的具体位置和情况。  \n- UAV-02和UAV-03从无人机调度站起飞，准备进行通信恢复工作。  \n- UAV-02选择一个通信信号较弱的区域，开始搭建临时通信基站。  \n- UAV-03维护通信线路，确保临时通信基站能够正常运行。",
                "similarity": 0.7236220266360056
            }
        ]
    },
    {
        "content2_para": "UAV-03:\n实体关系：辅助投放\n时间：2025年6月15日 10:00 – 12:00\n地点：灾区指定物资投放区（30.1234°N, 121.2345°E）\n任务优先级重要性：极高\n具体任务：辅助UAV-02进行物资投放，确保覆盖范围。",
        "matches": [
            {
                "content1_para": "无人机集群灾区物资投放任务\n\n执行时间：\n2025年6月15日 10:00 – 12:00\n\n执行地点：\n灾区指定物资投放区（坐标：30.1234°N, 121.2345°E）\n\n执行者：\nUAV-01：负责高空监控与目标定位\nUAV-02：负责物资投放与实时反馈\nUAV-03：辅助物资投放，确保覆盖范围\n\n任务优先级：\n极高（直接影响灾区物资供应与救援效率）\n\n操作步骤：\n————————————————————————————————————————————————————————————————————————————————-\n\n10:00 – 10:10\nUAV-01于指定区域上空进行高空监控，确认灾区物资投放区的范围，并报告给指挥中心。\n\n10:10 – 10:20\nUAV-02和UAV-03在指挥中心的指令下，从灾区临时无人机调度站起飞，进入预定投放区域。\n\n10:20 – 10:30\nUAV-02在UAV-01的监控下，调整飞行高度至500米，准备进行物资投放。\n\n10:30 – 10:40\nUAV-03在UAV-01的辅助下，开始进行物资投放覆盖范围的二次确认。\n\n10:40 – 10:50",
                "content1_msg": "无人机名字或代号：UAV-01、UAV-02、UAV-03  \n时间：2025年6月15日 10:00 – 12:00、2025年6月15日 10:00 – 10:10、2025年6月15日 10:10 – 10:20、2025年6月15日 10:20 – 10:30、2025年6月15日 10:30 – 10:40、2025年6月15日 10:40 – 10:50  \n地点：灾区指定物资投放区（坐标：30.1234°N, 121.2345°E）  \n任务优先级重要性：极高（直接影响灾区物资供应与救援效率）  \n任务描述信息：UAV-01于指定区域上空进行高空监控，确认灾区物资投放区的范围，并报告给指挥中心；UAV-02和UAV-03从灾区临时无人机调度站起飞，进入预定投放区域；UAV-02在UAV-01的监控下，调整飞行高度至500米，准备进行物资投放；UAV-03在UAV-01的辅助下，开始进行物资投放覆盖范围的二次确认。",
                "similarity": 0.8194555722178005
            },
            {
                "content1_para": "无人机集群灾区通信恢复任务\n\n执行时间：\n2025年6月15日 13:00 – 15:00\n\n执行地点：\n灾区通信设施受损区域（坐标：30.1267°N, 121.2367°E）\n\n执行者：\nUAV-01：负责通信设备损坏评估\nUAV-02：负责搭建临时通信基站\nUAV-03：负责维护通信线路\n\n任务优先级：\n极高（直接影响灾区信息传递与救援协调）\n\n操作步骤：\n————————————————————————————————————————————————————————————————————————————————-\n\n13:00 – 13:10\nUAV-01在灾区上空进行通信设备损坏评估，记录损坏设备的具体位置和情况。\n\n13:10 – 13:20\nUAV-02和UAV-03在UAV-01的评估结果基础上，从无人机调度站起飞，准备进行通信恢复工作。\n\n13:20 – 13:30\nUAV-02在UAV-01的监控下，选择一个通信信号较弱的区域，开始搭建临时通信基站。\n\n13:30 – 13:40\nUAV-03在UAV-01的指引下，开始维护通信线路，确保临时通信基站能够正常运行。\n\n13:40 – 13",
                "content1_msg": "无人机名字或代号：UAV-01、UAV-02、UAV-03  \n时间：2025年6月15日 13:00 – 15:00、2025年6月15日 13:00 – 13:10、2025年6月15日 13:10 – 13:20、2025年6月15日 13:20 – 13:30、2025年6月15日 13:30 – 13:40  \n地点：灾区通信设施受损区域（坐标：30.1267°N, 121.2367°E）  \n任务优先级重要性：极高  \n任务描述信息：  \n- UAV-01在灾区上空进行通信设备损坏评估，记录损坏设备的具体位置和情况。  \n- UAV-02和UAV-03从无人机调度站起飞，准备进行通信恢复工作。  \n- UAV-02选择一个通信信号较弱的区域，开始搭建临时通信基站。  \n- UAV-03维护通信线路，确保临时通信基站能够正常运行。",
                "similarity": 0.7213014951982903
            }
        ]
    },
    {
        "content2_para": "UAV-01:\n实体关系：通信设备评估\n时间：2025年6月15日 13:00 – 14:40\n地点：灾区通信设施受损区域（30.1267°N, 121.2367°E）\n任务优先级重要性：极高\n具体任务：进行通信设备损坏评估，记录损坏设备的位置和情况。",
        "matches": [
            {
                "content1_para": "无人机集群灾区通信恢复任务\n\n执行时间：\n2025年6月15日 13:00 – 15:00\n\n执行地点：\n灾区通信设施受损区域（坐标：30.1267°N, 121.2367°E）\n\n执行者：\nUAV-01：负责通信设备损坏评估\nUAV-02：负责搭建临时通信基站\nUAV-03：负责维护通信线路\n\n任务优先级：\n极高（直接影响灾区信息传递与救援协调）\n\n操作步骤：\n————————————————————————————————————————————————————————————————————————————————-\n\n13:00 – 13:10\nUAV-01在灾区上空进行通信设备损坏评估，记录损坏设备的具体位置和情况。\n\n13:10 – 13:20\nUAV-02和UAV-03在UAV-01的评估结果基础上，从无人机调度站起飞，准备进行通信恢复工作。\n\n13:20 – 13:30\nUAV-02在UAV-01的监控下，选择一个通信信号较弱的区域，开始搭建临时通信基站。\n\n13:30 – 13:40\nUAV-03在UAV-01的指引下，开始维护通信线路，确保临时通信基站能够正常运行。\n\n13:40 – 13",
                "content1_msg": "无人机名字或代号：UAV-01、UAV-02、UAV-03  \n时间：2025年6月15日 13:00 – 15:00、2025年6月15日 13:00 – 13:10、2025年6月15日 13:10 – 13:20、2025年6月15日 13:20 – 13:30、2025年6月15日 13:30 – 13:40  \n地点：灾区通信设施受损区域（坐标：30.1267°N, 121.2367°E）  \n任务优先级重要性：极高  \n任务描述信息：  \n- UAV-01在灾区上空进行通信设备损坏评估，记录损坏设备的具体位置和情况。  \n- UAV-02和UAV-03从无人机调度站起飞，准备进行通信恢复工作。  \n- UAV-02选择一个通信信号较弱的区域，开始搭建临时通信基站。  \n- UAV-03维护通信线路，确保临时通信基站能够正常运行。",
                "similarity": 0.8094324800121366
            },
            {
                "content1_para": "通信线路，确保临时通信基站能够正常运行。\n\n13:40 – 13:50\nUAV-02完成临时通信基站搭建，并向指挥中心报告基站位置和状态。\n\n13:50 – 14:00\nUAV-03在UAV-01的辅助下，对通信线路进行检测和修复。\n\n14:00 – 14:10\nUAV-02和UAV-03在UAV-01的监控下，继续优化临时通信基站性能，确保信号稳定。\n\n14:10 – 14:20\nUAV-02和UAV-03向指挥中心报告通信恢复进度，并等待进一步的指令。\n\n14:20 – 14:30\nUAV-02和UAV-03在指挥中心的指令下，继续进行通信优化和维护工作。\n\n14:30 – 14:40\nUAV-02和UAV-03在UAV-01的监控下，完成所有预定通信恢复任务。\n\n14:40 – 14:50\nUAV-02和UAV-03向指挥中心报告通信恢复完成情况，并开始返航。\n\n14:50 – 15:00\nUAV-02和UAV-03在指挥中心的指令下，安全返航，UAV-01继续在空中监控。",
                "content1_msg": "无人机名字或代号：UAV-01、UAV-02、UAV-03  \n时间：13:40 – 13:50、13:50 – 14:00、14:00 – 14:10、14:10 – 14:20、14:20 – 14:30、14:30 – 14:40、14:40 – 14:50、14:50 – 15:00  \n地点：未提及  \n任务优先级重要性：未提及  \n任务描述信息：完成临时通信基站搭建，并向指挥中心报告基站位置和状态；对通信线路进行检测和修复；优化临时通信基站性能，确保信号稳定；向指挥中心报告通信恢复进度，并等待进一步的指令；继续进行通信优化和维护工作；完成所有预定通信恢复任务；向指挥中心报告通信恢复完成情况，并开始返航；安全返航，UAV-01继续在空中监控。",
                "similarity": 0.7350314264107919
            }
        ]
    },
    {
        "content2_para": "UAV-02:\n实体关系：基站搭建\n时间：2025年6月15日 13:00 – 15:00\n地点：灾区通信设施受损区域（30.1267°N, 121.2367°E）\n任务优先级重要性：极高\n具体任务：在UAV-01的监控下，搭建临时通信基站。",
        "matches": [
            {
                "content1_para": "无人机集群灾区通信恢复任务\n\n执行时间：\n2025年6月15日 13:00 – 15:00\n\n执行地点：\n灾区通信设施受损区域（坐标：30.1267°N, 121.2367°E）\n\n执行者：\nUAV-01：负责通信设备损坏评估\nUAV-02：负责搭建临时通信基站\nUAV-03：负责维护通信线路\n\n任务优先级：\n极高（直接影响灾区信息传递与救援协调）\n\n操作步骤：\n————————————————————————————————————————————————————————————————————————————————-\n\n13:00 – 13:10\nUAV-01在灾区上空进行通信设备损坏评估，记录损坏设备的具体位置和情况。\n\n13:10 – 13:20\nUAV-02和UAV-03在UAV-01的评估结果基础上，从无人机调度站起飞，准备进行通信恢复工作。\n\n13:20 – 13:30\nUAV-02在UAV-01的监控下，选择一个通信信号较弱的区域，开始搭建临时通信基站。\n\n13:30 – 13:40\nUAV-03在UAV-01的指引下，开始维护通信线路，确保临时通信基站能够正常运行。\n\n13:40 – 13",
                "content1_msg": "无人机名字或代号：UAV-01、UAV-02、UAV-03  \n时间：2025年6月15日 13:00 – 15:00、2025年6月15日 13:00 – 13:10、2025年6月15日 13:10 – 13:20、2025年6月15日 13:20 – 13:30、2025年6月15日 13:30 – 13:40  \n地点：灾区通信设施受损区域（坐标：30.1267°N, 121.2367°E）  \n任务优先级重要性：极高  \n任务描述信息：  \n- UAV-01在灾区上空进行通信设备损坏评估，记录损坏设备的具体位置和情况。  \n- UAV-02和UAV-03从无人机调度站起飞，准备进行通信恢复工作。  \n- UAV-02选择一个通信信号较弱的区域，开始搭建临时通信基站。  \n- UAV-03维护通信线路，确保临时通信基站能够正常运行。",
                "similarity": 0.8297560340406377
            },
            {
                "content1_para": "无人机集群灾区物资投放任务\n\n执行时间：\n2025年6月15日 10:00 – 12:00\n\n执行地点：\n灾区指定物资投放区（坐标：30.1234°N, 121.2345°E）\n\n执行者：\nUAV-01：负责高空监控与目标定位\nUAV-02：负责物资投放与实时反馈\nUAV-03：辅助物资投放，确保覆盖范围\n\n任务优先级：\n极高（直接影响灾区物资供应与救援效率）\n\n操作步骤：\n————————————————————————————————————————————————————————————————————————————————-\n\n10:00 – 10:10\nUAV-01于指定区域上空进行高空监控，确认灾区物资投放区的范围，并报告给指挥中心。\n\n10:10 – 10:20\nUAV-02和UAV-03在指挥中心的指令下，从灾区临时无人机调度站起飞，进入预定投放区域。\n\n10:20 – 10:30\nUAV-02在UAV-01的监控下，调整飞行高度至500米，准备进行物资投放。\n\n10:30 – 10:40\nUAV-03在UAV-01的辅助下，开始进行物资投放覆盖范围的二次确认。\n\n10:40 – 10:50",
                "content1_msg": "无人机名字或代号：UAV-01、UAV-02、UAV-03  \n时间：2025年6月15日 10:00 – 12:00、2025年6月15日 10:00 – 10:10、2025年6月15日 10:10 – 10:20、2025年6月15日 10:20 – 10:30、2025年6月15日 10:30 – 10:40、2025年6月15日 10:40 – 10:50  \n地点：灾区指定物资投放区（坐标：30.1234°N, 121.2345°E）  \n任务优先级重要性：极高（直接影响灾区物资供应与救援效率）  \n任务描述信息：UAV-01于指定区域上空进行高空监控，确认灾区物资投放区的范围，并报告给指挥中心；UAV-02和UAV-03从灾区临时无人机调度站起飞，进入预定投放区域；UAV-02在UAV-01的监控下，调整飞行高度至500米，准备进行物资投放；UAV-03在UAV-01的辅助下，开始进行物资投放覆盖范围的二次确认。",
                "similarity": 0.7233473944128005
            }
        ]
    },
    {
        "content2_para": "UAV-03:\n实体关系：线路维护\n时间：2025年6月15日 13:00 – 15:00\n地点：灾区通信设施受损区域（30.1267°N, 121.2367°E）\n任务优先级重要性：极高\n具体任务：在UAV-01的指引下，维护通信线路，确保临时通信基站正常运行。",
        "matches": [
            {
                "content1_para": "无人机集群灾区通信恢复任务\n\n执行时间：\n2025年6月15日 13:00 – 15:00\n\n执行地点：\n灾区通信设施受损区域（坐标：30.1267°N, 121.2367°E）\n\n执行者：\nUAV-01：负责通信设备损坏评估\nUAV-02：负责搭建临时通信基站\nUAV-03：负责维护通信线路\n\n任务优先级：\n极高（直接影响灾区信息传递与救援协调）\n\n操作步骤：\n————————————————————————————————————————————————————————————————————————————————-\n\n13:00 – 13:10\nUAV-01在灾区上空进行通信设备损坏评估，记录损坏设备的具体位置和情况。\n\n13:10 – 13:20\nUAV-02和UAV-03在UAV-01的评估结果基础上，从无人机调度站起飞，准备进行通信恢复工作。\n\n13:20 – 13:30\nUAV-02在UAV-01的监控下，选择一个通信信号较弱的区域，开始搭建临时通信基站。\n\n13:30 – 13:40\nUAV-03在UAV-01的指引下，开始维护通信线路，确保临时通信基站能够正常运行。\n\n13:40 – 13",
                "content1_msg": "无人机名字或代号：UAV-01、UAV-02、UAV-03  \n时间：2025年6月15日 13:00 – 15:00、2025年6月15日 13:00 – 13:10、2025年6月15日 13:10 – 13:20、2025年6月15日 13:20 – 13:30、2025年6月15日 13:30 – 13:40  \n地点：灾区通信设施受损区域（坐标：30.1267°N, 121.2367°E）  \n任务优先级重要性：极高  \n任务描述信息：  \n- UAV-01在灾区上空进行通信设备损坏评估，记录损坏设备的具体位置和情况。  \n- UAV-02和UAV-03从无人机调度站起飞，准备进行通信恢复工作。  \n- UAV-02选择一个通信信号较弱的区域，开始搭建临时通信基站。  \n- UAV-03维护通信线路，确保临时通信基站能够正常运行。",
                "similarity": 0.8319262568725202
            },
            {
                "content1_para": "无人机集群灾区物资投放任务\n\n执行时间：\n2025年6月15日 10:00 – 12:00\n\n执行地点：\n灾区指定物资投放区（坐标：30.1234°N, 121.2345°E）\n\n执行者：\nUAV-01：负责高空监控与目标定位\nUAV-02：负责物资投放与实时反馈\nUAV-03：辅助物资投放，确保覆盖范围\n\n任务优先级：\n极高（直接影响灾区物资供应与救援效率）\n\n操作步骤：\n————————————————————————————————————————————————————————————————————————————————-\n\n10:00 – 10:10\nUAV-01于指定区域上空进行高空监控，确认灾区物资投放区的范围，并报告给指挥中心。\n\n10:10 – 10:20\nUAV-02和UAV-03在指挥中心的指令下，从灾区临时无人机调度站起飞，进入预定投放区域。\n\n10:20 – 10:30\nUAV-02在UAV-01的监控下，调整飞行高度至500米，准备进行物资投放。\n\n10:30 – 10:40\nUAV-03在UAV-01的辅助下，开始进行物资投放覆盖范围的二次确认。\n\n10:40 – 10:50",
                "content1_msg": "无人机名字或代号：UAV-01、UAV-02、UAV-03  \n时间：2025年6月15日 10:00 – 12:00、2025年6月15日 10:00 – 10:10、2025年6月15日 10:10 – 10:20、2025年6月15日 10:20 – 10:30、2025年6月15日 10:30 – 10:40、2025年6月15日 10:40 – 10:50  \n地点：灾区指定物资投放区（坐标：30.1234°N, 121.2345°E）  \n任务优先级重要性：极高（直接影响灾区物资供应与救援效率）  \n任务描述信息：UAV-01于指定区域上空进行高空监控，确认灾区物资投放区的范围，并报告给指挥中心；UAV-02和UAV-03从灾区临时无人机调度站起飞，进入预定投放区域；UAV-02在UAV-01的监控下，调整飞行高度至500米，准备进行物资投放；UAV-03在UAV-01的辅助下，开始进行物资投放覆盖范围的二次确认。",
                "similarity": 0.7188996410555621
            }
        ]
    }
]