[
    {
        "paragraph": "灾难救援无人机集群投送物资任务\n\n执行时间\n：2023年9月15日 10:00 – 12:00\n执行地点\n：四川省成都市都江堰市某受灾村庄（坐标：30.9824°N, 103.5449°E）\n执行者\n：\nUAV-01至UAV-05\n：负责物资投送任务，覆盖受灾村庄核心区域\n\n任务优先级\n：极高（物资投送是救援行动的关键环节，直接影响受灾群众的生命安全）\n\n操作步骤\n：\n设备自检与环境评估\n（2023年9月15日 09:45 – 10:00）\nUAV-01至UAV-05\n依次完成以下设备自检：\n- 电池电量检查（每架无人机电量≥80%，确保至少1小时的飞行时间）\n- 通信系统测试（确保无人机与地面控制中心通信无障碍）\n- 投送系统检查（确认投送装置正常，可容纳至少100公斤物资）\n\n起飞与路径规划\n（2023年9月15日 10:00 – 10:15）\nUAV-01至UAV-05\n- 同时起飞，保持编队飞行，高度设定为300米\n- 通过GPS定位，规划投送路径，避开建筑物和危险区域\n\n物资投送\n（2023年9月15日 10:15 – 11:30）\nUAV-01\n- 投送第一轮物资，包括急救包、食物和水，目标区域为",
        "key_message": "无人机名字或代号：UAV-01至UAV-05  \n时间：2023年9月15日 09:45 – 10:00、2023年9月15日 10:00 – 10:15、2023年9月15日 10:15 – 11:30、2023年9月15日 10:00 – 12:00  \n地点：四川省成都市都江堰市某受灾村庄（坐标：30.9824°N, 103.5449°E）  \n任务优先级重要性：极高  \n任务描述信息：负责物资投送任务，覆盖受灾村庄核心区域；设备自检与环境评估（电池电量检查、通信系统测试、投送系统检查）；同时起飞，保持编队飞行，高度设定为300米，通过GPS定位规划投送路径；UAV-01投送第一轮物资，包括急救包、食物和水，目标区域为受灾村庄核心区域。"
    },
    {
        "paragraph": "AV-01\n- 投送第一轮物资，包括急救包、食物和水，目标区域为受灾村庄中心地带（坐标：30.9830°N, 103.5450°E）\nUAV-02\n- 投送第二轮物资，包括药品和医疗设备，目标区域为村庄东北角（坐标：30.9825°N, 103.5460°E）\nUAV-03\n- 投送第三轮物资，包括帐篷和保暖毯，目标区域为村庄西南角（坐标：30.9820°N, 103.5430°E）\nUAV-04\n- 投送第四轮物资，包括清洁水和食品，目标区域为村庄西北角（坐标：30.9822°N, 103.5440°E）\nUAV-05\n- 投送第五轮物资，包括生活必需品，目标区域为村庄东南角（坐标：30.9828°N, 103.5455°E）\n\n返航与设备检查\n（2023年9月15日 11:30 – 12:00）\nUAV-01至UAV-05\n- 同时返航，返回起飞点\n- 到达地面后，进行设备检查，确保飞行安全无故障\n\n————————————————————————————————————————————————————————————————————————————————-",
        "key_message": "无人机名字或代号：AV-01、UAV-02、UAV-03、UAV-04、UAV-05  \n时间：2023年9月15日 11:30 – 12:00  \n地点：受灾村庄中心地带（坐标：30.9830°N, 103.5450°E）、村庄东北角（坐标：30.9825°N, 103.5460°E）、村庄西南角（坐标：30.9820°N, 103.5430°E）、村庄西北角（坐标：30.9822°N, 103.5440°E）、村庄东南角（坐标：30.9828°N, 103.5455°E）、起飞点  \n任务优先级重要性：未提及  \n任务描述信息：投送第一轮物资（包括急救包、食物和水）、投送第二轮物资（包括药品和医疗设备）、投送第三轮物资（包括帐篷和保暖毯）、投送第四轮物资（包括清洁水和食品）、投送第五轮物资（包括生活必需品）、同时返航，返回起飞点，到达地面后进行设备检查，确保飞行安全无故障"
    },
    {
        "paragraph": "灾区无人机集群通信中继任务\n\n执行时间\n：2023年9月15日 14:00 – 16:00\n执行地点\n：四川省成都市都江堰市某受灾区域（坐标：30.9835°N, 103.5470°E）\n执行者\n：\nUAV-06至UAV-10\n：负责建立通信中继网络，覆盖受灾区域\n\n任务优先级\n：高（通信中继是确保救援指挥和协调的关键）\n\n操作步骤\n：\n设备自检与起飞准备\n（2023年9月15日 13:45 – 14:00）\nUAV-06至UAV-10\n依次完成以下设备自检：\n- 电池电量检查（每架无人机电量≥70%，确保至少1.5小时的飞行时间）\n- 通信中继系统测试（确保中继设备正常工作）\n- 起飞前检查（确认无人机状态良好）\n\n起飞与中继网络建立\n（2023年9月15日 14:00 – 14:15）\nUAV-06至UAV-10\n- 同时起飞，保持编队飞行，高度设定为500米\n- 通过GPS定位，选择最佳中继位置，确保覆盖受灾区域\n\n通信中继\n（2023年9月15日 14:15 – 15:45）\nUAV-06\n- 在受灾区域中心设立中继点，连接地面救援指挥中心\nUAV-07\n- 在受灾区域东北角设立中继点，连接附近医院\n",
        "key_message": "无人机名字或代号：UAV-06、UAV-07、UAV-08、UAV-09、UAV-10  \n时间：2023年9月15日 13:45 – 14:00、2023年9月15日 14:00 – 14:15、2023年9月15日 14:15 – 15:45、2023年9月15日 14:00 – 16:00  \n地点：四川省成都市都江堰市某受灾区域（坐标：30.9835°N, 103.5470°E）  \n任务优先级重要性：高  \n任务描述信息：负责建立通信中继网络，覆盖受灾区域；设备自检与起飞准备；同时起飞，保持编队飞行，高度设定为500米，通过GPS定位选择最佳中继位置；UAV-06在受灾区域中心设立中继点，连接地面救援指挥中心；UAV-07在受灾区域东北角设立中继点，连接附近医院。"
    },
    {
        "paragraph": "心\nUAV-07\n- 在受灾区域东北角设立中继点，连接附近医院\nUAV-08\n- 在受灾区域西南角设立中继点，连接消防队\nUAV-09\n- 在受灾区域西北角设立中继点，连接警察局\nUAV-10\n- 在受灾区域东南角设立中继点，连接受灾群众临时安置点\n\n返航与设备检查\n（2023年9月15日 15:45 – 16:00）\nUAV-06至UAV-10\n- 同时返航，返回起飞点\n- 到达地面后，进行设备检查，确保飞行安全无故障",
        "key_message": "无人机名字或代号：UAV-07、UAV-08、UAV-09、UAV-10、UAV-06  \n时间：2023年9月15日 15:45 – 16:00  \n地点：受灾区域东北角、受灾区域西南角、受灾区域西北角、受灾区域东南角、起飞点  \n任务优先级重要性：未提及  \n任务描述信息：在受灾区域东北角设立中继点，连接附近医院；在受灾区域西南角设立中继点，连接消防队；在受灾区域西北角设立中继点，连接警察局；在受灾区域东南角设立中继点，连接受灾群众临时安置点；同时返航，返回起飞点；到达地面后，进行设备检查，确保飞行安全无故障。"
    }
]