[
    {
        "content2_para": "UAV-01:\n实体关系：紧急包裹装载\n时间：2023年12月15日 08:00 – 08:30\n地点：上海市浦东新区快递配送中心（31.2304°N, 121.5074°E）\n任务优先级重要性：紧急\n具体任务：进行设备自检与环境适配，确保载荷管理系统、飞行导航系统和数据回传模块正常工作，电量≥95%，飞行时间≥2小时。",
        "matches": [
            {
                "content1_para": "任务准备与设备检查\n执行时间：2023年12月15日 08:00 – 08:30\n执行地点：上海市浦东新区快递配送中心（坐标：31.2304°N, 121.5074°E）\n执行者：\nUAV-01\n：负责快递包裹装载与起飞准备\nUAV-02\n：负责快递包裹装载与起飞准备\nUAV-03\n：负责快递包裹装载与起飞准备\n任务优先级：紧急（确保包裹在恶劣天气下及时送达）\n操作步骤：\n设备自检与环境适配（2023年12月15日 08:00 – 08:10）\nUAV-01至UAV-03依次进行系统检查，确保以下核心模块正常工作：\n- 载荷管理系统\n- 飞行导航系统\n- 数据回传模块\n电量检查：确保每架无人机电量≥95%，飞行时间≥2小时。\n装载包裹（2023年12月15日 08:10 – 08:20）\nUAV-01至UAV-03将紧急包裹装载至指定区域，确保包裹固定牢固。\n\n————————————————————————————————————————————————————————————————————————————————-",
                "content1_msg": "无人机名字或代号：UAV-01、UAV-02、UAV-03  \n时间：2023年12月15日 08:00 – 08:30、2023年12月15日 08:00 – 08:10、2023年12月15日 08:10 – 08:20  \n地点：上海市浦东新区快递配送中心（坐标：31.2304°N, 121.5074°E）  \n任务优先级重要性：紧急  \n任务描述信息：负责快递包裹装载与起飞准备、设备自检与环境适配、系统检查（载荷管理系统、飞行导航系统、数据回传模块）、电量检查（确保每架无人机电量≥95%，飞行时间≥2小时）、装载包裹至指定区域，确保包裹固定牢固。",
                "similarity": 0.8557597625386757
            },
            {
                "content1_para": "快递包裹快速配送\n执行时间：2023年12月15日 08:30 – 09:30\n执行地点：上海市浦东新区至上海市普陀区（坐标：31.2400°N, 121.4278°E）\n执行者：\nUAV-01\n：负责配送至上海市普陀区A地址\nUAV-02\n：负责配送至上海市普陀区B地址\nUAV-03\n：负责配送至上海市普陀区C地址\n任务优先级：紧急（确保包裹在恶劣天气下及时送达）\n操作步骤：\n起飞与导航（2023年12月15日 08:30）\nUAV-01至UAV-03依次起飞，进入预设航线。\n航线规划（2023年12月15日 08:30 – 08:40）\nUAV-01：规划航线至上海市普陀区A地址，飞行高度100m，飞行速度25 km/h。\nUAV-02：规划航线至上海市普陀区B地址，飞行高度100m，飞行速度25 km/h。\nUAV-03：规划航线至上海市普陀区C地址，飞行高度100m，飞行速度25 km/h。\n数据回传与监控（2023年12月15日 08:40 – 09:30）\nUAV-01至UAV-03实时回传位置与状态数据，确保包裹配送过程安全。\n\n—————————————————————————————————",
                "content1_msg": "无人机名字或代号：UAV-01、UAV-02、UAV-03  \n时间：2023年12月15日 08:30 – 09:30、2023年12月15日 08:30、2023年12月15日 08:30 – 08:40、2023年12月15日 08:40 – 09:30  \n地点：上海市浦东新区至上海市普陀区（坐标：31.2400°N, 121.4278°E）、上海市普陀区A地址、上海市普陀区B地址、上海市普陀区C地址  \n任务优先级重要性：紧急  \n任务描述信息：起飞与导航，UAV-01至UAV-03依次起飞，进入预设航线；规划航线至各自目标地址，飞行高度100m，飞行速度25 km/h；实时回传位置与状态数据，确保包裹配送过程安全。",
                "similarity": 0.764670031413454
            }
        ]
    },
    {
        "content2_para": "UAV-02:\n实体关系：紧急包裹装载\n时间：2023年12月15日 08:00 – 08:30\n地点：上海市浦东新区快递配送中心（31.2304°N, 121.5074°E）\n任务优先级重要性：紧急\n具体任务：进行设备自检与环境适配，确保载荷管理系统、飞行导航系统和数据回传模块正常工作，电量≥95%，飞行时间≥2小时。",
        "matches": [
            {
                "content1_para": "任务准备与设备检查\n执行时间：2023年12月15日 08:00 – 08:30\n执行地点：上海市浦东新区快递配送中心（坐标：31.2304°N, 121.5074°E）\n执行者：\nUAV-01\n：负责快递包裹装载与起飞准备\nUAV-02\n：负责快递包裹装载与起飞准备\nUAV-03\n：负责快递包裹装载与起飞准备\n任务优先级：紧急（确保包裹在恶劣天气下及时送达）\n操作步骤：\n设备自检与环境适配（2023年12月15日 08:00 – 08:10）\nUAV-01至UAV-03依次进行系统检查，确保以下核心模块正常工作：\n- 载荷管理系统\n- 飞行导航系统\n- 数据回传模块\n电量检查：确保每架无人机电量≥95%，飞行时间≥2小时。\n装载包裹（2023年12月15日 08:10 – 08:20）\nUAV-01至UAV-03将紧急包裹装载至指定区域，确保包裹固定牢固。\n\n————————————————————————————————————————————————————————————————————————————————-",
                "content1_msg": "无人机名字或代号：UAV-01、UAV-02、UAV-03  \n时间：2023年12月15日 08:00 – 08:30、2023年12月15日 08:00 – 08:10、2023年12月15日 08:10 – 08:20  \n地点：上海市浦东新区快递配送中心（坐标：31.2304°N, 121.5074°E）  \n任务优先级重要性：紧急  \n任务描述信息：负责快递包裹装载与起飞准备、设备自检与环境适配、系统检查（载荷管理系统、飞行导航系统、数据回传模块）、电量检查（确保每架无人机电量≥95%，飞行时间≥2小时）、装载包裹至指定区域，确保包裹固定牢固。",
                "similarity": 0.8554812896382851
            },
            {
                "content1_para": "快递包裹快速配送\n执行时间：2023年12月15日 08:30 – 09:30\n执行地点：上海市浦东新区至上海市普陀区（坐标：31.2400°N, 121.4278°E）\n执行者：\nUAV-01\n：负责配送至上海市普陀区A地址\nUAV-02\n：负责配送至上海市普陀区B地址\nUAV-03\n：负责配送至上海市普陀区C地址\n任务优先级：紧急（确保包裹在恶劣天气下及时送达）\n操作步骤：\n起飞与导航（2023年12月15日 08:30）\nUAV-01至UAV-03依次起飞，进入预设航线。\n航线规划（2023年12月15日 08:30 – 08:40）\nUAV-01：规划航线至上海市普陀区A地址，飞行高度100m，飞行速度25 km/h。\nUAV-02：规划航线至上海市普陀区B地址，飞行高度100m，飞行速度25 km/h。\nUAV-03：规划航线至上海市普陀区C地址，飞行高度100m，飞行速度25 km/h。\n数据回传与监控（2023年12月15日 08:40 – 09:30）\nUAV-01至UAV-03实时回传位置与状态数据，确保包裹配送过程安全。\n\n—————————————————————————————————",
                "content1_msg": "无人机名字或代号：UAV-01、UAV-02、UAV-03  \n时间：2023年12月15日 08:30 – 09:30、2023年12月15日 08:30、2023年12月15日 08:30 – 08:40、2023年12月15日 08:40 – 09:30  \n地点：上海市浦东新区至上海市普陀区（坐标：31.2400°N, 121.4278°E）、上海市普陀区A地址、上海市普陀区B地址、上海市普陀区C地址  \n任务优先级重要性：紧急  \n任务描述信息：起飞与导航，UAV-01至UAV-03依次起飞，进入预设航线；规划航线至各自目标地址，飞行高度100m，飞行速度25 km/h；实时回传位置与状态数据，确保包裹配送过程安全。",
                "similarity": 0.7644369772523822
            }
        ]
    },
    {
        "content2_para": "UAV-03:\n实体关系：紧急包裹装载\n时间：2023年12月15日 08:00 – 08:30\n地点：上海市浦东新区快递配送中心（31.2304°N, 121.5074°E）\n任务优先级重要性：紧急\n具体任务：进行设备自检与环境适配，确保载荷管理系统、飞行导航系统和数据回传模块正常工作，电量≥95%，飞行时间≥2小时。",
        "matches": [
            {
                "content1_para": "任务准备与设备检查\n执行时间：2023年12月15日 08:00 – 08:30\n执行地点：上海市浦东新区快递配送中心（坐标：31.2304°N, 121.5074°E）\n执行者：\nUAV-01\n：负责快递包裹装载与起飞准备\nUAV-02\n：负责快递包裹装载与起飞准备\nUAV-03\n：负责快递包裹装载与起飞准备\n任务优先级：紧急（确保包裹在恶劣天气下及时送达）\n操作步骤：\n设备自检与环境适配（2023年12月15日 08:00 – 08:10）\nUAV-01至UAV-03依次进行系统检查，确保以下核心模块正常工作：\n- 载荷管理系统\n- 飞行导航系统\n- 数据回传模块\n电量检查：确保每架无人机电量≥95%，飞行时间≥2小时。\n装载包裹（2023年12月15日 08:10 – 08:20）\nUAV-01至UAV-03将紧急包裹装载至指定区域，确保包裹固定牢固。\n\n————————————————————————————————————————————————————————————————————————————————-",
                "content1_msg": "无人机名字或代号：UAV-01、UAV-02、UAV-03  \n时间：2023年12月15日 08:00 – 08:30、2023年12月15日 08:00 – 08:10、2023年12月15日 08:10 – 08:20  \n地点：上海市浦东新区快递配送中心（坐标：31.2304°N, 121.5074°E）  \n任务优先级重要性：紧急  \n任务描述信息：负责快递包裹装载与起飞准备、设备自检与环境适配、系统检查（载荷管理系统、飞行导航系统、数据回传模块）、电量检查（确保每架无人机电量≥95%，飞行时间≥2小时）、装载包裹至指定区域，确保包裹固定牢固。",
                "similarity": 0.8553613054883522
            },
            {
                "content1_para": "快递包裹快速配送\n执行时间：2023年12月15日 08:30 – 09:30\n执行地点：上海市浦东新区至上海市普陀区（坐标：31.2400°N, 121.4278°E）\n执行者：\nUAV-01\n：负责配送至上海市普陀区A地址\nUAV-02\n：负责配送至上海市普陀区B地址\nUAV-03\n：负责配送至上海市普陀区C地址\n任务优先级：紧急（确保包裹在恶劣天气下及时送达）\n操作步骤：\n起飞与导航（2023年12月15日 08:30）\nUAV-01至UAV-03依次起飞，进入预设航线。\n航线规划（2023年12月15日 08:30 – 08:40）\nUAV-01：规划航线至上海市普陀区A地址，飞行高度100m，飞行速度25 km/h。\nUAV-02：规划航线至上海市普陀区B地址，飞行高度100m，飞行速度25 km/h。\nUAV-03：规划航线至上海市普陀区C地址，飞行高度100m，飞行速度25 km/h。\n数据回传与监控（2023年12月15日 08:40 – 09:30）\nUAV-01至UAV-03实时回传位置与状态数据，确保包裹配送过程安全。\n\n—————————————————————————————————",
                "content1_msg": "无人机名字或代号：UAV-01、UAV-02、UAV-03  \n时间：2023年12月15日 08:30 – 09:30、2023年12月15日 08:30、2023年12月15日 08:30 – 08:40、2023年12月15日 08:40 – 09:30  \n地点：上海市浦东新区至上海市普陀区（坐标：31.2400°N, 121.4278°E）、上海市普陀区A地址、上海市普陀区B地址、上海市普陀区C地址  \n任务优先级重要性：紧急  \n任务描述信息：起飞与导航，UAV-01至UAV-03依次起飞，进入预设航线；规划航线至各自目标地址，飞行高度100m，飞行速度25 km/h；实时回传位置与状态数据，确保包裹配送过程安全。",
                "similarity": 0.7645822933763446
            }
        ]
    },
    {
        "content2_para": "UAV-01:\n实体关系：紧急包裹配送\n时间：2023年12月15日 08:30 – 09:30\n地点：上海市浦东新区至上海市普陀区（31.2400°N, 121.4278°E）\n任务优先级重要性：紧急\n具体任务：起飞，规划航线至上海市普陀区A地址，飞行高度100m，速度25 km/h。",
        "matches": [
            {
                "content1_para": "快递包裹快速配送\n执行时间：2023年12月15日 08:30 – 09:30\n执行地点：上海市浦东新区至上海市普陀区（坐标：31.2400°N, 121.4278°E）\n执行者：\nUAV-01\n：负责配送至上海市普陀区A地址\nUAV-02\n：负责配送至上海市普陀区B地址\nUAV-03\n：负责配送至上海市普陀区C地址\n任务优先级：紧急（确保包裹在恶劣天气下及时送达）\n操作步骤：\n起飞与导航（2023年12月15日 08:30）\nUAV-01至UAV-03依次起飞，进入预设航线。\n航线规划（2023年12月15日 08:30 – 08:40）\nUAV-01：规划航线至上海市普陀区A地址，飞行高度100m，飞行速度25 km/h。\nUAV-02：规划航线至上海市普陀区B地址，飞行高度100m，飞行速度25 km/h。\nUAV-03：规划航线至上海市普陀区C地址，飞行高度100m，飞行速度25 km/h。\n数据回传与监控（2023年12月15日 08:40 – 09:30）\nUAV-01至UAV-03实时回传位置与状态数据，确保包裹配送过程安全。\n\n—————————————————————————————————",
                "content1_msg": "无人机名字或代号：UAV-01、UAV-02、UAV-03  \n时间：2023年12月15日 08:30 – 09:30、2023年12月15日 08:30、2023年12月15日 08:30 – 08:40、2023年12月15日 08:40 – 09:30  \n地点：上海市浦东新区至上海市普陀区（坐标：31.2400°N, 121.4278°E）、上海市普陀区A地址、上海市普陀区B地址、上海市普陀区C地址  \n任务优先级重要性：紧急  \n任务描述信息：起飞与导航，UAV-01至UAV-03依次起飞，进入预设航线；规划航线至各自目标地址，飞行高度100m，飞行速度25 km/h；实时回传位置与状态数据，确保包裹配送过程安全。",
                "similarity": 0.8417322754897044
            },
            {
                "content1_para": "任务准备与设备检查\n执行时间：2023年12月15日 08:00 – 08:30\n执行地点：上海市浦东新区快递配送中心（坐标：31.2304°N, 121.5074°E）\n执行者：\nUAV-01\n：负责快递包裹装载与起飞准备\nUAV-02\n：负责快递包裹装载与起飞准备\nUAV-03\n：负责快递包裹装载与起飞准备\n任务优先级：紧急（确保包裹在恶劣天气下及时送达）\n操作步骤：\n设备自检与环境适配（2023年12月15日 08:00 – 08:10）\nUAV-01至UAV-03依次进行系统检查，确保以下核心模块正常工作：\n- 载荷管理系统\n- 飞行导航系统\n- 数据回传模块\n电量检查：确保每架无人机电量≥95%，飞行时间≥2小时。\n装载包裹（2023年12月15日 08:10 – 08:20）\nUAV-01至UAV-03将紧急包裹装载至指定区域，确保包裹固定牢固。\n\n————————————————————————————————————————————————————————————————————————————————-",
                "content1_msg": "无人机名字或代号：UAV-01、UAV-02、UAV-03  \n时间：2023年12月15日 08:00 – 08:30、2023年12月15日 08:00 – 08:10、2023年12月15日 08:10 – 08:20  \n地点：上海市浦东新区快递配送中心（坐标：31.2304°N, 121.5074°E）  \n任务优先级重要性：紧急  \n任务描述信息：负责快递包裹装载与起飞准备、设备自检与环境适配、系统检查（载荷管理系统、飞行导航系统、数据回传模块）、电量检查（确保每架无人机电量≥95%，飞行时间≥2小时）、装载包裹至指定区域，确保包裹固定牢固。",
                "similarity": 0.7188309757232885
            }
        ]
    },
    {
        "content2_para": "UAV-02:\n实体关系：紧急包裹配送\n时间：2023年12月15日 08:30 – 09:30\n地点：上海市浦东新区至上海市普陀区（31.2400°N, 121.4278°E）\n任务优先级重要性：紧急\n具体任务：起飞，规划航线至上海市普陀区B地址，飞行高度100m，速度25 km/h。",
        "matches": [
            {
                "content1_para": "快递包裹快速配送\n执行时间：2023年12月15日 08:30 – 09:30\n执行地点：上海市浦东新区至上海市普陀区（坐标：31.2400°N, 121.4278°E）\n执行者：\nUAV-01\n：负责配送至上海市普陀区A地址\nUAV-02\n：负责配送至上海市普陀区B地址\nUAV-03\n：负责配送至上海市普陀区C地址\n任务优先级：紧急（确保包裹在恶劣天气下及时送达）\n操作步骤：\n起飞与导航（2023年12月15日 08:30）\nUAV-01至UAV-03依次起飞，进入预设航线。\n航线规划（2023年12月15日 08:30 – 08:40）\nUAV-01：规划航线至上海市普陀区A地址，飞行高度100m，飞行速度25 km/h。\nUAV-02：规划航线至上海市普陀区B地址，飞行高度100m，飞行速度25 km/h。\nUAV-03：规划航线至上海市普陀区C地址，飞行高度100m，飞行速度25 km/h。\n数据回传与监控（2023年12月15日 08:40 – 09:30）\nUAV-01至UAV-03实时回传位置与状态数据，确保包裹配送过程安全。\n\n—————————————————————————————————",
                "content1_msg": "无人机名字或代号：UAV-01、UAV-02、UAV-03  \n时间：2023年12月15日 08:30 – 09:30、2023年12月15日 08:30、2023年12月15日 08:30 – 08:40、2023年12月15日 08:40 – 09:30  \n地点：上海市浦东新区至上海市普陀区（坐标：31.2400°N, 121.4278°E）、上海市普陀区A地址、上海市普陀区B地址、上海市普陀区C地址  \n任务优先级重要性：紧急  \n任务描述信息：起飞与导航，UAV-01至UAV-03依次起飞，进入预设航线；规划航线至各自目标地址，飞行高度100m，飞行速度25 km/h；实时回传位置与状态数据，确保包裹配送过程安全。",
                "similarity": 0.8416158080138133
            },
            {
                "content1_para": "任务准备与设备检查\n执行时间：2023年12月15日 08:00 – 08:30\n执行地点：上海市浦东新区快递配送中心（坐标：31.2304°N, 121.5074°E）\n执行者：\nUAV-01\n：负责快递包裹装载与起飞准备\nUAV-02\n：负责快递包裹装载与起飞准备\nUAV-03\n：负责快递包裹装载与起飞准备\n任务优先级：紧急（确保包裹在恶劣天气下及时送达）\n操作步骤：\n设备自检与环境适配（2023年12月15日 08:00 – 08:10）\nUAV-01至UAV-03依次进行系统检查，确保以下核心模块正常工作：\n- 载荷管理系统\n- 飞行导航系统\n- 数据回传模块\n电量检查：确保每架无人机电量≥95%，飞行时间≥2小时。\n装载包裹（2023年12月15日 08:10 – 08:20）\nUAV-01至UAV-03将紧急包裹装载至指定区域，确保包裹固定牢固。\n\n————————————————————————————————————————————————————————————————————————————————-",
                "content1_msg": "无人机名字或代号：UAV-01、UAV-02、UAV-03  \n时间：2023年12月15日 08:00 – 08:30、2023年12月15日 08:00 – 08:10、2023年12月15日 08:10 – 08:20  \n地点：上海市浦东新区快递配送中心（坐标：31.2304°N, 121.5074°E）  \n任务优先级重要性：紧急  \n任务描述信息：负责快递包裹装载与起飞准备、设备自检与环境适配、系统检查（载荷管理系统、飞行导航系统、数据回传模块）、电量检查（确保每架无人机电量≥95%，飞行时间≥2小时）、装载包裹至指定区域，确保包裹固定牢固。",
                "similarity": 0.718548747730277
            }
        ]
    },
    {
        "content2_para": "UAV-03:\n实体关系：紧急包裹配送\n时间：2023年12月15日 08:30 – 09:30\n地点：上海市浦东新区至上海市普陀区（31.2400°N, 121.4278°E）\n任务优先级重要性：紧急\n具体任务：起飞，规划航线至上海市普陀区C地址，飞行高度100m，速度25 km/h。",
        "matches": [
            {
                "content1_para": "快递包裹快速配送\n执行时间：2023年12月15日 08:30 – 09:30\n执行地点：上海市浦东新区至上海市普陀区（坐标：31.2400°N, 121.4278°E）\n执行者：\nUAV-01\n：负责配送至上海市普陀区A地址\nUAV-02\n：负责配送至上海市普陀区B地址\nUAV-03\n：负责配送至上海市普陀区C地址\n任务优先级：紧急（确保包裹在恶劣天气下及时送达）\n操作步骤：\n起飞与导航（2023年12月15日 08:30）\nUAV-01至UAV-03依次起飞，进入预设航线。\n航线规划（2023年12月15日 08:30 – 08:40）\nUAV-01：规划航线至上海市普陀区A地址，飞行高度100m，飞行速度25 km/h。\nUAV-02：规划航线至上海市普陀区B地址，飞行高度100m，飞行速度25 km/h。\nUAV-03：规划航线至上海市普陀区C地址，飞行高度100m，飞行速度25 km/h。\n数据回传与监控（2023年12月15日 08:40 – 09:30）\nUAV-01至UAV-03实时回传位置与状态数据，确保包裹配送过程安全。\n\n—————————————————————————————————",
                "content1_msg": "无人机名字或代号：UAV-01、UAV-02、UAV-03  \n时间：2023年12月15日 08:30 – 09:30、2023年12月15日 08:30、2023年12月15日 08:30 – 08:40、2023年12月15日 08:40 – 09:30  \n地点：上海市浦东新区至上海市普陀区（坐标：31.2400°N, 121.4278°E）、上海市普陀区A地址、上海市普陀区B地址、上海市普陀区C地址  \n任务优先级重要性：紧急  \n任务描述信息：起飞与导航，UAV-01至UAV-03依次起飞，进入预设航线；规划航线至各自目标地址，飞行高度100m，飞行速度25 km/h；实时回传位置与状态数据，确保包裹配送过程安全。",
                "similarity": 0.8414926052130626
            },
            {
                "content1_para": "任务准备与设备检查\n执行时间：2023年12月15日 08:00 – 08:30\n执行地点：上海市浦东新区快递配送中心（坐标：31.2304°N, 121.5074°E）\n执行者：\nUAV-01\n：负责快递包裹装载与起飞准备\nUAV-02\n：负责快递包裹装载与起飞准备\nUAV-03\n：负责快递包裹装载与起飞准备\n任务优先级：紧急（确保包裹在恶劣天气下及时送达）\n操作步骤：\n设备自检与环境适配（2023年12月15日 08:00 – 08:10）\nUAV-01至UAV-03依次进行系统检查，确保以下核心模块正常工作：\n- 载荷管理系统\n- 飞行导航系统\n- 数据回传模块\n电量检查：确保每架无人机电量≥95%，飞行时间≥2小时。\n装载包裹（2023年12月15日 08:10 – 08:20）\nUAV-01至UAV-03将紧急包裹装载至指定区域，确保包裹固定牢固。\n\n————————————————————————————————————————————————————————————————————————————————-",
                "content1_msg": "无人机名字或代号：UAV-01、UAV-02、UAV-03  \n时间：2023年12月15日 08:00 – 08:30、2023年12月15日 08:00 – 08:10、2023年12月15日 08:10 – 08:20  \n地点：上海市浦东新区快递配送中心（坐标：31.2304°N, 121.5074°E）  \n任务优先级重要性：紧急  \n任务描述信息：负责快递包裹装载与起飞准备、设备自检与环境适配、系统检查（载荷管理系统、飞行导航系统、数据回传模块）、电量检查（确保每架无人机电量≥95%，飞行时间≥2小时）、装载包裹至指定区域，确保包裹固定牢固。",
                "similarity": 0.7183425156593541
            }
        ]
    },
    {
        "content2_para": "UAV-01、UAV-02、UAV-03:\n实体关系：实时数据回传\n时间：2023年12月15日 09:30 – 09:40\n地点：上海市浦东新区快递配送中心\n任务优先级重要性：紧急\n具体任务：通过专用频段实时回传位置与状态数据。",
        "matches": [
            {
                "content1_para": "实时数据回传与异常监控\n执行时间：2023年12月15日 09:30 – 09:40\n执行地点：上海市浦东新区快递配送中心\n执行者：\nUAV-01、UAV-02、UAV-03\n：数据回传与实时监测\n调度中心\n：实时监控与数据质量审核\n任务优先级：紧急（确保包裹配送过程安全）\n操作步骤：\n实时回传数据（2023年12月15日 09:30）\nUAV-01至UAV-03通过专用频段实时回传位置与状态数据。\n数据完整性检查（2023年12月15日 09:30 – 09:35）\n调度中心实时比对各航段数据，确保航线覆盖与数据准确。\n异常处理（2023年12月15日 09:35 – 09:40）\n如发现以下异常，立即通知执行者进行干预：\n- 无人机偏离航线超过100m\n- 无人机电量低于80%\n\n————————————————————————————————————————————————————————————————————————————————-",
                "content1_msg": "无人机名字或代号：UAV-01、UAV-02、UAV-03  \n时间：2023年12月15日 09:30 – 09:40、2023年12月15日 09:30、2023年12月15日 09:30 – 09:35、2023年12月15日 09:35 – 09:40  \n地点：上海市浦东新区快递配送中心  \n任务优先级重要性：紧急（确保包裹配送过程安全）  \n任务描述信息：实时回传数据、数据完整性检查、异常处理（如无人机偏离航线超过100m、无人机电量低于80%）",
                "similarity": 0.8809829070819499
            },
            {
                "content1_para": "返航与设备维护\n执行时间：2023年12月15日 09:40 – 10:00\n执行地点：上海市浦东新区快递配送中心\n执行者：\nUAV-01、UAV-02、UAV-03\n：执行返航与数据备份\n维护工程师\n：执行设备检查与维护\n任务优先级：高（确保无人机设备状态良好，为后续任务做准备）\n操作步骤：\n返航与数据备份（2023年12月15日 09:40）\nUAV-01至UAV-03按预定航线返航，确保飞行高度100m，避开地面障碍物。\n设备检查与数据备份（2023年12月15日 09:40 – 10:00）\n检查影像存储设备，确保数据完整无损。\n维护工程师完成设备电池、电机、传感器的性能检测，记录飞行日志。",
                "content1_msg": "无人机名字或代号：UAV-01、UAV-02、UAV-03  \n时间：2023年12月15日 09:40 – 10:00、2023年12月15日 09:40  \n地点：上海市浦东新区快递配送中心  \n任务优先级重要性：高  \n任务描述信息：返航与数据备份（UAV-01至UAV-03按预定航线返航，确保飞行高度100m，避开地面障碍物）、设备检查与数据备份（检查影像存储设备，确保数据完整无损）、维护工程师完成设备电池、电机、传感器的性能检测，记录飞行日志。",
                "similarity": 0.8158430265277775
            }
        ]
    },
    {
        "content2_para": "UAV-01、UAV-02、UAV-03:\n实体关系：返航与数据备份\n时间：2023年12月15日 09:40 – 10:00\n地点：上海市浦东新区快递配送中心\n任务优先级重要性：高\n具体任务：按预定航线返航，确保飞行高度100m，避开地面障碍物，并检查影像存储设备，确保数据完整无损。",
        "matches": [
            {
                "content1_para": "返航与设备维护\n执行时间：2023年12月15日 09:40 – 10:00\n执行地点：上海市浦东新区快递配送中心\n执行者：\nUAV-01、UAV-02、UAV-03\n：执行返航与数据备份\n维护工程师\n：执行设备检查与维护\n任务优先级：高（确保无人机设备状态良好，为后续任务做准备）\n操作步骤：\n返航与数据备份（2023年12月15日 09:40）\nUAV-01至UAV-03按预定航线返航，确保飞行高度100m，避开地面障碍物。\n设备检查与数据备份（2023年12月15日 09:40 – 10:00）\n检查影像存储设备，确保数据完整无损。\n维护工程师完成设备电池、电机、传感器的性能检测，记录飞行日志。",
                "content1_msg": "无人机名字或代号：UAV-01、UAV-02、UAV-03  \n时间：2023年12月15日 09:40 – 10:00、2023年12月15日 09:40  \n地点：上海市浦东新区快递配送中心  \n任务优先级重要性：高  \n任务描述信息：返航与数据备份（UAV-01至UAV-03按预定航线返航，确保飞行高度100m，避开地面障碍物）、设备检查与数据备份（检查影像存储设备，确保数据完整无损）、维护工程师完成设备电池、电机、传感器的性能检测，记录飞行日志。",
                "similarity": 0.8943165245281544
            },
            {
                "content1_para": "实时数据回传与异常监控\n执行时间：2023年12月15日 09:30 – 09:40\n执行地点：上海市浦东新区快递配送中心\n执行者：\nUAV-01、UAV-02、UAV-03\n：数据回传与实时监测\n调度中心\n：实时监控与数据质量审核\n任务优先级：紧急（确保包裹配送过程安全）\n操作步骤：\n实时回传数据（2023年12月15日 09:30）\nUAV-01至UAV-03通过专用频段实时回传位置与状态数据。\n数据完整性检查（2023年12月15日 09:30 – 09:35）\n调度中心实时比对各航段数据，确保航线覆盖与数据准确。\n异常处理（2023年12月15日 09:35 – 09:40）\n如发现以下异常，立即通知执行者进行干预：\n- 无人机偏离航线超过100m\n- 无人机电量低于80%\n\n————————————————————————————————————————————————————————————————————————————————-",
                "content1_msg": "无人机名字或代号：UAV-01、UAV-02、UAV-03  \n时间：2023年12月15日 09:30 – 09:40、2023年12月15日 09:30、2023年12月15日 09:30 – 09:35、2023年12月15日 09:35 – 09:40  \n地点：上海市浦东新区快递配送中心  \n任务优先级重要性：紧急（确保包裹配送过程安全）  \n任务描述信息：实时回传数据、数据完整性检查、异常处理（如无人机偏离航线超过100m、无人机电量低于80%）",
                "similarity": 0.7841969214877537
            }
        ]
    },
    {
        "content2_para": "维护工程师:\n实体关系：设备检查与维护\n时间：2023年12月15日 09:40 – 10:00\n地点：上海市浦东新区快递配送中心\n任务优先级重要性：高\n具体任务：完成设备电池、电机、传感器的性能检测，记录飞行日志。",
        "matches": [
            {
                "content1_para": "返航与设备维护\n执行时间：2023年12月15日 09:40 – 10:00\n执行地点：上海市浦东新区快递配送中心\n执行者：\nUAV-01、UAV-02、UAV-03\n：执行返航与数据备份\n维护工程师\n：执行设备检查与维护\n任务优先级：高（确保无人机设备状态良好，为后续任务做准备）\n操作步骤：\n返航与数据备份（2023年12月15日 09:40）\nUAV-01至UAV-03按预定航线返航，确保飞行高度100m，避开地面障碍物。\n设备检查与数据备份（2023年12月15日 09:40 – 10:00）\n检查影像存储设备，确保数据完整无损。\n维护工程师完成设备电池、电机、传感器的性能检测，记录飞行日志。",
                "content1_msg": "无人机名字或代号：UAV-01、UAV-02、UAV-03  \n时间：2023年12月15日 09:40 – 10:00、2023年12月15日 09:40  \n地点：上海市浦东新区快递配送中心  \n任务优先级重要性：高  \n任务描述信息：返航与数据备份（UAV-01至UAV-03按预定航线返航，确保飞行高度100m，避开地面障碍物）、设备检查与数据备份（检查影像存储设备，确保数据完整无损）、维护工程师完成设备电池、电机、传感器的性能检测，记录飞行日志。",
                "similarity": 0.8380023263139349
            },
            {
                "content1_para": "实时数据回传与异常监控\n执行时间：2023年12月15日 09:30 – 09:40\n执行地点：上海市浦东新区快递配送中心\n执行者：\nUAV-01、UAV-02、UAV-03\n：数据回传与实时监测\n调度中心\n：实时监控与数据质量审核\n任务优先级：紧急（确保包裹配送过程安全）\n操作步骤：\n实时回传数据（2023年12月15日 09:30）\nUAV-01至UAV-03通过专用频段实时回传位置与状态数据。\n数据完整性检查（2023年12月15日 09:30 – 09:35）\n调度中心实时比对各航段数据，确保航线覆盖与数据准确。\n异常处理（2023年12月15日 09:35 – 09:40）\n如发现以下异常，立即通知执行者进行干预：\n- 无人机偏离航线超过100m\n- 无人机电量低于80%\n\n————————————————————————————————————————————————————————————————————————————————-",
                "content1_msg": "无人机名字或代号：UAV-01、UAV-02、UAV-03  \n时间：2023年12月15日 09:30 – 09:40、2023年12月15日 09:30、2023年12月15日 09:30 – 09:35、2023年12月15日 09:35 – 09:40  \n地点：上海市浦东新区快递配送中心  \n任务优先级重要性：紧急（确保包裹配送过程安全）  \n任务描述信息：实时回传数据、数据完整性检查、异常处理（如无人机偏离航线超过100m、无人机电量低于80%）",
                "similarity": 0.7185774756850132
            }
        ]
    }
]