[
    {
        "paragraph": "UAV-1:\n实体关系：实时监控无人机\n时间：2023年9月15日 08:00\n地点：河南省开封市灾区（34.8033°N, 114.352°E）\n任务优先级重要性：极高\n具体任务：进行系统自检，确保设备正常，准备起飞监控灾区。"
    },
    {
        "paragraph": "UAV-2:\n实体关系：救灾物资投放无人机\n时间：2023年9月15日 08:00\n地点：河南省开封市灾区（34.8033°N, 114.352°E）\n任务优先级重要性：极高\n具体任务：装载救灾物资，准备起飞。"
    },
    {
        "paragraph": "UAV-3:\n实体关系：医疗急救包投放无人机\n时间：2023年9月15日 08:00\n地点：河南省开封市灾区（34.8033°N, 114.352°E）\n任务优先级重要性：极高\n具体任务：装载医疗急救包，准备起飞。"
    },
    {
        "paragraph": "UAV-4:\n实体关系：备用无人机\n时间：2023年9月15日 08:00\n地点：河南省开封市灾区（34.8033°N, 114.352°E）\n任务优先级重要性：极高\n具体任务：进入待命状态，随时准备接替任务。"
    },
    {
        "paragraph": "UAV-1:\n实体关系：实时监控无人机\n时间：2023年9月15日 08:15\n地点：河南省开封市灾区（34.8033°N, 114.352°E）\n任务优先级重要性：极高\n具体任务：起飞，飞往灾区上空，开始实时监控并传输图像数据。"
    },
    {
        "paragraph": "UAV-2:\n实体关系：救灾物资投放无人机\n时间：2023年9月15日 09:00\n地点：河南省开封市灾区（34.8033°N, 114.352°E）\n任务优先级重要性：极高\n具体任务：起飞，按照UAV-1的图像数据，飞往指定投放区域，投放救灾物资。"
    },
    {
        "paragraph": "UAV-3:\n实体关系：医疗急救包投放无人机\n时间：2023年9月15日 09:00\n地点：河南省开封市灾区（34.8033°N, 114.352°E）\n任务优先级重要性：极高\n具体任务：起飞，前往另一指定区域投放医疗急救包。"
    },
    {
        "paragraph": "UAV-1:\n实体关系：实时监控无人机\n时间：2023年9月15日 09:30\n地点：河南省开封市灾区（34.8033°N, 114.352°E）\n任务优先级重要性：极高\n具体任务：持续监控灾区情况，确认物资投放的准确性和安全性。"
    },
    {
        "paragraph": "UAV-2:\n实体关系：救灾物资投放无人机\n时间：2023年9月15日 09:30\n地点：河南省开封市灾区（34.8033°N, 114.352°E）\n任务优先级重要性：极高\n具体任务：将物资投放情况反馈至指挥中心。"
    },
    {
        "paragraph": "UAV-3:\n实体关系：医疗急救包投放无人机\n时间：2023年9月15日 09:30\n地点：河南省开封市灾区（34.8033°N, 114.352°E）\n任务优先级重要性：极高\n具体任务：将物资投放情况反馈至指挥中心。"
    },
    {
        "paragraph": "UAV-4:\n实体关系：备用无人机\n时间：2023年9月15日 09:45\n地点：河南省开封市灾区（34.8033°N, 114.352°E）\n任务优先级重要性：极高\n具体任务：如果UAV-2或UAV-3遇到故障，立即起飞接替任务。"
    },
    {
        "paragraph": "UAV-1至UAV-3:\n实体关系：任务完成无人机\n时间：2023年9月15日 12:00\n地点：河南省开封市灾区（34.8033°N, 114.352°E）\n任务优先级重要性：极高\n具体任务：完成任务后返航至指定基地，进行设备检查。"
    }
]