[
    {
        "paragraph": "无人机集群灾难区域侦察与评估\n执行时间\n：2023年9月15日 08:00 – 10:30\n执行地点\n：墨西哥城西部地震灾区（坐标：19.4326°N, -99.1332°W）\n执行者\n：\nUAV-1\n：负责灾区北部区域侦察\nUAV-2\n：负责灾区东部区域侦察\nUAV-3\n：负责灾区南部区域侦察\nUAV-4\n：负责灾区西部区域侦察\nUAV-5\n：备用机，执行故障应急接替与区域补充侦察任务\n任务优先级\n：极高（确保救援物资和人员能够迅速到达受灾区域）\n任务重要性\n：关键（为救援指挥中心提供实时灾区情况）\n操作步骤\n：\nUAV-1\n于2023年9月15日 08:00从墨西哥城中央机场起飞，前往灾区北部区域，执行以下任务：\n- 在灾区北部区域上空进行低空侦察，飞行高度为150米\n- 使用热成像相机和高清摄像头收集灾区建筑损毁情况、人员分布和救援需求信息\n- 每5分钟向指挥中心发送一次侦察报告\n\nUAV-2\n于2023年9月15日 08:05从墨西哥城中央机场起飞，前往灾区东部区域，执行以下任务：\n- 在灾区东部区域上空进行低空侦察，飞行高度为150米\n- 使用红外扫描仪检测潜在的热点区域，以确定被困人员位置\n- 每",
        "key_message": "无人机名字或代号：UAV-1、UAV-2、UAV-3、UAV-4、UAV-5  \n时间：2023年9月15日 08:00 – 10:30、2023年9月15日 08:00、2023年9月15日 08:05  \n地点：墨西哥城西部地震灾区（坐标：19.4326°N, -99.1332°W）、灾区北部区域、灾区东部区域、灾区南部区域、灾区西部区域、墨西哥城中央机场  \n任务优先级重要性：极高、关键  \n任务描述信息：  \n- UAV-1：负责灾区北部区域侦察，低空侦察飞行高度为150米，使用热成像相机和高清摄像头收集灾区建筑损毁情况、人员分布和救援需求信息，每5分钟向指挥中心发送一次侦察报告。  \n- UAV-2：负责灾区东部区域侦察，低空侦察飞行高度为150米，使用红外扫描仪检测潜在的热点区域以确定被困人员位置。  \n- UAV-3：负责灾区南部区域侦察（未提及具体任务细节）。  \n- UAV-4：负责灾区西部区域侦察（未提及具体任务细节）。  \n- UAV-5：备用机，执行故障应急接替与区域补充侦察任务（未提及具体任务细节）。"
    },
    {
        "paragraph": "- 使用红外扫描仪检测潜在的热点区域，以确定被困人员位置\n- 每5分钟向指挥中心发送一次侦察报告\n\nUAV-3\n于2023年9月15日 08:10从墨西哥城中央机场起飞，前往灾区南部区域，执行以下任务：\n- 在灾区南部区域上空进行低空侦察，飞行高度为150米\n- 使用高清摄像头记录灾区道路状况和桥梁损毁情况\n- 每5分钟向指挥中心发送一次侦察报告\n\nUAV-4\n于2023年9月15日 08:15从墨西哥城中央机场起飞，前往灾区西部区域，执行以下任务：\n- 在灾区西部区域上空进行低空侦察，飞行高度为150米\n- 使用声纳设备检测水下设施损毁情况，如排水管道\n- 每5分钟向指挥中心发送一次侦察报告\n\nUAV-5\n于2023年9月15日 08:20在墨西哥城中央机场待命，随时准备起飞接替故障无人机或执行补充侦察任务\n\n————————————————————————————————————————————————————————————————————————————————-",
        "key_message": "无人机名字或代号：UAV-3、UAV-4、UAV-5  \n时间：2023年9月15日 08:10、2023年9月15日 08:15、2023年9月15日 08:20  \n地点：墨西哥城中央机场、灾区南部区域、灾区西部区域  \n任务优先级重要性：未提及  \n任务描述信息：使用红外扫描仪检测潜在的热点区域以确定被困人员位置、每5分钟向指挥中心发送一次侦察报告、在灾区南部区域上空进行低空侦察飞行高度为150米、使用高清摄像头记录灾区道路状况和桥梁损毁情况、在灾区西部区域上空进行低空侦察飞行高度为150米、使用声纳设备检测水下设施损毁情况如排水管道、待命随时准备起飞接替故障无人机或执行补充侦察任务"
    },
    {
        "paragraph": "无人机集群救援物资投放\n执行时间\n：2023年9月15日 10:30 – 12:00\n执行地点\n：墨西哥城西部地震灾区\n执行者\n：\nUAV-6\n：负责投放食物和饮用水\nUAV-7\n：负责投放医疗急救包\nUAV-8\n：负责投放临时避难帐篷\nUAV-9\n：备用机，执行故障应急接替与物资补充投放任务\n任务优先级\n：极高（确保受灾群众获得基本生存物资）\n任务重要性\n：关键（提高受灾群众生存率）\n操作步骤\n：\nUAV-6\n于2023年9月15日 10:30从墨西哥城中央机场起飞，前往灾区北部投放点，执行以下任务：\n- 在指定区域上空投放食物和饮用水，飞行高度为200米\n- 每10分钟向指挥中心发送一次物资投放报告\n\nUAV-7\n于2023年9月15日 10:35从墨西哥城中央机场起飞，前往灾区东部投放点，执行以下任务：\n- 在指定区域上空投放医疗急救包，飞行高度为200米\n- 每10分钟向指挥中心发送一次物资投放报告\n\nUAV-8\n于2023年9月15日 10:40从墨西哥城中央机场起飞，前往灾区南部投放点，执行以下任务：\n- 在指定区域上空投放临时避难帐篷，飞行高度为200米\n- 每10分钟向指挥中心发送一次物资投放",
        "key_message": "无人机名字或代号：UAV-6、UAV-7、UAV-8、UAV-9  \n时间：2023年9月15日 10:30 – 12:00、2023年9月15日 10:30、2023年9月15日 10:35、2023年9月15日 10:40  \n地点：墨西哥城西部地震灾区、灾区北部投放点、灾区东部投放点、灾区南部投放点、墨西哥城中央机场  \n任务优先级重要性：极高（确保受灾群众获得基本生存物资）、关键（提高受灾群众生存率）  \n任务描述信息：  \n- UAV-6：负责投放食物和饮用水；在指定区域上空投放食物和饮用水，飞行高度为200米；每10分钟向指挥中心发送一次物资投放报告  \n- UAV-7：负责投放医疗急救包；在指定区域上空投放医疗急救包，飞行高度为200米；每10分钟向指挥中心发送一次物资投放报告  \n- UAV-8：负责投放临时避难帐篷；在指定区域上空投放临时避难帐篷，飞行高度为200米；每10分钟向指挥中心发送一次物资投放  \n- UAV-9：备用机，执行故障应急接替与物资补充投放任务"
    },
    {
        "paragraph": "篷，飞行高度为200米\n- 每10分钟向指挥中心发送一次物资投放报告\n\nUAV-9\n于2023年9月15日 10:45在墨西哥城中央机场待命，随时准备起飞接替故障无人机或执行补充物资投放任务\n\n————————————————————————————————————————————————————————————————————————————————-",
        "key_message": "无人机名字或代号：UAV-9  \n时间：2023年9月15日 10:45  \n地点：墨西哥城中央机场  \n任务优先级重要性：未提及  \n任务描述信息：待命，随时准备起飞接替故障无人机或执行补充物资投放任务，飞行高度为200米，每10分钟向指挥中心发送一次物资投放报告"
    },
    {
        "paragraph": "无人机集群人员搜救与定位\n执行时间\n：2023年9月15日 12:00 – 14:00\n执行地点\n：墨西哥城西部地震灾区\n执行者\n：\nUAV-10\n：负责搜救被困人员\nUAV-11\n：负责定位被困人员位置\nUAV-12\n：备用机，执行故障应急接替与人员定位任务\n任务优先级\n：极高（确保被困人员得到及时救援）\n任务重要性\n：关键（提高救援效率）\n操作步骤\n：\nUAV-10\n于2023年9月15日 12:00从墨西哥城中央机场起飞，前往灾区北部搜救区域，执行以下任务：\n- 使用红外搜索仪和热成像相机在指定区域进行搜救\n- 发现被困人员后，向指挥中心发送救援请求\n\nUAV-11\n于2023年9月15日 12:05从墨西哥城中央机场起飞，前往灾区东部定位区域，执行以下任务：\n- 使用GPS定位系统，为被困人员提供精确位置信息\n- 每5分钟向指挥中心发送一次定位报告\n\nUAV-12\n于2023年9月15日 12:10在墨西哥城中央机场待命，随时准备起飞接替故障无人机或执行补充人员定位任务",
        "key_message": "无人机名字或代号：UAV-10、UAV-11、UAV-12  \n时间：2023年9月15日 12:00 – 14:00、2023年9月15日 12:00、2023年9月15日 12:05、2023年9月15日 12:10  \n地点：墨西哥城西部地震灾区、墨西哥城中央机场、灾区北部搜救区域、灾区东部定位区域  \n任务优先级重要性：极高（确保被困人员得到及时救援）、关键（提高救援效率）  \n任务描述信息：  \n- UAV-10：负责搜救被困人员，使用红外搜索仪和热成像相机在指定区域进行搜救，发现被困人员后向指挥中心发送救援请求  \n- UAV-11：负责定位被困人员位置，使用GPS定位系统为被困人员提供精确位置信息，每5分钟向指挥中心发送一次定位报告  \n- UAV-12：备用机，执行故障应急接替与人员定位任务，随时准备起飞接替故障无人机或执行补充人员定位任务"
    }
]