[
    {
        "paragraph": "UAV-1:\n实体关系：快递装载\n时间：2023年8月15日 10:00\n地点：北京顺义区物流中心（39.9840°N, 116.4550°E）\n任务优先级重要性：高\n具体任务：装载5件总重量不超过2kg的快递，确保货舱封装完好。"
    },
    {
        "paragraph": "UAV-2:\n实体关系：航线规划\n时间：2023年8月15日 10:05\n地点：北京顺义区物流中心\n任务优先级重要性：高\n具体任务：规划起飞高度500米，飞行速度70 km/h，航线距离40公里的航线。"
    },
    {
        "paragraph": "UAV-3:\n实体关系：实时监控\n时间：2023年8月15日 10:10\n地点：北京顺义区物流中心\n任务优先级重要性：高\n具体任务：启动实时监控，每5分钟发送航迹点，实时传输飞行数据。"
    },
    {
        "paragraph": "UAV-4:\n实体关系：待命备用\n时间：2023年8月15日 10:15\n地点：北京顺义区物流中心\n任务优先级重要性：高\n具体任务：准备待命，5分钟内起飞接替UAV-1。"
    },
    {
        "paragraph": "UAV-1:\n实体关系：飞行任务\n时间：2023年8月15日 10:20\n地点：北京顺义区物流中心至北京市海淀区中关村（39.9900°N, 116.3310°E）\n任务优先级重要性：高\n具体任务：按UAV-2规划的航线起飞前往中关村。"
    },
    {
        "paragraph": "UAV-1:\n实体关系：快递投放\n时间：2023年8月15日 11:10 – 11:15\n地点：北京市海淀区中关村\n任务优先级重要性：高\n具体任务：抵达目的地后悬停，打开投放系统，确保20米高度投放快递。"
    },
    {
        "paragraph": "UAV-3:\n实体关系：飞行数据监控\n时间：2023年8月15日 11:10 – 11:15\n地点：北京市海淀区中关村\n任务优先级重要性：高\n具体任务：持续监控UAV-1飞行数据，确保准确投放。"
    },
    {
        "paragraph": "UAV-4:\n实体关系：待命备用\n时间：2023年8月15日 11:10 – 11:15\n地点：北京市海淀区中关村\n任务优先级重要性：高\n具体任务：保持待命状态，准备接替UAV-1。"
    },
    {
        "paragraph": "UAV-1, UAV-2, UAV-3:\n实体关系：返航\n时间：2023年8月15日 11:20\n地点：北京市海淀区中关村至北京顺义区物流中心\n任务优先级重要性：中\n具体任务：按原航线返回北京顺义区物流中心。"
    },
    {
        "paragraph": "UAV-4:\n实体关系：数据整理与总结\n时间：2023年8月15日 11:20\n地点：北京顺义区物流中心\n任务优先级重要性：中\n具体任务：整理任务执行数据，包括投递时间、位置、问题及无人机性能。"
    },
    {
        "paragraph": "UAV-1, UAV-2, UAV-3:\n实体关系：任务报告\n时间：2023年8月15日 12:00\n地点：北京顺义区物流中心\n任务优先级重要性：中\n具体任务：完成任务总结并向指挥中心报告。"
    }
]