[
    {
        "paragraph": "无人机快递配送任务\n\n执行时间：\n2023年8月15日 10:00 – 12:00\n\n执行地点：\n北京顺义区物流中心（坐标：39.9840°N, 116.4550°E）至北京市海淀区中关村（坐标：39.9900°N, 116.3310°E）\n\n执行者：\nUAV-1：负责装载快递\nUAV-2：负责导航与航线规划\nUAV-3：负责实时监控飞行路径\nUAV-4：备用无人机，待命执行故障接替\n\n任务优先级：\n高（确保快递在2小时内送达）\n\n操作步骤：\n————————————————————————————————————————————————————————————————————————————————-\n\nUAV-1于2023年8月15日 10:00在北京顺义区物流中心装载快递，确保以下内容：\n- 快递件数：5件，总重量不超过2kg\n- 货舱封装完好，无遗漏物品\n\nUAV-2于2023年8月15日 10:05进行航线规划，确认以下航线参数：\n- 起飞高度：500米\n- 飞行速度：70 km/h\n- 航线距离：40公里\n- 预计到达时间：11:15\n\nUAV-3于2023年8月15日 10:10启动实时监控，确",
        "key_message": "无人机名字或代号：UAV-1、UAV-2、UAV-3、UAV-4  \n时间：2023年8月15日 10:00 – 12:00、2023年8月15日 10:00、2023年8月15日 10:05、2023年8月15日 10:10  \n地点：北京顺义区物流中心（坐标：39.9840°N, 116.4550°E）、北京市海淀区中关村（坐标：39.9900°N, 116.3310°E）  \n任务优先级重要性：高  \n任务描述信息：UAV-1装载快递，确保货舱封装完好；UAV-2进行航线规划，确认起飞高度、飞行速度、航线距离和预计到达时间；UAV-3启动实时监控飞行路径；UAV-4为备用无人机，待命执行故障接替。"
    },
    {
        "paragraph": "\n\nUAV-3于2023年8月15日 10:10启动实时监控，确保以下内容：\n- 航迹跟踪：每5分钟自动发送航迹点至指挥中心\n- 飞行数据回传：实时传输速度、姿态、电池电量等关键信息\n\nUAV-4于2023年8月15日 10:15准备待命，确保在UAV-1出现故障时，5分钟内起飞接替任务\n\nUAV-1于2023年8月15日 10:20起飞，按UAV-2规划的航线前往北京市海淀区中关村\n\n————————————————————————————————————————————————————————————————————————————————-",
        "key_message": "无人机名字或代号：UAV-3、UAV-4、UAV-1、UAV-2  \n时间：2023年8月15日 10:10、2023年8月15日 10:15、2023年8月15日 10:20  \n地点：北京市海淀区中关村  \n任务优先级重要性：未提及  \n任务描述信息：UAV-3启动实时监控，每5分钟自动发送航迹点至指挥中心，实时传输速度、姿态、电池电量等关键信息；UAV-4准备待命，确保在UAV-1出现故障时，5分钟内起飞接替任务；UAV-1按UAV-2规划的航线前往北京市海淀区中关村。"
    },
    {
        "paragraph": "快递投放与接收确认\n\n执行时间：\n2023年8月15日 11:10 – 11:15\n\n执行地点：\n北京市海淀区中关村快递接收点\n\n执行者：\nUAV-1：执行快递投放\nUAV-3：监控飞行数据与航迹\nUAV-4：待命备用\n\n任务优先级：\n高（确保快递准确投放并接收确认）\n\n操作步骤：\n————————————————————————————————————————————————————————————————————————————————-\n\nUAV-1于2023年8月15日 11:10抵达目的地，调整至50米高空悬停\n\nUAV-1于2023年8月15日 11:12打开快递投放系统，确保投放高度在20米\n\nUAV-1于2023年8月15日 11:13投放快递至指定接收点\n\nUAV-1于2023年8月15日 11:15关闭投放系统，并返回待命点\n\nUAV-3于2023年8月15日 11:10 – 11:15持续监控UAV-1飞行数据，确保准确投放\n\nUAV-4保持待命状态，准备在必要时接替UAV-1\n\n——————————————————————————————————————————————————————",
        "key_message": "无人机名字或代号：UAV-1、UAV-3、UAV-4  \n时间：2023年8月15日 11:10 – 11:15、2023年8月15日 11:10、2023年8月15日 11:12、2023年8月15日 11:13、2023年8月15日 11:15  \n地点：北京市海淀区中关村快递接收点  \n任务优先级重要性：高  \n任务描述信息：UAV-1于2023年8月15日 11:10抵达目的地，调整至50米高空悬停；UAV-1于2023年8月15日 11:12打开快递投放系统，确保投放高度在20米；UAV-1于2023年8月15日 11:13投放快递至指定接收点；UAV-1于2023年8月15日 11:15关闭投放系统，并返回待命点；UAV-3于2023年8月15日 11:10 – 11:15持续监控UAV-1飞行数据，确保准确投放；UAV-4保持待命状态，准备在必要时接替UAV-1。"
    },
    {
        "paragraph": "——————————————————————————————————————————————————————————-",
        "key_message": "无人机名字或代号：未提及  \n时间：未提及  \n地点：未提及  \n任务优先级重要性：未提及  \n任务描述信息：未提及"
    },
    {
        "paragraph": "返回与任务总结\n\n执行时间：\n2023年8月15日 11:20 – 12:00\n\n执行地点：\n北京市海淀区中关村至北京顺义区物流中心\n\n执行者：\nUAV-1、UAV-2、UAV-3：执行返航\nUAV-4：整理数据并生成任务总结\n\n任务优先级：\n中（确保无人机安全返航并汇总数据）\n\n操作步骤：\n————————————————————————————————————————————————————————————————————————————————-\n\nUAV-1、UAV-2、UAV-3于2023年8月15日 11:20起飞，按原航线返回北京顺义区物流中心\n\nUAV-4于2023年8月15日 11:20开始整理任务执行数据，包括：\n- 快递投递时间与位置\n- 飞行过程中出现的问题与解决措施\n- 无人机性能与维护状况\n\nUAV-1、UAV-2、UAV-3预计于2023年8月15日 12:00抵达北京顺义区物流中心，完成任务总结并报告指挥中心\n\n————————————————————————————————————————————————————————————————————————————————-",
        "key_message": "无人机名字或代号：UAV-1、UAV-2、UAV-3、UAV-4  \n时间：2023年8月15日 11:20 – 12:00、2023年8月15日 11:20、2023年8月15日 12:00  \n地点：北京市海淀区中关村、北京顺义区物流中心  \n任务优先级重要性：中  \n任务描述信息：UAV-1、UAV-2、UAV-3起飞，按原航线返回北京顺义区物流中心；UAV-4整理任务执行数据（快递投递时间与位置、飞行过程中出现的问题与解决措施、无人机性能与维护状况）；UAV-1、UAV-2、UAV-3预计抵达北京顺义区物流中心，完成任务总结并报告指挥中心。"
    }
]