[
    {
        "paragraph": "UAV-21:\n实体关系：快递配送\n时间：2025年5月15日 14:00\n地点：北京朝阳区顺义区物流配送中心\n任务优先级重要性：高\n具体任务：执行系统自检，确保温控、导航和电池电量正常。"
    },
    {
        "paragraph": "UAV-22:\n实体关系：快递配送\n时间：2025年5月15日 14:05\n地点：北京朝阳区顺义区物流配送中心\n任务优先级重要性：高\n具体任务：同步执行设备检查，确认快递封装完好，校准重量与平衡，激活避障模块。"
    },
    {
        "paragraph": "UAV-23:\n实体关系：备用无人机\n时间：2025年5月15日 14:15\n地点：北京朝阳区顺义区物流配送中心\n任务优先级重要性：高\n具体任务：进行备用检查，确保应急切换模块和备用航线正常。"
    },
    {
        "paragraph": "UAV-24:\n实体关系：数据监控\n时间：2025年5月15日 14:30\n地点：北京朝阳区顺义区物流配送中心\n任务优先级重要性：高\n具体任务：完成数据链路检查，确保实时回传飞行速度、姿态、航迹偏差、快递舱温度和货物稳定性。"
    },
    {
        "paragraph": "UAV-21:\n实体关系：航线执行\n时间：2025年5月15日 14:45\n地点：北京朝阳区顺义区物流配送中心\n任务优先级重要性：高\n具体任务：起飞，按预设路径以60 km/h速度前往海淀区中关村核心区，飞行高度200米。"
    },
    {
        "paragraph": "UAV-22:\n实体关系：航线执行\n时间：2025年5月15日 14:50\n地点：北京朝阳区顺义区物流配送中心\n任务优先级重要性：高\n具体任务：起飞，飞往朝阳区CBD商业区，飞行高度150米，速度50 km/h。"
    },
    {
        "paragraph": "UAV-24:\n实体关系：环境监测\n时间：2025年5月15日 14:55\n地点：北京朝阳区顺义区物流配送中心\n任务优先级重要性：高\n具体任务：起飞，沿主航线执行环境监测，实时回传风速、风向和突发障碍物数据。"
    },
    {
        "paragraph": "UAV-21:\n实体关系：快递投放\n时间：2025年5月15日 15:05\n地点：海淀区中关村核心区\n任务优先级重要性：高\n具体任务：在指定投放点悬停，执行精准投放系统，确认投放高度30米。"
    },
    {
        "paragraph": "UAV-22:\n实体关系：快递投放\n时间：2025年5月15日 15:15\n地点：朝阳区CBD商业区\n任务优先级重要性：高\n具体任务：在指定投放点进行精准投放，采集目标环境数据，获取接收方回执。"
    },
    {
        "paragraph": "UAV-24:\n实体关系：数据回传\n时间：2025年5月15日 15:25\n地点：全程数据监测与反馈系统\n任务优先级重要性：高\n具体任务：进行数据汇总，实时传输快递投放精度、完成时间和接收确认码。"
    },
    {
        "paragraph": "UAV-23:\n实体关系：应急响应\n时间：2025年5月15日 15:25\n地点：全程数据监测与反馈系统\n任务优先级重要性：高\n具体任务：若UAV-21或UAV-22出现故障，立即执行替代任务，确保快递在10分钟内完成补投。"
    },
    {
        "paragraph": "UAV-21、UAV-22、UAV-24:\n实体关系：返航\n时间：2025年5月15日 15:45\n地点：北京朝阳区顺义区物流配送中心\n任务优先级重要性：高\n具体任务：按原航线返航，预计16:05抵达。"
    },
    {
        "paragraph": "UAV-23:\n实体关系：任务总结\n时间：2025年5月15日 16:30\n地点：北京朝阳区顺义区物流配送中心\n任务优先级重要性：高\n具体任务：整理数据并生成任务总结，包括运输时间、投放精度、信号稳定性统计和异常情况分析。"
    }
]