[
    {
        "paragraph": "无人机快递配送任务\n\n执行时间：\n2025年5月15日 14:00 – 16:30\n\n执行地点：\n北京朝阳区顺义区物流配送中心（坐标：40.1125°N, 116.3996°E）\n\n执行者：\nUAV-21：负责配送快递至北京市海淀区中关村核心区\nUAV-22：负责配送快递至北京市朝阳区CBD商业区\nUAV-23：备用机，执行故障应急接替与补充运输任务\nUAV-24：监控无人机飞行环境与信号中继，确保数据传输稳定\n\n任务优先级：\n高（确保快递快速准确送达）\n\n操作步骤：\n————————————————————————————————————————————————————————————————————————————————-\n\nUAV-21\n于2025年5月15日 14:00在物流配送中心执行系统自检，确保以下核心设备正常：\n- 温控系统（保持快递在适宜温度范围内）\n- 导航系统（GNSS，定位精度≤10米）\n- 电池电量≥ 90%，确保完成单程+应急返航\n\nUAV-22\n于2025年5月15日 14:05同步执行设备检查，确认快递封装完好，完成以下检查：\n- 快递重量与平衡校准（≤2kg，误差≤0.05",
        "key_message": "无人机名字或代号：UAV-21、UAV-22、UAV-23、UAV-24  \n时间：2025年5月15日 14:00 – 16:30、2025年5月15日 14:00、2025年5月15日 14:05  \n地点：北京朝阳区顺义区物流配送中心（坐标：40.1125°N, 116.3996°E）、北京市海淀区中关村核心区、北京市朝阳区CBD商业区  \n任务优先级重要性：高  \n任务描述信息：  \n- UAV-21：配送快递至北京市海淀区中关村核心区；于2025年5月15日 14:00在物流配送中心执行系统自检，确保温控系统、导航系统正常，电池电量≥90%。  \n- UAV-22：配送快递至北京市朝阳区CBD商业区；于2025年5月15日 14:05同步执行设备检查，确认快递封装完好，完成快递重量与平衡校准。  \n- UAV-23：备用机，执行故障应急接替与补充运输任务。  \n- UAV-24：监控无人机飞行环境与信号中继，确保数据传输稳定。"
    },
    {
        "paragraph": "完成以下检查：\n- 快递重量与平衡校准（≤2kg，误差≤0.05kg）\n- 自动避障模块激活，确保飞行途中识别障碍物并规避\n\nUAV-23\n于2025年5月15日 14:15进行备用检查，确保可随时接管故障任务，主要测试：\n- 应急切换模块，确保接收来自指挥中心的备用飞行指令\n- 备用航线预设，覆盖主航线与替代路径\n\nUAV-24\n与\nUAV-21、UAV-22\n于2025年5月15日 14:30完成数据链路检查，确保以下监控内容实时回传：\n- 飞行速度、姿态与航迹偏差（≤1°）\n- 快递舱温度、货物稳定性与环境变化\n\n————————————————————————————————————————————————————————————————————————————————-",
        "key_message": "无人机名字或代号：UAV-23、UAV-24、UAV-21、UAV-22  \n时间：2025年5月15日 14:15、2025年5月15日 14:30  \n地点：未提及  \n任务优先级重要性：未提及  \n任务描述信息：  \n- 快递重量与平衡校准（≤2kg，误差≤0.05kg）  \n- 自动避障模块激活，确保飞行途中识别障碍物并规避  \n- 应急切换模块，确保接收来自指挥中心的备用飞行指令  \n- 备用航线预设，覆盖主航线与替代路径  \n- 数据链路检查，确保飞行速度、姿态与航迹偏差（≤1°）、快递舱温度、货物稳定性与环境变化实时回传"
    },
    {
        "paragraph": "起飞与航线执行\n\n执行时间：\n2025年5月15日 14:45 – 15:15\n\n执行地点：\n北京朝阳区顺义区物流配送中心至目标区域\n\n执行者：\nUAV-21：向海淀区中关村核心区执行快递配送任务\nUAV-22：向朝阳区CBD商业区执行快递配送任务\nUAV-24：环境监测与导航路径辅助修正\n\n任务优先级：\n高（确保快递在20分钟内送达）\n\n操作步骤：\nUAV-21\n于2025年5月15日 14:45起飞，按预设路径以60 km/h速度前往海淀区中关村核心区，航线要求：\n- 飞行高度：200米，避免与城市低空航班冲突\n- 预计到达时间：15:05，实时报告航迹与设备状态\n\nUAV-22\n于2025年5月15日 14:50起飞，飞往朝阳区CBD商业区，飞行参数要求：\n- 高度150米，速度50 km/h，确保高效避障\n- 抵达目标时间：15:10，进行自动降落与精准投放\n\nUAV-24\n于2025年5月15日 14:55起飞，沿主航线执行环境监测，实时回传以下数据至指挥中心：\n- 风速、风向监测（误差≤0.5 m/s）\n- 突发障碍物检测，若发现异常，向执行无人机发送避障指令\n\n—————————————————",
        "key_message": "无人机名字或代号：UAV-21、UAV-22、UAV-24  \n时间：2025年5月15日 14:45 – 15:15、2025年5月15日 14:45、2025年5月15日 14:50、2025年5月15日 14:55  \n地点：北京朝阳区顺义区物流配送中心至目标区域、海淀区中关村核心区、朝阳区CBD商业区  \n任务优先级重要性：高  \n任务描述信息：  \n- UAV-21：于2025年5月15日 14:45起飞，按预设路径以60 km/h速度前往海淀区中关村核心区，飞行高度200米，预计到达时间15:05，实时报告航迹与设备状态  \n- UAV-22：于2025年5月15日 14:50起飞，飞往朝阳区CBD商业区，高度150米，速度50 km/h，抵达目标时间15:10，进行自动降落与精准投放  \n- UAV-24：于2025年5月15日 14:55起飞，沿主航线执行环境监测，实时回传风速、风向监测数据（误差≤0.5 m/s）和突发障碍物检测数据，若发现异常，向执行无人机发送避障指令"
    },
    {
        "paragraph": "，向执行无人机发送避障指令\n\n————————————————————————————————————————————————————————————————————————————————-",
        "key_message": "无人机名字或代号：未提及  \n时间：未提及  \n地点：未提及  \n任务优先级重要性：未提及  \n任务描述信息：向执行无人机发送避障指令"
    },
    {
        "paragraph": "快递投放与交付确认\n\n执行时间：\n2025年5月15日 15:05 – 15:25\n\n执行地点：\n海淀区中关村核心区、朝阳区CBD商业区\n\n执行者：\nUAV-21：执行快递投放与交付确认\nUAV-22：执行快递交付并采集目标环境数据\nUAV-24：监控投放过程，记录数据并实时上传\n\n任务优先级：\n高（确保快递安全无误投放并获得接收反馈）\n\n操作步骤：\nUAV-21\n于2025年5月15日 15:05在指定投放点悬停，执行以下操作：\n- 启动精准投放系统，确认投放高度30米\n- 投放完成后，接收确认码并向指挥中心回传\n\nUAV-22\n于2025年5月15日 15:15在指定投放点进行精准投放，完成以下操作：\n- 采集目标环境数据（风速、障碍物位置）\n- 确认快递投放完成，获取接收方回执并实时上传\n\n————————————————————————————————————————————————————————————————————————————————-",
        "key_message": "无人机名字或代号：UAV-21、UAV-22、UAV-24  \n时间：2025年5月15日 15:05 – 15:25、2025年5月15日 15:05、2025年5月15日 15:15  \n地点：海淀区中关村核心区、朝阳区CBD商业区  \n任务优先级重要性：高  \n任务描述信息：  \n- UAV-21：于指定投放点悬停，启动精准投放系统，确认投放高度30米，投放完成后接收确认码并向指挥中心回传。  \n- UAV-22：在指定投放点进行精准投放，采集目标环境数据（风速、障碍物位置），确认快递投放完成，获取接收方回执并实时上传。  \n- UAV-24：监控投放过程，记录数据并实时上传。"
    },
    {
        "paragraph": "数据回传与应急响应\n\n执行时间：\n2025年5月15日 15:25 – 15:45\n\n执行地点：\n全程数据监测与反馈系统\n\n执行者：\nUAV-24：实时回传任务执行数据\nUAV-23：备用无人机，执行故障接替任务\n\n任务优先级：\n高（确保全程监控与数据安全回传）\n\n操作步骤：\nUAV-24\n于2025年5月15日 15:25进行数据汇总，实时传输以下信息至指挥中心：\n- 快递投放精度（误差≤1米）\n- 投放完成时间与接收确认码\n\n若\nUAV-21\n或\nUAV-22\n出现故障，\nUAV-23\n立即执行替代任务，遵循以下流程：\n- 根据备用航线导航至目标区域，确保快递在10分钟内完成补投\n\n————————————————————————————————————————————————————————————————————————————————-",
        "key_message": "无人机名字或代号：UAV-24、UAV-23、UAV-21、UAV-22  \n时间：2025年5月15日 15:25 – 15:45、2025年5月15日 15:25  \n地点：全程数据监测与反馈系统  \n任务优先级重要性：高  \n任务描述信息：UAV-24进行数据汇总并实时传输快递投放精度和完成时间信息至指挥中心；若UAV-21或UAV-22出现故障，UAV-23根据备用航线导航至目标区域完成补投任务。"
    },
    {
        "paragraph": "返航与任务总结\n\n执行时间：\n2025年5月15日 15:45 – 16:30\n\n执行地点：\n北京朝阳区顺义区物流配送中心\n\n执行者：\nUAV-21、UAV-22、UAV-24：执行返航\nUAV-23：整理数据并生成任务总结\n\n任务优先级：\n高（确保数据完整性并安全返航）\n\n操作步骤：\nUAV-21、UAV-22\n于2025年5月15日 15:45按原航线返航，预计16:05抵达。\nUAV-23\n于2025年5月15日 16:30完成以下任务总结：\n- 运输时间、投放精度、信号稳定性统计\n- 异常情况分析及改进建议，提交至指挥中心。",
        "key_message": "无人机名字或代号：UAV-21、UAV-22、UAV-23、UAV-24  \n时间：2025年5月15日 15:45 – 16:30、2025年5月15日 15:45、2025年5月15日 16:05、2025年5月15日 16:30  \n地点：北京朝阳区顺义区物流配送中心  \n任务优先级重要性：高  \n任务描述信息：UAV-21、UAV-22按原航线返航；UAV-23整理数据并生成任务总结，包括运输时间、投放精度、信号稳定性统计及异常情况分析；UAV-24执行返航。"
    }
]