[
    {
        "content2_para": "UAV-01:\n实体关系：紧急医疗物资装载与投送\n时间：2023年11月5日 14:30\n地点：北京市朝阳区某居民区（坐标：39.9042°N, 116.4074°E）\n任务优先级重要性：紧急高\n具体任务：到达指定装载点，装载医疗物资。",
        "matches": [
            {
                "content1_para": "无人机快递配送任务一：紧急医疗物资投送\n执行时间：2023年11月5日 14:30 – 15:30\n执行地点：北京市朝阳区某居民区（坐标：39.9042°N, 116.4074°E）\n执行者：\nUAV-01：负责紧急医疗物资的装载与投送\nUAV-02：负责实时监控投送过程与目标区域\n任务优先级：紧急（确保医疗物资迅速送达）\n重要性：高（医疗物资对患者的生命安全至关重要）\n操作步骤：\nUAV-01\n于2023年11月5日 14:30到达指定装载点，装载紧急医疗物资，包括药品、急救包等。\n于2023年11月5日 14:40完成装载，检查无人机系统状态，确认一切正常后起飞。\nUAV-02\n于2023年11月5日 14:35从监控中心起飞，定位至目标区域上空，准备实时监控。\n————————————————————————————————————————————————————————————————————————————————-",
                "content1_msg": "无人机名字或代号：UAV-01、UAV-02  \n时间：2023年11月5日 14:30 – 15:30、2023年11月5日 14:30、2023年11月5日 14:40、2023年11月5日 14:35  \n地点：北京市朝阳区某居民区（坐标：39.9042°N, 116.4074°E）  \n任务优先级重要性：紧急、高  \n任务描述信息：负责紧急医疗物资的装载与投送、负责实时监控投送过程与目标区域、于2023年11月5日 14:30到达指定装载点，装载紧急医疗物资，包括药品、急救包等、于2023年11月5日 14:40完成装载，检查无人机系统状态，确认一切正常后起飞、于2023年11月5日 14:35从监控中心起飞，定位至目标区域上空，准备实时监控。",
                "similarity": 0.8352667353513153
            },
            {
                "content1_para": "起飞与投送执行\n执行时间：2023年11月5日 14:40 – 15:00\n执行地点：北京市朝阳区某居民区（坐标：39.9042°N, 116.4074°E）\n执行者：\nUAV-01：负责医疗物资投送\nUAV-02：实时监控投送过程\n操作步骤：\nUAV-01\n于2023年11月5日 14:40起飞，飞行高度设定为100米，确保安全投送。\n于2023年11月5日 14:45到达目标区域上空，调整飞行路径至目标点正上方。\n于2023年11月5日 14:50进行精确投送，将医疗物资投入指定区域。\nUAV-02\n于2023年11月5日 14:40起飞，定位至目标区域上空，实时监控UAV-01的投送过程。\n于2023年11月5日 14:50确认医疗物资成功投送至指定区域，并向指挥中心报告投送完成。\n————————————————————————————————————————————————————————————————————————————————-",
                "content1_msg": "无人机名字或代号：UAV-01、UAV-02  \n时间：2023年11月5日 14:40 – 15:00、2023年11月5日 14:40、2023年11月5日 14:45、2023年11月5日 14:50  \n地点：北京市朝阳区某居民区（坐标：39.9042°N, 116.4074°E）  \n任务优先级重要性：未提及  \n任务描述信息：  \n- UAV-01：于2023年11月5日 14:40起飞，飞行高度设定为100米，确保安全投送；于2023年11月5日 14:45到达目标区域上空，调整飞行路径至目标点正上方；于2023年11月5日 14:50进行精确投送，将医疗物资投入指定区域。  \n- UAV-02：于2023年11月5日 14:40起飞，定位至目标区域上空，实时监控UAV-01的投送过程；于2023年11月5日 14:50确认医疗物资成功投送至指定区域，并向指挥中心报告投送完成。",
                "similarity": 0.7919279003775549
            }
        ]
    },
    {
        "content2_para": "UAV-01:\n实体关系：系统检查与起飞\n时间：2023年11月5日 14:40\n地点：北京市朝阳区某居民区（坐标：39.9042°N, 116.4074°E）\n任务优先级重要性：紧急高\n具体任务：完成装载，检查系统状态，确认正常后起飞。",
        "matches": [
            {
                "content1_para": "起飞与投送执行\n执行时间：2023年11月5日 14:40 – 15:00\n执行地点：北京市朝阳区某居民区（坐标：39.9042°N, 116.4074°E）\n执行者：\nUAV-01：负责医疗物资投送\nUAV-02：实时监控投送过程\n操作步骤：\nUAV-01\n于2023年11月5日 14:40起飞，飞行高度设定为100米，确保安全投送。\n于2023年11月5日 14:45到达目标区域上空，调整飞行路径至目标点正上方。\n于2023年11月5日 14:50进行精确投送，将医疗物资投入指定区域。\nUAV-02\n于2023年11月5日 14:40起飞，定位至目标区域上空，实时监控UAV-01的投送过程。\n于2023年11月5日 14:50确认医疗物资成功投送至指定区域，并向指挥中心报告投送完成。\n————————————————————————————————————————————————————————————————————————————————-",
                "content1_msg": "无人机名字或代号：UAV-01、UAV-02  \n时间：2023年11月5日 14:40 – 15:00、2023年11月5日 14:40、2023年11月5日 14:45、2023年11月5日 14:50  \n地点：北京市朝阳区某居民区（坐标：39.9042°N, 116.4074°E）  \n任务优先级重要性：未提及  \n任务描述信息：  \n- UAV-01：于2023年11月5日 14:40起飞，飞行高度设定为100米，确保安全投送；于2023年11月5日 14:45到达目标区域上空，调整飞行路径至目标点正上方；于2023年11月5日 14:50进行精确投送，将医疗物资投入指定区域。  \n- UAV-02：于2023年11月5日 14:40起飞，定位至目标区域上空，实时监控UAV-01的投送过程；于2023年11月5日 14:50确认医疗物资成功投送至指定区域，并向指挥中心报告投送完成。",
                "similarity": 0.8061831200161926
            },
            {
                "content1_para": "无人机快递配送任务一：紧急医疗物资投送\n执行时间：2023年11月5日 14:30 – 15:30\n执行地点：北京市朝阳区某居民区（坐标：39.9042°N, 116.4074°E）\n执行者：\nUAV-01：负责紧急医疗物资的装载与投送\nUAV-02：负责实时监控投送过程与目标区域\n任务优先级：紧急（确保医疗物资迅速送达）\n重要性：高（医疗物资对患者的生命安全至关重要）\n操作步骤：\nUAV-01\n于2023年11月5日 14:30到达指定装载点，装载紧急医疗物资，包括药品、急救包等。\n于2023年11月5日 14:40完成装载，检查无人机系统状态，确认一切正常后起飞。\nUAV-02\n于2023年11月5日 14:35从监控中心起飞，定位至目标区域上空，准备实时监控。\n————————————————————————————————————————————————————————————————————————————————-",
                "content1_msg": "无人机名字或代号：UAV-01、UAV-02  \n时间：2023年11月5日 14:30 – 15:30、2023年11月5日 14:30、2023年11月5日 14:40、2023年11月5日 14:35  \n地点：北京市朝阳区某居民区（坐标：39.9042°N, 116.4074°E）  \n任务优先级重要性：紧急、高  \n任务描述信息：负责紧急医疗物资的装载与投送、负责实时监控投送过程与目标区域、于2023年11月5日 14:30到达指定装载点，装载紧急医疗物资，包括药品、急救包等、于2023年11月5日 14:40完成装载，检查无人机系统状态，确认一切正常后起飞、于2023年11月5日 14:35从监控中心起飞，定位至目标区域上空，准备实时监控。",
                "similarity": 0.7775595188886197
            }
        ]
    },
    {
        "content2_para": "UAV-02:\n实体关系：实时监控准备\n时间：2023年11月5日 14:35\n地点：北京市朝阳区某居民区（坐标：39.9042°N, 116.4074°E）\n任务优先级重要性：紧急高\n具体任务：从监控中心起飞，定位至目标区域上空，准备监控。",
        "matches": [
            {
                "content1_para": "起飞与投送执行\n执行时间：2023年11月5日 14:40 – 15:00\n执行地点：北京市朝阳区某居民区（坐标：39.9042°N, 116.4074°E）\n执行者：\nUAV-01：负责医疗物资投送\nUAV-02：实时监控投送过程\n操作步骤：\nUAV-01\n于2023年11月5日 14:40起飞，飞行高度设定为100米，确保安全投送。\n于2023年11月5日 14:45到达目标区域上空，调整飞行路径至目标点正上方。\n于2023年11月5日 14:50进行精确投送，将医疗物资投入指定区域。\nUAV-02\n于2023年11月5日 14:40起飞，定位至目标区域上空，实时监控UAV-01的投送过程。\n于2023年11月5日 14:50确认医疗物资成功投送至指定区域，并向指挥中心报告投送完成。\n————————————————————————————————————————————————————————————————————————————————-",
                "content1_msg": "无人机名字或代号：UAV-01、UAV-02  \n时间：2023年11月5日 14:40 – 15:00、2023年11月5日 14:40、2023年11月5日 14:45、2023年11月5日 14:50  \n地点：北京市朝阳区某居民区（坐标：39.9042°N, 116.4074°E）  \n任务优先级重要性：未提及  \n任务描述信息：  \n- UAV-01：于2023年11月5日 14:40起飞，飞行高度设定为100米，确保安全投送；于2023年11月5日 14:45到达目标区域上空，调整飞行路径至目标点正上方；于2023年11月5日 14:50进行精确投送，将医疗物资投入指定区域。  \n- UAV-02：于2023年11月5日 14:40起飞，定位至目标区域上空，实时监控UAV-01的投送过程；于2023年11月5日 14:50确认医疗物资成功投送至指定区域，并向指挥中心报告投送完成。",
                "similarity": 0.8080874198455805
            },
            {
                "content1_para": "无人机快递配送任务一：紧急医疗物资投送\n执行时间：2023年11月5日 14:30 – 15:30\n执行地点：北京市朝阳区某居民区（坐标：39.9042°N, 116.4074°E）\n执行者：\nUAV-01：负责紧急医疗物资的装载与投送\nUAV-02：负责实时监控投送过程与目标区域\n任务优先级：紧急（确保医疗物资迅速送达）\n重要性：高（医疗物资对患者的生命安全至关重要）\n操作步骤：\nUAV-01\n于2023年11月5日 14:30到达指定装载点，装载紧急医疗物资，包括药品、急救包等。\n于2023年11月5日 14:40完成装载，检查无人机系统状态，确认一切正常后起飞。\nUAV-02\n于2023年11月5日 14:35从监控中心起飞，定位至目标区域上空，准备实时监控。\n————————————————————————————————————————————————————————————————————————————————-",
                "content1_msg": "无人机名字或代号：UAV-01、UAV-02  \n时间：2023年11月5日 14:30 – 15:30、2023年11月5日 14:30、2023年11月5日 14:40、2023年11月5日 14:35  \n地点：北京市朝阳区某居民区（坐标：39.9042°N, 116.4074°E）  \n任务优先级重要性：紧急、高  \n任务描述信息：负责紧急医疗物资的装载与投送、负责实时监控投送过程与目标区域、于2023年11月5日 14:30到达指定装载点，装载紧急医疗物资，包括药品、急救包等、于2023年11月5日 14:40完成装载，检查无人机系统状态，确认一切正常后起飞、于2023年11月5日 14:35从监控中心起飞，定位至目标区域上空，准备实时监控。",
                "similarity": 0.7977154987440829
            }
        ]
    },
    {
        "content2_para": "UAV-01:\n实体关系：医疗物资投送\n时间：2023年11月5日 14:40 – 14:50\n地点：北京市朝阳区某居民区（坐标：39.9042°N, 116.4074°E）\n任务优先级重要性：紧急高\n具体任务：起飞，调整至目标点正上方，进行精确投送。",
        "matches": [
            {
                "content1_para": "起飞与投送执行\n执行时间：2023年11月5日 14:40 – 15:00\n执行地点：北京市朝阳区某居民区（坐标：39.9042°N, 116.4074°E）\n执行者：\nUAV-01：负责医疗物资投送\nUAV-02：实时监控投送过程\n操作步骤：\nUAV-01\n于2023年11月5日 14:40起飞，飞行高度设定为100米，确保安全投送。\n于2023年11月5日 14:45到达目标区域上空，调整飞行路径至目标点正上方。\n于2023年11月5日 14:50进行精确投送，将医疗物资投入指定区域。\nUAV-02\n于2023年11月5日 14:40起飞，定位至目标区域上空，实时监控UAV-01的投送过程。\n于2023年11月5日 14:50确认医疗物资成功投送至指定区域，并向指挥中心报告投送完成。\n————————————————————————————————————————————————————————————————————————————————-",
                "content1_msg": "无人机名字或代号：UAV-01、UAV-02  \n时间：2023年11月5日 14:40 – 15:00、2023年11月5日 14:40、2023年11月5日 14:45、2023年11月5日 14:50  \n地点：北京市朝阳区某居民区（坐标：39.9042°N, 116.4074°E）  \n任务优先级重要性：未提及  \n任务描述信息：  \n- UAV-01：于2023年11月5日 14:40起飞，飞行高度设定为100米，确保安全投送；于2023年11月5日 14:45到达目标区域上空，调整飞行路径至目标点正上方；于2023年11月5日 14:50进行精确投送，将医疗物资投入指定区域。  \n- UAV-02：于2023年11月5日 14:40起飞，定位至目标区域上空，实时监控UAV-01的投送过程；于2023年11月5日 14:50确认医疗物资成功投送至指定区域，并向指挥中心报告投送完成。",
                "similarity": 0.8557660715124558
            },
            {
                "content1_para": "无人机快递配送任务一：紧急医疗物资投送\n执行时间：2023年11月5日 14:30 – 15:30\n执行地点：北京市朝阳区某居民区（坐标：39.9042°N, 116.4074°E）\n执行者：\nUAV-01：负责紧急医疗物资的装载与投送\nUAV-02：负责实时监控投送过程与目标区域\n任务优先级：紧急（确保医疗物资迅速送达）\n重要性：高（医疗物资对患者的生命安全至关重要）\n操作步骤：\nUAV-01\n于2023年11月5日 14:30到达指定装载点，装载紧急医疗物资，包括药品、急救包等。\n于2023年11月5日 14:40完成装载，检查无人机系统状态，确认一切正常后起飞。\nUAV-02\n于2023年11月5日 14:35从监控中心起飞，定位至目标区域上空，准备实时监控。\n————————————————————————————————————————————————————————————————————————————————-",
                "content1_msg": "无人机名字或代号：UAV-01、UAV-02  \n时间：2023年11月5日 14:30 – 15:30、2023年11月5日 14:30、2023年11月5日 14:40、2023年11月5日 14:35  \n地点：北京市朝阳区某居民区（坐标：39.9042°N, 116.4074°E）  \n任务优先级重要性：紧急、高  \n任务描述信息：负责紧急医疗物资的装载与投送、负责实时监控投送过程与目标区域、于2023年11月5日 14:30到达指定装载点，装载紧急医疗物资，包括药品、急救包等、于2023年11月5日 14:40完成装载，检查无人机系统状态，确认一切正常后起飞、于2023年11月5日 14:35从监控中心起飞，定位至目标区域上空，准备实时监控。",
                "similarity": 0.8241854490395395
            }
        ]
    },
    {
        "content2_para": "UAV-02:\n实体关系：投送过程监控\n时间：2023年11月5日 14:40 – 14:50\n地点：北京市朝阳区某居民区（坐标：39.9042°N, 116.4074°E）\n任务优先级重要性：紧急高\n具体任务：定位至目标区域上空，实时监控UAV-01的投送过程。",
        "matches": [
            {
                "content1_para": "起飞与投送执行\n执行时间：2023年11月5日 14:40 – 15:00\n执行地点：北京市朝阳区某居民区（坐标：39.9042°N, 116.4074°E）\n执行者：\nUAV-01：负责医疗物资投送\nUAV-02：实时监控投送过程\n操作步骤：\nUAV-01\n于2023年11月5日 14:40起飞，飞行高度设定为100米，确保安全投送。\n于2023年11月5日 14:45到达目标区域上空，调整飞行路径至目标点正上方。\n于2023年11月5日 14:50进行精确投送，将医疗物资投入指定区域。\nUAV-02\n于2023年11月5日 14:40起飞，定位至目标区域上空，实时监控UAV-01的投送过程。\n于2023年11月5日 14:50确认医疗物资成功投送至指定区域，并向指挥中心报告投送完成。\n————————————————————————————————————————————————————————————————————————————————-",
                "content1_msg": "无人机名字或代号：UAV-01、UAV-02  \n时间：2023年11月5日 14:40 – 15:00、2023年11月5日 14:40、2023年11月5日 14:45、2023年11月5日 14:50  \n地点：北京市朝阳区某居民区（坐标：39.9042°N, 116.4074°E）  \n任务优先级重要性：未提及  \n任务描述信息：  \n- UAV-01：于2023年11月5日 14:40起飞，飞行高度设定为100米，确保安全投送；于2023年11月5日 14:45到达目标区域上空，调整飞行路径至目标点正上方；于2023年11月5日 14:50进行精确投送，将医疗物资投入指定区域。  \n- UAV-02：于2023年11月5日 14:40起飞，定位至目标区域上空，实时监控UAV-01的投送过程；于2023年11月5日 14:50确认医疗物资成功投送至指定区域，并向指挥中心报告投送完成。",
                "similarity": 0.8559678322782488
            },
            {
                "content1_para": "无人机快递配送任务一：紧急医疗物资投送\n执行时间：2023年11月5日 14:30 – 15:30\n执行地点：北京市朝阳区某居民区（坐标：39.9042°N, 116.4074°E）\n执行者：\nUAV-01：负责紧急医疗物资的装载与投送\nUAV-02：负责实时监控投送过程与目标区域\n任务优先级：紧急（确保医疗物资迅速送达）\n重要性：高（医疗物资对患者的生命安全至关重要）\n操作步骤：\nUAV-01\n于2023年11月5日 14:30到达指定装载点，装载紧急医疗物资，包括药品、急救包等。\n于2023年11月5日 14:40完成装载，检查无人机系统状态，确认一切正常后起飞。\nUAV-02\n于2023年11月5日 14:35从监控中心起飞，定位至目标区域上空，准备实时监控。\n————————————————————————————————————————————————————————————————————————————————-",
                "content1_msg": "无人机名字或代号：UAV-01、UAV-02  \n时间：2023年11月5日 14:30 – 15:30、2023年11月5日 14:30、2023年11月5日 14:40、2023年11月5日 14:35  \n地点：北京市朝阳区某居民区（坐标：39.9042°N, 116.4074°E）  \n任务优先级重要性：紧急、高  \n任务描述信息：负责紧急医疗物资的装载与投送、负责实时监控投送过程与目标区域、于2023年11月5日 14:30到达指定装载点，装载紧急医疗物资，包括药品、急救包等、于2023年11月5日 14:40完成装载，检查无人机系统状态，确认一切正常后起飞、于2023年11月5日 14:35从监控中心起飞，定位至目标区域上空，准备实时监控。",
                "similarity": 0.7990635336568318
            }
        ]
    },
    {
        "content2_para": "UAV-01:\n实体关系：返航\n时间：2023年11月5日 15:00\n地点：北京市朝阳区某居民区（坐标：39.9042°N, 116.4074°E）\n任务优先级重要性：紧急高\n具体任务：返航至指定基地。",
        "matches": [
            {
                "content1_para": "投送后监控与返航\n执行时间：2023年11月5日 15:00 – 15:10\n执行地点：北京市朝阳区某居民区（坐标：39.9042°N, 116.4074°E）\n执行者：\nUAV-01：返航至指定基地\nUAV-02：监控目标区域，确认医疗物资安全\n操作步骤：\nUAV-01\n于2023年11月5日 15:00返航，沿预定航线飞行，确保安全返回基地。\n于2023年11月5日 15:10降落在指定基地，完成任务。\nUAV-02\n于2023年11月5日 15:00继续在目标区域上空进行监控，确认医疗物资已安全到达并得到使用。\n于2023年11月5日 15:10返航至监控中心，结束任务。\n————————————————————————————————————————————————————————————————————————————————-",
                "content1_msg": "无人机名字或代号：UAV-01、UAV-02  \n时间：2023年11月5日 15:00 – 15:10、2023年11月5日 15:00、2023年11月5日 15:10  \n地点：北京市朝阳区某居民区（坐标：39.9042°N, 116.4074°E）、指定基地、监控中心  \n任务优先级重要性：未提及  \n任务描述信息：返航至指定基地、沿预定航线飞行、确保安全返回基地、降落在指定基地完成任务、在目标区域上空进行监控、确认医疗物资已安全到达并得到使用、返航至监控中心结束任务",
                "similarity": 0.7998578082887376
            },
            {
                "content1_para": "起飞与投送执行\n执行时间：2023年11月5日 14:40 – 15:00\n执行地点：北京市朝阳区某居民区（坐标：39.9042°N, 116.4074°E）\n执行者：\nUAV-01：负责医疗物资投送\nUAV-02：实时监控投送过程\n操作步骤：\nUAV-01\n于2023年11月5日 14:40起飞，飞行高度设定为100米，确保安全投送。\n于2023年11月5日 14:45到达目标区域上空，调整飞行路径至目标点正上方。\n于2023年11月5日 14:50进行精确投送，将医疗物资投入指定区域。\nUAV-02\n于2023年11月5日 14:40起飞，定位至目标区域上空，实时监控UAV-01的投送过程。\n于2023年11月5日 14:50确认医疗物资成功投送至指定区域，并向指挥中心报告投送完成。\n————————————————————————————————————————————————————————————————————————————————-",
                "content1_msg": "无人机名字或代号：UAV-01、UAV-02  \n时间：2023年11月5日 14:40 – 15:00、2023年11月5日 14:40、2023年11月5日 14:45、2023年11月5日 14:50  \n地点：北京市朝阳区某居民区（坐标：39.9042°N, 116.4074°E）  \n任务优先级重要性：未提及  \n任务描述信息：  \n- UAV-01：于2023年11月5日 14:40起飞，飞行高度设定为100米，确保安全投送；于2023年11月5日 14:45到达目标区域上空，调整飞行路径至目标点正上方；于2023年11月5日 14:50进行精确投送，将医疗物资投入指定区域。  \n- UAV-02：于2023年11月5日 14:40起飞，定位至目标区域上空，实时监控UAV-01的投送过程；于2023年11月5日 14:50确认医疗物资成功投送至指定区域，并向指挥中心报告投送完成。",
                "similarity": 0.7136784466616384
            }
        ]
    },
    {
        "content2_para": "UAV-02:\n实体关系：目标区域监控\n时间：2023年11月5日 15:00\n地点：北京市朝阳区某居民区（坐标：39.9042°N, 116.4074°E）\n任务优先级重要性：紧急高\n具体任务：继续监控目标区域，确认医疗物资安全。",
        "matches": [
            {
                "content1_para": "投送后监控与返航\n执行时间：2023年11月5日 15:00 – 15:10\n执行地点：北京市朝阳区某居民区（坐标：39.9042°N, 116.4074°E）\n执行者：\nUAV-01：返航至指定基地\nUAV-02：监控目标区域，确认医疗物资安全\n操作步骤：\nUAV-01\n于2023年11月5日 15:00返航，沿预定航线飞行，确保安全返回基地。\n于2023年11月5日 15:10降落在指定基地，完成任务。\nUAV-02\n于2023年11月5日 15:00继续在目标区域上空进行监控，确认医疗物资已安全到达并得到使用。\n于2023年11月5日 15:10返航至监控中心，结束任务。\n————————————————————————————————————————————————————————————————————————————————-",
                "content1_msg": "无人机名字或代号：UAV-01、UAV-02  \n时间：2023年11月5日 15:00 – 15:10、2023年11月5日 15:00、2023年11月5日 15:10  \n地点：北京市朝阳区某居民区（坐标：39.9042°N, 116.4074°E）、指定基地、监控中心  \n任务优先级重要性：未提及  \n任务描述信息：返航至指定基地、沿预定航线飞行、确保安全返回基地、降落在指定基地完成任务、在目标区域上空进行监控、确认医疗物资已安全到达并得到使用、返航至监控中心结束任务",
                "similarity": 0.7981571685640062
            },
            {
                "content1_para": "无人机快递配送任务一：紧急医疗物资投送\n执行时间：2023年11月5日 14:30 – 15:30\n执行地点：北京市朝阳区某居民区（坐标：39.9042°N, 116.4074°E）\n执行者：\nUAV-01：负责紧急医疗物资的装载与投送\nUAV-02：负责实时监控投送过程与目标区域\n任务优先级：紧急（确保医疗物资迅速送达）\n重要性：高（医疗物资对患者的生命安全至关重要）\n操作步骤：\nUAV-01\n于2023年11月5日 14:30到达指定装载点，装载紧急医疗物资，包括药品、急救包等。\n于2023年11月5日 14:40完成装载，检查无人机系统状态，确认一切正常后起飞。\nUAV-02\n于2023年11月5日 14:35从监控中心起飞，定位至目标区域上空，准备实时监控。\n————————————————————————————————————————————————————————————————————————————————-",
                "content1_msg": "无人机名字或代号：UAV-01、UAV-02  \n时间：2023年11月5日 14:30 – 15:30、2023年11月5日 14:30、2023年11月5日 14:40、2023年11月5日 14:35  \n地点：北京市朝阳区某居民区（坐标：39.9042°N, 116.4074°E）  \n任务优先级重要性：紧急、高  \n任务描述信息：负责紧急医疗物资的装载与投送、负责实时监控投送过程与目标区域、于2023年11月5日 14:30到达指定装载点，装载紧急医疗物资，包括药品、急救包等、于2023年11月5日 14:40完成装载，检查无人机系统状态，确认一切正常后起飞、于2023年11月5日 14:35从监控中心起飞，定位至目标区域上空，准备实时监控。",
                "similarity": 0.7414617518389721
            }
        ]
    },
    {
        "content2_para": "UAV-01:\n实体关系：降落在指定基地\n时间：2023年11月5日 15:10\n地点：北京市朝阳区某居民区（坐标：39.9042°N, 116.4074°E）\n任务优先级重要性：紧急高\n具体任务：降落在指定基地，完成任务。",
        "matches": [
            {
                "content1_para": "投送后监控与返航\n执行时间：2023年11月5日 15:00 – 15:10\n执行地点：北京市朝阳区某居民区（坐标：39.9042°N, 116.4074°E）\n执行者：\nUAV-01：返航至指定基地\nUAV-02：监控目标区域，确认医疗物资安全\n操作步骤：\nUAV-01\n于2023年11月5日 15:00返航，沿预定航线飞行，确保安全返回基地。\n于2023年11月5日 15:10降落在指定基地，完成任务。\nUAV-02\n于2023年11月5日 15:00继续在目标区域上空进行监控，确认医疗物资已安全到达并得到使用。\n于2023年11月5日 15:10返航至监控中心，结束任务。\n————————————————————————————————————————————————————————————————————————————————-",
                "content1_msg": "无人机名字或代号：UAV-01、UAV-02  \n时间：2023年11月5日 15:00 – 15:10、2023年11月5日 15:00、2023年11月5日 15:10  \n地点：北京市朝阳区某居民区（坐标：39.9042°N, 116.4074°E）、指定基地、监控中心  \n任务优先级重要性：未提及  \n任务描述信息：返航至指定基地、沿预定航线飞行、确保安全返回基地、降落在指定基地完成任务、在目标区域上空进行监控、确认医疗物资已安全到达并得到使用、返航至监控中心结束任务",
                "similarity": 0.7998490464059557
            },
            {
                "content1_para": "无人机快递配送任务一：紧急医疗物资投送\n执行时间：2023年11月5日 14:30 – 15:30\n执行地点：北京市朝阳区某居民区（坐标：39.9042°N, 116.4074°E）\n执行者：\nUAV-01：负责紧急医疗物资的装载与投送\nUAV-02：负责实时监控投送过程与目标区域\n任务优先级：紧急（确保医疗物资迅速送达）\n重要性：高（医疗物资对患者的生命安全至关重要）\n操作步骤：\nUAV-01\n于2023年11月5日 14:30到达指定装载点，装载紧急医疗物资，包括药品、急救包等。\n于2023年11月5日 14:40完成装载，检查无人机系统状态，确认一切正常后起飞。\nUAV-02\n于2023年11月5日 14:35从监控中心起飞，定位至目标区域上空，准备实时监控。\n————————————————————————————————————————————————————————————————————————————————-",
                "content1_msg": "无人机名字或代号：UAV-01、UAV-02  \n时间：2023年11月5日 14:30 – 15:30、2023年11月5日 14:30、2023年11月5日 14:40、2023年11月5日 14:35  \n地点：北京市朝阳区某居民区（坐标：39.9042°N, 116.4074°E）  \n任务优先级重要性：紧急、高  \n任务描述信息：负责紧急医疗物资的装载与投送、负责实时监控投送过程与目标区域、于2023年11月5日 14:30到达指定装载点，装载紧急医疗物资，包括药品、急救包等、于2023年11月5日 14:40完成装载，检查无人机系统状态，确认一切正常后起飞、于2023年11月5日 14:35从监控中心起飞，定位至目标区域上空，准备实时监控。",
                "similarity": 0.7258777002299328
            }
        ]
    },
    {
        "content2_para": "UAV-02:\n实体关系：结束任务返航\n时间：2023年11月5日 15:10\n地点：北京市朝阳区某居民区（坐标：39.9042°N, 116.4074°E）\n任务优先级重要性：紧急高\n具体任务：返航至监控中心，结束任务。",
        "matches": [
            {
                "content1_para": "投送后监控与返航\n执行时间：2023年11月5日 15:00 – 15:10\n执行地点：北京市朝阳区某居民区（坐标：39.9042°N, 116.4074°E）\n执行者：\nUAV-01：返航至指定基地\nUAV-02：监控目标区域，确认医疗物资安全\n操作步骤：\nUAV-01\n于2023年11月5日 15:00返航，沿预定航线飞行，确保安全返回基地。\n于2023年11月5日 15:10降落在指定基地，完成任务。\nUAV-02\n于2023年11月5日 15:00继续在目标区域上空进行监控，确认医疗物资已安全到达并得到使用。\n于2023年11月5日 15:10返航至监控中心，结束任务。\n————————————————————————————————————————————————————————————————————————————————-",
                "content1_msg": "无人机名字或代号：UAV-01、UAV-02  \n时间：2023年11月5日 15:00 – 15:10、2023年11月5日 15:00、2023年11月5日 15:10  \n地点：北京市朝阳区某居民区（坐标：39.9042°N, 116.4074°E）、指定基地、监控中心  \n任务优先级重要性：未提及  \n任务描述信息：返航至指定基地、沿预定航线飞行、确保安全返回基地、降落在指定基地完成任务、在目标区域上空进行监控、确认医疗物资已安全到达并得到使用、返航至监控中心结束任务",
                "similarity": 0.8093455564347948
            },
            {
                "content1_para": "数据收集与任务评估\n执行时间：2023年11月5日 15:10 – 15:30\n执行地点：北京市朝阳区某居民区（坐标：39.9042°N, 116.4074°E）\n执行者：\n数据分析师：分析投送过程数据\n指挥中心：评估任务完成情况\n操作步骤：\n数据分析师\n于2023年11月5日 15:10收集UAV-01和UAV-02的飞行数据、图像和视频资料。\n于2023年11月5日 15:20分析数据，评估无人机性能和投送准确性。\n指挥中心\n于2023年11月5日 15:10接收数据分析师的报告，评估任务完成情况。\n于2023年11月5日 15:30总结任务执行结果，为后续任务提供改进建议。",
                "content1_msg": "无人机名字或代号：UAV-01、UAV-02  \n时间：2023年11月5日 15:10、2023年11月5日 15:20、2023年11月5日 15:30  \n地点：北京市朝阳区某居民区（坐标：39.9042°N, 116.4074°E）  \n任务优先级重要性：未提及  \n任务描述信息：收集UAV-01和UAV-02的飞行数据、图像和视频资料；分析数据，评估无人机性能和投送准确性；接收数据分析师的报告，评估任务完成情况；总结任务执行结果，为后续任务提供改进建议。",
                "similarity": 0.7207526193346903
            }
        ]
    },
    {
        "content2_para": "数据分析师:\n实体关系：数据收集与分析\n时间：2023年11月5日 15:10\n地点：北京市朝阳区某居民区（坐标：39.9042°N, 116.4074°E）\n任务优先级重要性：高\n具体任务：收集UAV-01和UAV-02的飞行数据、图像和视频资料，分析数据。",
        "matches": [
            {
                "content1_para": "数据收集与任务评估\n执行时间：2023年11月5日 15:10 – 15:30\n执行地点：北京市朝阳区某居民区（坐标：39.9042°N, 116.4074°E）\n执行者：\n数据分析师：分析投送过程数据\n指挥中心：评估任务完成情况\n操作步骤：\n数据分析师\n于2023年11月5日 15:10收集UAV-01和UAV-02的飞行数据、图像和视频资料。\n于2023年11月5日 15:20分析数据，评估无人机性能和投送准确性。\n指挥中心\n于2023年11月5日 15:10接收数据分析师的报告，评估任务完成情况。\n于2023年11月5日 15:30总结任务执行结果，为后续任务提供改进建议。",
                "content1_msg": "无人机名字或代号：UAV-01、UAV-02  \n时间：2023年11月5日 15:10、2023年11月5日 15:20、2023年11月5日 15:30  \n地点：北京市朝阳区某居民区（坐标：39.9042°N, 116.4074°E）  \n任务优先级重要性：未提及  \n任务描述信息：收集UAV-01和UAV-02的飞行数据、图像和视频资料；分析数据，评估无人机性能和投送准确性；接收数据分析师的报告，评估任务完成情况；总结任务执行结果，为后续任务提供改进建议。",
                "similarity": 0.827163315086447
            },
            {
                "content1_para": "投送后监控与返航\n执行时间：2023年11月5日 15:00 – 15:10\n执行地点：北京市朝阳区某居民区（坐标：39.9042°N, 116.4074°E）\n执行者：\nUAV-01：返航至指定基地\nUAV-02：监控目标区域，确认医疗物资安全\n操作步骤：\nUAV-01\n于2023年11月5日 15:00返航，沿预定航线飞行，确保安全返回基地。\n于2023年11月5日 15:10降落在指定基地，完成任务。\nUAV-02\n于2023年11月5日 15:00继续在目标区域上空进行监控，确认医疗物资已安全到达并得到使用。\n于2023年11月5日 15:10返航至监控中心，结束任务。\n————————————————————————————————————————————————————————————————————————————————-",
                "content1_msg": "无人机名字或代号：UAV-01、UAV-02  \n时间：2023年11月5日 15:00 – 15:10、2023年11月5日 15:00、2023年11月5日 15:10  \n地点：北京市朝阳区某居民区（坐标：39.9042°N, 116.4074°E）、指定基地、监控中心  \n任务优先级重要性：未提及  \n任务描述信息：返航至指定基地、沿预定航线飞行、确保安全返回基地、降落在指定基地完成任务、在目标区域上空进行监控、确认医疗物资已安全到达并得到使用、返航至监控中心结束任务",
                "similarity": 0.7086566486891139
            }
        ]
    },
    {
        "content2_para": "指挥中心:\n实体关系：任务评估\n时间：2023年11月5日 15:10\n地点：北京市朝阳区某居民区（坐标：39.9042°N, 116.4074°E）\n任务优先级重要性：高\n具体任务：接收数据分析师的报告，评估任务完成情况，总结执行结果。",
        "matches": [
            {
                "content1_para": "数据收集与任务评估\n执行时间：2023年11月5日 15:10 – 15:30\n执行地点：北京市朝阳区某居民区（坐标：39.9042°N, 116.4074°E）\n执行者：\n数据分析师：分析投送过程数据\n指挥中心：评估任务完成情况\n操作步骤：\n数据分析师\n于2023年11月5日 15:10收集UAV-01和UAV-02的飞行数据、图像和视频资料。\n于2023年11月5日 15:20分析数据，评估无人机性能和投送准确性。\n指挥中心\n于2023年11月5日 15:10接收数据分析师的报告，评估任务完成情况。\n于2023年11月5日 15:30总结任务执行结果，为后续任务提供改进建议。",
                "content1_msg": "无人机名字或代号：UAV-01、UAV-02  \n时间：2023年11月5日 15:10、2023年11月5日 15:20、2023年11月5日 15:30  \n地点：北京市朝阳区某居民区（坐标：39.9042°N, 116.4074°E）  \n任务优先级重要性：未提及  \n任务描述信息：收集UAV-01和UAV-02的飞行数据、图像和视频资料；分析数据，评估无人机性能和投送准确性；接收数据分析师的报告，评估任务完成情况；总结任务执行结果，为后续任务提供改进建议。",
                "similarity": 0.8285121487816792
            },
            {
                "content1_para": "投送后监控与返航\n执行时间：2023年11月5日 15:00 – 15:10\n执行地点：北京市朝阳区某居民区（坐标：39.9042°N, 116.4074°E）\n执行者：\nUAV-01：返航至指定基地\nUAV-02：监控目标区域，确认医疗物资安全\n操作步骤：\nUAV-01\n于2023年11月5日 15:00返航，沿预定航线飞行，确保安全返回基地。\n于2023年11月5日 15:10降落在指定基地，完成任务。\nUAV-02\n于2023年11月5日 15:00继续在目标区域上空进行监控，确认医疗物资已安全到达并得到使用。\n于2023年11月5日 15:10返航至监控中心，结束任务。\n————————————————————————————————————————————————————————————————————————————————-",
                "content1_msg": "无人机名字或代号：UAV-01、UAV-02  \n时间：2023年11月5日 15:00 – 15:10、2023年11月5日 15:00、2023年11月5日 15:10  \n地点：北京市朝阳区某居民区（坐标：39.9042°N, 116.4074°E）、指定基地、监控中心  \n任务优先级重要性：未提及  \n任务描述信息：返航至指定基地、沿预定航线飞行、确保安全返回基地、降落在指定基地完成任务、在目标区域上空进行监控、确认医疗物资已安全到达并得到使用、返航至监控中心结束任务",
                "similarity": 0.711968288475308
            }
        ]
    }
]