[
    {
        "paragraph": "UAV-A1:\n实体关系：生命迹象探测\n时间：2023年10月15日 08:00\n地点：河南省某灾区起飞基地\n任务优先级重要性：极高\n具体任务：自检生命探测仪、GPS定位系统、电池电量。"
    },
    {
        "paragraph": "UAV-A2:\n实体关系：视频监控与图像传输\n时间：2023年10月15日 08:05\n地点：河南省某灾区起飞基地\n任务优先级重要性：极高\n具体任务：检查摄像头、传输设备、电池电量。"
    },
    {
        "paragraph": "UAV-A3:\n实体关系：通信中继与数据收集\n时间：2023年10月15日 08:10\n地点：河南省某灾区起飞基地\n任务优先级重要性：极高\n具体任务：完成通信设备测试，确保与指挥中心通信链路稳定。"
    },
    {
        "paragraph": "UAV-A1:\n实体关系：生命迹象探测\n时间：2023年10月15日 09:00\n地点：河南省某灾区核心区域\n任务优先级重要性：极高\n具体任务：起飞，执行生命迹象探测任务，覆盖灾区核心区域。"
    },
    {
        "paragraph": "UAV-A2:\n实体关系：视频监控与图像传输\n时间：2023年10月15日 09:05\n地点：河南省某灾区核心区域\n任务优先级重要性：极高\n具体任务：起飞，进行高空视频监控，实时传输图像至指挥中心。"
    },
    {
        "paragraph": "UAV-A3:\n实体关系：通信中继与数据收集\n时间：2023年10月15日 09:10\n地点：河南省某灾区核心区域\n任务优先级重要性：极高\n具体任务：起飞，建立通信中继，确保其他救援无人机与指挥中心通信无阻。"
    },
    {
        "paragraph": "UAV-A1:\n实体关系：生命迹象探测\n时间：2023年10月15日 10:00\n地点：河南省某灾区核心区域\n任务优先级重要性：极高\n具体任务：继续执行生命迹象探测任务，优先覆盖已识别的幸存者位置。"
    },
    {
        "paragraph": "UAV-A2:\n实体关系：视频监控与图像传输\n时间：2023年10月15日 10:05\n地点：河南省某灾区核心区域\n任务优先级重要性：极高\n具体任务：降低飞行高度，对地面进行细致的视频监控，协助救援人员定位幸存者。"
    },
    {
        "paragraph": "UAV-A3:\n实体关系：通信中继与数据收集\n时间：2023年10月15日 10:10\n地点：河南省某灾区核心区域\n任务优先级重要性：极高\n具体任务：监控通信链路，确保所有无人机与指挥中心通信畅通。"
    },
    {
        "paragraph": "UAV-A1:\n实体关系：生命迹象探测数据传输\n时间：2023年10月15日 12:00\n地点：灾区核心区域\n任务优先级重要性：极高\n具体任务：将探测到的生命迹象数据传输至指挥中心。"
    },
    {
        "paragraph": "UAV-A2:\n实体关系：视频监控与图像数据分析\n时间：2023年10月15日 12:05\n地点：灾区核心区域\n任务优先级重要性：极高\n具体任务：将监控到的图像数据进行分析，协助救援人员制定救援计划。"
    },
    {
        "paragraph": "UAV-A3:\n实体关系：数据汇总\n时间：2023年10月15日 12:10\n地点：灾区核心区域\n任务优先级重要性：极高\n具体任务：汇总所有数据，确保指挥中心对所有救援行动有全面了解。"
    },
    {
        "paragraph": "UAV-A1:\n实体关系：返航\n时间：2023年10月15日 14:00\n地点：灾区核心区域\n任务优先级重要性：高\n具体任务：开始返航，飞行高度逐渐升高，确保安全撤离。"
    },
    {
        "paragraph": "UAV-A2:\n实体关系：监控与返航\n时间：2023年10月15日 14:05\n地点：灾区核心区域\n任务优先级重要性：高\n具体任务：继续监控灾区情况，直至所有无人机撤离。"
    },
    {
        "paragraph": "UAV-A3:\n实体关系：通信中继结束\n时间：2023年10月15日 14:10\n地点：灾区核心区域\n任务优先级重要性：高\n具体任务：结束通信中继任务，返回起飞基地。"
    },
    {
        "paragraph": "UAV-A1, UAV-A2, UAV-A3:\n实体关系：撤离与总结\n时间：2023年10月15日 15:00\n地点：河南省某灾区起飞基地\n任务优先级重要性：高\n具体任务：所有无人机安全返回起飞基地，进行任务总结与设备检查。"
    }
]