[
    {
        "paragraph": "**UAV-01 指令：**\n- 时间：2023年9月15日 09:30 – 10:00\n- 地点：灾区临时无人机调度站\n- 任务优先级重要性：极高\n- 具体任务：设备自检，确保高清摄像头、通信系统正常，电池电量≥95%"
    },
    {
        "paragraph": "**UAV-02 指令：**\n- 时间：2023年9月15日 09:40 – 10:00\n- 地点：灾区临时无人机调度站\n- 任务优先级重要性：极高\n- 具体任务：设备校准，检查降落伞释放系统和位置导航系统"
    },
    {
        "paragraph": "**UAV-03 指令：**\n- 时间：2023年9月15日 09:50 – 10:00\n- 地点：灾区临时无人机调度站\n- 任务优先级重要性：极高\n- 具体任务：检查物资容器密封性和物资清单与载重匹配"
    },
    {
        "paragraph": "**UAV-04 指令：**\n- 时间：2023年9月15日 10:00 – 10:00\n- 地点：灾区临时无人机调度站\n- 任务优先级重要性：极高\n- 具体任务：完成设备检查，确保无人机状态正常，通信频道同步"
    },
    {
        "paragraph": "**UAV-01 指令：**\n- 时间：2023年9月15日 10:00 – 10:30\n- 地点：灾区核心区域\n- 任务优先级重要性：极高\n- 具体任务：起飞，飞行高度100米，区域巡航，寻找投送目标点"
    },
    {
        "paragraph": "**UAV-02 指令：**\n- 时间：2023年9月15日 10:05 – 10:30\n- 地点：灾区核心区域\n- 任务优先级重要性：极高\n- 具体任务：启动降落伞释放系统自检，确保自动释放"
    },
    {
        "paragraph": "**UAV-03 指令：**\n- 时间：2023年9月15日 10:10 – 10:30\n- 地点：灾区核心区域\n- 任务优先级重要性：极高\n- 具体任务：启动物资容器密封检查，确保无泄漏"
    },
    {
        "paragraph": "**UAV-04 指令：**\n- 时间：2023年9月15日 10:15 – 10:30\n- 地点：灾区核心区域\n- 任务优先级重要性：极高\n- 具体任务：进行无人机状态检查，确保一切正常"
    },
    {
        "paragraph": "**UAV-01 指令：**\n- 时间：2023年9月15日 10:30 – 12:00\n- 地点：灾区核心区域\n- 任务优先级重要性：极高\n- 具体任务：定位目标点，准备投送物资"
    },
    {
        "paragraph": "**UAV-02 指令：**\n- 时间：2023年9月15日 10:35 – 12:00\n- 地点：灾区核心区域\n- 任务优先级重要性：极高\n- 具体任务：启动降落伞释放系统，确保物资在指定高度自动释放"
    },
    {
        "paragraph": "**UAV-03 指令：**\n- 时间：2023年9月15日 10:40 – 12:00\n- 地点：灾区核心区域\n- 任务优先级重要性：极高\n- 具体任务：确认物资已成功投放到目标区域"
    },
    {
        "paragraph": "**UAV-04 指令：**\n- 时间：2023年9月15日 10:45 – 12:00\n- 地点：灾区核心区域\n- 任务优先级重要性：极高\n- 具体任务：继续区域巡航，寻找下一个投送目标点"
    },
    {
        "paragraph": "**UAV-01 指令：**\n- 时间：2023年9月15日 12:00 – 13:00\n- 地点：指挥中心数据处理站\n- 任务优先级重要性：极高\n- 具体任务：回传投送目标点坐标、物资种类与数量、无人机状态信息"
    },
    {
        "paragraph": "**UAV-02 指令：**\n- 时间：2023年9月15日 12:05 – 13:00\n- 地点：指挥中心数据处理站\n- 任务优先级重要性：极高\n- 具体任务：报告降落伞释放系统工作状态"
    },
    {
        "paragraph": "**UAV-03 指令：**\n- 时间：2023年9月15日 12:10 – 13:00\n- 地点：指挥中心数据处理站\n- 任务优先级重要性：极高\n- 具体任务：报告物资投送成功情况"
    },
    {
        "paragraph": "**UAV-04 指令：**\n- 时间：2023年9月15日 12:15 – 13:00\n- 地点：灾区核心区域\n- 任务优先级重要性：极高\n- 具体任务：继续区域巡航，确保覆盖所有目标区域"
    },
    {
        "paragraph": "**UAV-01 指令：**\n- 时间：2023年9月15日 13:00 – 14:00\n- 地点：灾区临时无人机调度站\n- 任务优先级重要性：极高\n- 具体任务：完成投送任务，按既定航线返航，飞行高度100米"
    },
    {
        "paragraph": "**UAV-02 指令：**\n- 时间：2023年9月15日 13:05 – 14:00\n- 地点：灾区临时无人机调度站\n- 任务优先级重要性：极高\n- 具体任务：完成降落伞释放系统自检，确保系统正常"
    },
    {
        "paragraph": "**UAV-03 指令：**\n- 时间：2023年9月15日 13:10 – 14:00\n- 地点：灾区临时无人机调度站\n- 任务优先级重要性：极高\n- 具体任务：完成物资容器密封检查，确保无泄漏"
    },
    {
        "paragraph": "**UAV-04 指令：**\n- 时间：2023年9月15日 13:15 – 14:00\n- 地点：灾区临时无人机调度站\n- 任务优先级重要性：极高\n- 具体任务：完成区域巡航任务，确保覆盖所有目标区域"
    },
    {
        "paragraph": "**数据总结与评估：**\n- 整理并分析投送物资的种类、数量与目标区域覆盖率\n- 形成灾区救援物资投送任务评估报告"
    }
]