[
    {
        "paragraph": "无人机集群灾难救援物资投送\n执行时间\n：2023年9月15日 10:00 – 14:00\n执行地点\n：地震灾区核心区域（坐标：34.0522°N, 108.9682°E）\n执行者\n：\nUAV-01\nUAV-02\nUAV-03\nUAV-04\n任务优先级\n：极高（直接影响灾区居民的生存与救援效率）\n任务重要性\n：确保救援物资快速、准确投放到受灾区域\n\n————————————————————————————————————————————————————————————————————————————————-",
        "key_message": "无人机名字或代号：UAV-01、UAV-02、UAV-03、UAV-04  \n时间：2023年9月15日 10:00 – 14:00  \n地点：地震灾区核心区域（坐标：34.0522°N, 108.9682°E）  \n任务优先级重要性：极高（直接影响灾区居民的生存与救援效率）  \n任务描述信息：确保救援物资快速、准确投放到受灾区域"
    },
    {
        "paragraph": "无人机准备与设备检查\n执行时间\n：2023年9月15日 09:30 – 10:00\n执行地点\n：灾区临时无人机调度站（坐标：34.0522°N, 108.9682°E）\n执行者\n：\nUAV-01\nUAV-02\nUAV-03\nUAV-04\n操作步骤\n：\nUAV-01\n于2023年9月15日09:30进行设备自检，确保以下系统正常：\n- 高清摄像头（分辨率≥1080p，确保图像清晰）\n- 通信系统（信号强度≥-70dBm，确保数据传输稳定）\n- 电池电量≥95%，确保至少2小时连续作业能力\n\nUAV-02\n于2023年9月15日09:40同步进行设备校准，重点检查以下功能：\n- 降落伞释放系统（确保在指定高度自动释放）\n- 位置导航系统（GPS定位精度±3米，确保投送准确性）\n\nUAV-03\n于2023年9月15日09:50进行设备检查，确保：\n- 携带物资的容器密封良好，无泄漏\n- 物资清单与无人机载重匹配\n\nUAV-04\n于2023年9月15日10:00完成设备检查，确保：\n- 无人机状态正常，无故障\n- 通信频道与指挥中心同步\n\n———————————————————————————————————————",
        "key_message": "无人机名字或代号：UAV-01、UAV-02、UAV-03、UAV-04  \n时间：2023年9月15日 09:30 – 10:00、2023年9月15日 09:30、2023年9月15日 09:40、2023年9月15日 09:50、2023年9月15日 10:00  \n地点：灾区临时无人机调度站（坐标：34.0522°N, 108.9682°E）  \n任务优先级重要性：未提及  \n任务描述信息：  \n- UAV-01进行设备自检，确保高清摄像头、通信系统和电池电量正常。  \n- UAV-02同步进行设备校准，检查降落伞释放系统和位置导航系统。  \n- UAV-03进行设备检查，确保携带物资的容器密封良好且物资清单与无人机载重匹配。  \n- UAV-04完成设备检查，确保无人机状态正常且通信频道与指挥中心同步。"
    },
    {
        "paragraph": "—————————————————————————————————————————————————————————————————————————-",
        "key_message": "无人机名字或代号：未提及  \n时间：未提及  \n地点：未提及  \n任务优先级重要性：未提及  \n任务描述信息：未提及"
    },
    {
        "paragraph": "起飞与目标区域巡航\n执行时间\n：2023年9月15日 10:00 – 10:30\n执行地点\n：灾区核心区域（坐标：34.0522°N, 108.9682°E）\n执行者\n：\nUAV-01\nUAV-02\nUAV-03\nUAV-04\n操作步骤\n：\nUAV-01\n于2023年9月15日10:00起飞，飞行高度100米，进行区域巡航，寻找投送目标点\n\nUAV-02\n于2023年9月15日10:05启动降落伞释放系统自检，确保在指定高度自动释放\n\nUAV-03\n于2023年9月15日10:10启动物资容器密封检查，确保无泄漏\n\nUAV-04\n于2023年9月15日10:15进行无人机状态检查，确保一切正常\n\n————————————————————————————————————————————————————————————————————————————————-",
        "key_message": "无人机名字或代号：UAV-01、UAV-02、UAV-03、UAV-04  \n时间：2023年9月15日 10:00 – 10:30、2023年9月15日 10:00、2023年9月15日 10:05、2023年9月15日 10:10、2023年9月15日 10:15  \n地点：灾区核心区域（坐标：34.0522°N, 108.9682°E）  \n任务优先级重要性：未提及  \n任务描述信息：UAV-01起飞，飞行高度100米，进行区域巡航，寻找投送目标点；UAV-02启动降落伞释放系统自检，确保在指定高度自动释放；UAV-03启动物资容器密封检查，确保无泄漏；UAV-04进行无人机状态检查，确保一切正常。"
    },
    {
        "paragraph": "物资投送与目标区域覆盖\n执行时间\n：2023年9月15日 10:30 – 12:00\n执行地点\n：灾区核心区域（坐标：34.0522°N, 108.9682°E）\n执行者\n：\nUAV-01\nUAV-02\nUAV-03\nUAV-04\n操作步骤\n：\nUAV-01\n于2023年9月15日10:30定位到投送目标点，准备投送物资\n\nUAV-02\n于2023年9月15日10:35启动降落伞释放系统，确保在指定高度自动释放\n\nUAV-03\n于2023年9月15日10:40确认物资已成功投放到目标区域\n\nUAV-04\n于2023年9月15日10:45继续进行区域巡航，寻找下一个投送目标点\n\n————————————————————————————————————————————————————————————————————————————————-",
        "key_message": "无人机名字或代号：UAV-01、UAV-02、UAV-03、UAV-04  \n时间：2023年9月15日 10:30 – 12:00、2023年9月15日 10:30、2023年9月15日 10:35、2023年9月15日 10:40、2023年9月15日 10:45  \n地点：灾区核心区域（坐标：34.0522°N, 108.9682°E）  \n任务优先级重要性：未提及  \n任务描述信息：UAV-01定位到投送目标点，准备投送物资；UAV-02启动降落伞释放系统，确保在指定高度自动释放；UAV-03确认物资已成功投放到目标区域；UAV-04继续进行区域巡航，寻找下一个投送目标点。"
    },
    {
        "paragraph": "数据回传与实时监控\n执行时间\n：2023年9月15日 12:00 – 13:00\n执行地点\n：指挥中心数据处理站\n执行者\n：\nUAV-01\nUAV-02\nUAV-03\nUAV-04\n操作步骤\n：\nUAV-01\n于2023年9月15日12:00向指挥中心回传以下数据：\n- 投送目标点坐标\n- 投送物资种类与数量\n- 无人机状态信息\n\nUAV-02\n于2023年9月15日12:05向指挥中心报告降落伞释放系统工作状态\n\nUAV-03\n于2023年9月15日12:10向指挥中心报告物资投送成功情况\n\nUAV-04\n于2023年9月15日12:15继续进行区域巡航，确保覆盖所有目标区域\n\n————————————————————————————————————————————————————————————————————————————————-",
        "key_message": "无人机名字或代号：UAV-01、UAV-02、UAV-03、UAV-04  \n时间：2023年9月15日 12:00 – 13:00、2023年9月15日 12:00、2023年9月15日 12:05、2023年9月15日 12:10、2023年9月15日 12:15  \n地点：指挥中心数据处理站  \n任务优先级重要性：未提及  \n任务描述信息：  \n- UAV-01：向指挥中心回传数据（投送目标点坐标、投送物资种类与数量、无人机状态信息）  \n- UAV-02：向指挥中心报告降落伞释放系统工作状态  \n- UAV-03：向指挥中心报告物资投送成功情况  \n- UAV-04：继续进行区域巡航，确保覆盖所有目标区域"
    },
    {
        "paragraph": "返航与任务总结\n执行时间\n：2023年9月15日 13:00 – 14:00\n执行地点\n：灾区临时无人机调度站\n执行者\n：\nUAV-01\nUAV-02\nUAV-03\nUAV-04\n操作步骤\n：\nUAV-01\n于2023年9月15日13:00完成投送任务，按既定航线返航，飞行高度100米\n\nUAV-02\n于2023年9月15日13:05完成降落伞释放系统自检，确保系统正常\n\nUAV-03\n于2023年9月15日13:10完成物资容器密封检查，确保无泄漏\n\nUAV-04\n于2023年9月15日13:15完成区域巡航任务，确保覆盖所有目标区域\n\n数据总结与评估\n：\n整理并分析投送物资的种类、数量与目标区域覆盖率\n形成《灾区救援物资投送任务评估报告》",
        "key_message": "无人机名字或代号：UAV-01、UAV-02、UAV-03、UAV-04  \n时间：2023年9月15日 13:00 – 14:00、2023年9月15日 13:00、2023年9月15日 13:05、2023年9月15日 13:10、2023年9月15日 13:15  \n地点：灾区临时无人机调度站  \n任务优先级重要性：未提及  \n任务描述信息：UAV-01完成投送任务，按既定航线返航，飞行高度100米；UAV-02完成降落伞释放系统自检，确保系统正常；UAV-03完成物资容器密封检查，确保无泄漏；UAV-04完成区域巡航任务，确保覆盖所有目标区域。"
    }
]