[
    {
        "content2_para": "UAV-01:\n时间：2023年11月15日 08:00\n地点：上海市浦东新区某居民小区（坐标：31.2304°N, 121.5085°E）\n任务优先级：高\n重要性：高\n具体任务：检查电量≥90%，装载不超过10个快递包裹。",
        "matches": [
            {
                "content1_para": "无人机快递配送任务执行\n执行时间\n：2023年11月15日 08:00 – 12:00\n执行地点\n：上海市浦东新区某居民小区（坐标：31.2304°N, 121.5085°E）\n执行者\n：\nUAV-01至UAV-05\n：负责居民小区内快递包裹的配送任务\n任务优先级\n：高（确保快递及时送达，提高用户体验）\n重要性\n：高（快递配送是日常生活中的重要服务）\n\n操作步骤\n：",
                "content1_msg": "无人机名字或代号：UAV-01、UAV-02、UAV-03、UAV-04、UAV-05  \n时间：2023年11月15日 08:00 – 12:00  \n地点：上海市浦东新区某居民小区（坐标：31.2304°N, 121.5085°E）  \n任务优先级重要性：高  \n任务描述信息：负责居民小区内快递包裹的配送任务，确保快递及时送达，提高用户体验。",
                "similarity": 0.8361491541672128
            },
            {
                "content1_para": "无人机紧急快递投送任务执行\n执行时间\n：2023年11月16日 15:00 – 17:00\n执行地点\n：上海市徐汇区某医院（坐标：31.1976°N, 121.4992°E）\n执行者\n：\nUAV-06至UAV-10\n：负责紧急快递投送任务\n任务优先级\n：最高（紧急情况，需立即处理）\n重要性\n：极高（紧急药品的投送可能关乎生命）\n\n操作步骤\n：",
                "content1_msg": "无人机名字或代号：UAV-06、UAV-07、UAV-08、UAV-09、UAV-10  \n时间：2023年11月16日 15:00 – 17:00  \n地点：上海市徐汇区某医院（坐标：31.1976°N, 121.4992°E）  \n任务优先级重要性：最高（紧急情况，需立即处理）、极高（紧急药品的投送可能关乎生命）  \n任务描述信息：负责紧急快递投送任务（具体操作步骤未提及）",
                "similarity": 0.7197843310792829
            }
        ]
    },
    {
        "content2_para": "UAV-02:\n时间：2023年11月15日 08:00\n地点：上海市浦东新区某居民小区（坐标：31.2304°N, 121.5085°E）\n任务优先级：高\n重要性：高\n具体任务：检查电量≥90%，装载不超过10个快递包裹。",
        "matches": [
            {
                "content1_para": "无人机快递配送任务执行\n执行时间\n：2023年11月15日 08:00 – 12:00\n执行地点\n：上海市浦东新区某居民小区（坐标：31.2304°N, 121.5085°E）\n执行者\n：\nUAV-01至UAV-05\n：负责居民小区内快递包裹的配送任务\n任务优先级\n：高（确保快递及时送达，提高用户体验）\n重要性\n：高（快递配送是日常生活中的重要服务）\n\n操作步骤\n：",
                "content1_msg": "无人机名字或代号：UAV-01、UAV-02、UAV-03、UAV-04、UAV-05  \n时间：2023年11月15日 08:00 – 12:00  \n地点：上海市浦东新区某居民小区（坐标：31.2304°N, 121.5085°E）  \n任务优先级重要性：高  \n任务描述信息：负责居民小区内快递包裹的配送任务，确保快递及时送达，提高用户体验。",
                "similarity": 0.83608621166233
            },
            {
                "content1_para": "无人机紧急快递投送任务执行\n执行时间\n：2023年11月16日 15:00 – 17:00\n执行地点\n：上海市徐汇区某医院（坐标：31.1976°N, 121.4992°E）\n执行者\n：\nUAV-06至UAV-10\n：负责紧急快递投送任务\n任务优先级\n：最高（紧急情况，需立即处理）\n重要性\n：极高（紧急药品的投送可能关乎生命）\n\n操作步骤\n：",
                "content1_msg": "无人机名字或代号：UAV-06、UAV-07、UAV-08、UAV-09、UAV-10  \n时间：2023年11月16日 15:00 – 17:00  \n地点：上海市徐汇区某医院（坐标：31.1976°N, 121.4992°E）  \n任务优先级重要性：最高（紧急情况，需立即处理）、极高（紧急药品的投送可能关乎生命）  \n任务描述信息：负责紧急快递投送任务（具体操作步骤未提及）",
                "similarity": 0.719528209920683
            }
        ]
    },
    {
        "content2_para": "UAV-03:\n时间：2023年11月15日 08:00\n地点：上海市浦东新区某居民小区（坐标：31.2304°N, 121.5085°E）\n任务优先级：高\n重要性：高\n具体任务：检查电量≥90%，装载不超过10个快递包裹。",
        "matches": [
            {
                "content1_para": "无人机快递配送任务执行\n执行时间\n：2023年11月15日 08:00 – 12:00\n执行地点\n：上海市浦东新区某居民小区（坐标：31.2304°N, 121.5085°E）\n执行者\n：\nUAV-01至UAV-05\n：负责居民小区内快递包裹的配送任务\n任务优先级\n：高（确保快递及时送达，提高用户体验）\n重要性\n：高（快递配送是日常生活中的重要服务）\n\n操作步骤\n：",
                "content1_msg": "无人机名字或代号：UAV-01、UAV-02、UAV-03、UAV-04、UAV-05  \n时间：2023年11月15日 08:00 – 12:00  \n地点：上海市浦东新区某居民小区（坐标：31.2304°N, 121.5085°E）  \n任务优先级重要性：高  \n任务描述信息：负责居民小区内快递包裹的配送任务，确保快递及时送达，提高用户体验。",
                "similarity": 0.8360252957153695
            },
            {
                "content1_para": "无人机紧急快递投送任务执行\n执行时间\n：2023年11月16日 15:00 – 17:00\n执行地点\n：上海市徐汇区某医院（坐标：31.1976°N, 121.4992°E）\n执行者\n：\nUAV-06至UAV-10\n：负责紧急快递投送任务\n任务优先级\n：最高（紧急情况，需立即处理）\n重要性\n：极高（紧急药品的投送可能关乎生命）\n\n操作步骤\n：",
                "content1_msg": "无人机名字或代号：UAV-06、UAV-07、UAV-08、UAV-09、UAV-10  \n时间：2023年11月16日 15:00 – 17:00  \n地点：上海市徐汇区某医院（坐标：31.1976°N, 121.4992°E）  \n任务优先级重要性：最高（紧急情况，需立即处理）、极高（紧急药品的投送可能关乎生命）  \n任务描述信息：负责紧急快递投送任务（具体操作步骤未提及）",
                "similarity": 0.7195714828927899
            }
        ]
    },
    {
        "content2_para": "UAV-04:\n时间：2023年11月15日 08:00\n地点：上海市浦东新区某居民小区（坐标：31.2304°N, 121.5085°E）\n任务优先级：高\n重要性：高\n具体任务：检查电量≥90%，装载不超过10个快递包裹。",
        "matches": [
            {
                "content1_para": "无人机快递配送任务执行\n执行时间\n：2023年11月15日 08:00 – 12:00\n执行地点\n：上海市浦东新区某居民小区（坐标：31.2304°N, 121.5085°E）\n执行者\n：\nUAV-01至UAV-05\n：负责居民小区内快递包裹的配送任务\n任务优先级\n：高（确保快递及时送达，提高用户体验）\n重要性\n：高（快递配送是日常生活中的重要服务）\n\n操作步骤\n：",
                "content1_msg": "无人机名字或代号：UAV-01、UAV-02、UAV-03、UAV-04、UAV-05  \n时间：2023年11月15日 08:00 – 12:00  \n地点：上海市浦东新区某居民小区（坐标：31.2304°N, 121.5085°E）  \n任务优先级重要性：高  \n任务描述信息：负责居民小区内快递包裹的配送任务，确保快递及时送达，提高用户体验。",
                "similarity": 0.8358066062736886
            },
            {
                "content1_para": "无人机紧急快递投送任务执行\n执行时间\n：2023年11月16日 15:00 – 17:00\n执行地点\n：上海市徐汇区某医院（坐标：31.1976°N, 121.4992°E）\n执行者\n：\nUAV-06至UAV-10\n：负责紧急快递投送任务\n任务优先级\n：最高（紧急情况，需立即处理）\n重要性\n：极高（紧急药品的投送可能关乎生命）\n\n操作步骤\n：",
                "content1_msg": "无人机名字或代号：UAV-06、UAV-07、UAV-08、UAV-09、UAV-10  \n时间：2023年11月16日 15:00 – 17:00  \n地点：上海市徐汇区某医院（坐标：31.1976°N, 121.4992°E）  \n任务优先级重要性：最高（紧急情况，需立即处理）、极高（紧急药品的投送可能关乎生命）  \n任务描述信息：负责紧急快递投送任务（具体操作步骤未提及）",
                "similarity": 0.7193970797021771
            }
        ]
    },
    {
        "content2_para": "UAV-05:\n时间：2023年11月15日 08:00\n地点：上海市浦东新区某居民小区（坐标：31.2304°N, 121.5085°E）\n任务优先级：高\n重要性：高\n具体任务：检查电量≥90%，装载不超过10个快递包裹。",
        "matches": [
            {
                "content1_para": "无人机快递配送任务执行\n执行时间\n：2023年11月15日 08:00 – 12:00\n执行地点\n：上海市浦东新区某居民小区（坐标：31.2304°N, 121.5085°E）\n执行者\n：\nUAV-01至UAV-05\n：负责居民小区内快递包裹的配送任务\n任务优先级\n：高（确保快递及时送达，提高用户体验）\n重要性\n：高（快递配送是日常生活中的重要服务）\n\n操作步骤\n：",
                "content1_msg": "无人机名字或代号：UAV-01、UAV-02、UAV-03、UAV-04、UAV-05  \n时间：2023年11月15日 08:00 – 12:00  \n地点：上海市浦东新区某居民小区（坐标：31.2304°N, 121.5085°E）  \n任务优先级重要性：高  \n任务描述信息：负责居民小区内快递包裹的配送任务，确保快递及时送达，提高用户体验。",
                "similarity": 0.8501535021909981
            },
            {
                "content1_para": "无人机紧急快递投送任务执行\n执行时间\n：2023年11月16日 15:00 – 17:00\n执行地点\n：上海市徐汇区某医院（坐标：31.1976°N, 121.4992°E）\n执行者\n：\nUAV-06至UAV-10\n：负责紧急快递投送任务\n任务优先级\n：最高（紧急情况，需立即处理）\n重要性\n：极高（紧急药品的投送可能关乎生命）\n\n操作步骤\n：",
                "content1_msg": "无人机名字或代号：UAV-06、UAV-07、UAV-08、UAV-09、UAV-10  \n时间：2023年11月16日 15:00 – 17:00  \n地点：上海市徐汇区某医院（坐标：31.1976°N, 121.4992°E）  \n任务优先级重要性：最高（紧急情况，需立即处理）、极高（紧急药品的投送可能关乎生命）  \n任务描述信息：负责紧急快递投送任务（具体操作步骤未提及）",
                "similarity": 0.7223505628039923
            }
        ]
    },
    {
        "content2_para": "UAV-01至UAV-05:\n时间：2023年11月15日 08:30\n地点：上海市浦东新区某居民小区（坐标：31.2304°N, 121.5085°E）\n任务优先级：高\n重要性：高\n具体任务：起飞，GPS定位。",
        "matches": [
            {
                "content1_para": "无人机快递配送任务执行\n执行时间\n：2023年11月15日 08:00 – 12:00\n执行地点\n：上海市浦东新区某居民小区（坐标：31.2304°N, 121.5085°E）\n执行者\n：\nUAV-01至UAV-05\n：负责居民小区内快递包裹的配送任务\n任务优先级\n：高（确保快递及时送达，提高用户体验）\n重要性\n：高（快递配送是日常生活中的重要服务）\n\n操作步骤\n：",
                "content1_msg": "无人机名字或代号：UAV-01、UAV-02、UAV-03、UAV-04、UAV-05  \n时间：2023年11月15日 08:00 – 12:00  \n地点：上海市浦东新区某居民小区（坐标：31.2304°N, 121.5085°E）  \n任务优先级重要性：高  \n任务描述信息：负责居民小区内快递包裹的配送任务，确保快递及时送达，提高用户体验。",
                "similarity": 0.8423252666262917
            },
            {
                "content1_para": "无人机紧急快递投送任务执行\n执行时间\n：2023年11月16日 15:00 – 17:00\n执行地点\n：上海市徐汇区某医院（坐标：31.1976°N, 121.4992°E）\n执行者\n：\nUAV-06至UAV-10\n：负责紧急快递投送任务\n任务优先级\n：最高（紧急情况，需立即处理）\n重要性\n：极高（紧急药品的投送可能关乎生命）\n\n操作步骤\n：",
                "content1_msg": "无人机名字或代号：UAV-06、UAV-07、UAV-08、UAV-09、UAV-10  \n时间：2023年11月16日 15:00 – 17:00  \n地点：上海市徐汇区某医院（坐标：31.1976°N, 121.4992°E）  \n任务优先级重要性：最高（紧急情况，需立即处理）、极高（紧急药品的投送可能关乎生命）  \n任务描述信息：负责紧急快递投送任务（具体操作步骤未提及）",
                "similarity": 0.7154778640997957
            }
        ]
    },
    {
        "content2_para": "UAV-01至UAV-05:\n时间：2023年11月15日 08:45\n地点：上海市浦东新区某居民小区（坐标：31.2304°N, 121.5085°E）\n任务优先级：高\n重要性：高\n具体任务：规划配送路径。",
        "matches": [
            {
                "content1_para": "无人机快递配送任务执行\n执行时间\n：2023年11月15日 08:00 – 12:00\n执行地点\n：上海市浦东新区某居民小区（坐标：31.2304°N, 121.5085°E）\n执行者\n：\nUAV-01至UAV-05\n：负责居民小区内快递包裹的配送任务\n任务优先级\n：高（确保快递及时送达，提高用户体验）\n重要性\n：高（快递配送是日常生活中的重要服务）\n\n操作步骤\n：",
                "content1_msg": "无人机名字或代号：UAV-01、UAV-02、UAV-03、UAV-04、UAV-05  \n时间：2023年11月15日 08:00 – 12:00  \n地点：上海市浦东新区某居民小区（坐标：31.2304°N, 121.5085°E）  \n任务优先级重要性：高  \n任务描述信息：负责居民小区内快递包裹的配送任务，确保快递及时送达，提高用户体验。",
                "similarity": 0.8503303842100509
            },
            {
                "content1_para": "无人机紧急快递投送任务执行\n执行时间\n：2023年11月16日 15:00 – 17:00\n执行地点\n：上海市徐汇区某医院（坐标：31.1976°N, 121.4992°E）\n执行者\n：\nUAV-06至UAV-10\n：负责紧急快递投送任务\n任务优先级\n：最高（紧急情况，需立即处理）\n重要性\n：极高（紧急药品的投送可能关乎生命）\n\n操作步骤\n：",
                "content1_msg": "无人机名字或代号：UAV-06、UAV-07、UAV-08、UAV-09、UAV-10  \n时间：2023年11月16日 15:00 – 17:00  \n地点：上海市徐汇区某医院（坐标：31.1976°N, 121.4992°E）  \n任务优先级重要性：最高（紧急情况，需立即处理）、极高（紧急药品的投送可能关乎生命）  \n任务描述信息：负责紧急快递投送任务（具体操作步骤未提及）",
                "similarity": 0.7133495088856068
            }
        ]
    },
    {
        "content2_para": "UAV-01至UAV-05:\n时间：2023年11月15日 09:00\n地点：上海市浦东新区某居民小区（坐标：31.2304°N, 121.5085°E）\n任务优先级：高\n重要性：高\n具体任务：执行配送任务。",
        "matches": [
            {
                "content1_para": "无人机快递配送任务执行\n执行时间\n：2023年11月15日 08:00 – 12:00\n执行地点\n：上海市浦东新区某居民小区（坐标：31.2304°N, 121.5085°E）\n执行者\n：\nUAV-01至UAV-05\n：负责居民小区内快递包裹的配送任务\n任务优先级\n：高（确保快递及时送达，提高用户体验）\n重要性\n：高（快递配送是日常生活中的重要服务）\n\n操作步骤\n：",
                "content1_msg": "无人机名字或代号：UAV-01、UAV-02、UAV-03、UAV-04、UAV-05  \n时间：2023年11月15日 08:00 – 12:00  \n地点：上海市浦东新区某居民小区（坐标：31.2304°N, 121.5085°E）  \n任务优先级重要性：高  \n任务描述信息：负责居民小区内快递包裹的配送任务，确保快递及时送达，提高用户体验。",
                "similarity": 0.8548897868401468
            },
            {
                "content1_para": "无人机紧急快递投送任务执行\n执行时间\n：2023年11月16日 15:00 – 17:00\n执行地点\n：上海市徐汇区某医院（坐标：31.1976°N, 121.4992°E）\n执行者\n：\nUAV-06至UAV-10\n：负责紧急快递投送任务\n任务优先级\n：最高（紧急情况，需立即处理）\n重要性\n：极高（紧急药品的投送可能关乎生命）\n\n操作步骤\n：",
                "content1_msg": "无人机名字或代号：UAV-06、UAV-07、UAV-08、UAV-09、UAV-10  \n时间：2023年11月16日 15:00 – 17:00  \n地点：上海市徐汇区某医院（坐标：31.1976°N, 121.4992°E）  \n任务优先级重要性：最高（紧急情况，需立即处理）、极高（紧急药品的投送可能关乎生命）  \n任务描述信息：负责紧急快递投送任务（具体操作步骤未提及）",
                "similarity": 0.7263331773051762
            }
        ]
    },
    {
        "content2_para": "UAV-01至UAV-05:\n时间：2023年11月15日 11:00\n地点：上海市浦东新区某居民小区（坐标：31.2304°N, 121.5085°E）\n任务优先级：高\n重要性：高\n具体任务：返回充电点，补充电量。",
        "matches": [
            {
                "content1_para": "无人机快递配送任务执行\n执行时间\n：2023年11月15日 08:00 – 12:00\n执行地点\n：上海市浦东新区某居民小区（坐标：31.2304°N, 121.5085°E）\n执行者\n：\nUAV-01至UAV-05\n：负责居民小区内快递包裹的配送任务\n任务优先级\n：高（确保快递及时送达，提高用户体验）\n重要性\n：高（快递配送是日常生活中的重要服务）\n\n操作步骤\n：",
                "content1_msg": "无人机名字或代号：UAV-01、UAV-02、UAV-03、UAV-04、UAV-05  \n时间：2023年11月15日 08:00 – 12:00  \n地点：上海市浦东新区某居民小区（坐标：31.2304°N, 121.5085°E）  \n任务优先级重要性：高  \n任务描述信息：负责居民小区内快递包裹的配送任务，确保快递及时送达，提高用户体验。",
                "similarity": 0.8388538589372603
            },
            {
                "content1_para": "无人机紧急快递投送任务执行\n执行时间\n：2023年11月16日 15:00 – 17:00\n执行地点\n：上海市徐汇区某医院（坐标：31.1976°N, 121.4992°E）\n执行者\n：\nUAV-06至UAV-10\n：负责紧急快递投送任务\n任务优先级\n：最高（紧急情况，需立即处理）\n重要性\n：极高（紧急药品的投送可能关乎生命）\n\n操作步骤\n：",
                "content1_msg": "无人机名字或代号：UAV-06、UAV-07、UAV-08、UAV-09、UAV-10  \n时间：2023年11月16日 15:00 – 17:00  \n地点：上海市徐汇区某医院（坐标：31.1976°N, 121.4992°E）  \n任务优先级重要性：最高（紧急情况，需立即处理）、极高（紧急药品的投送可能关乎生命）  \n任务描述信息：负责紧急快递投送任务（具体操作步骤未提及）",
                "similarity": 0.7115373050490866
            }
        ]
    },
    {
        "content2_para": "UAV-06:\n时间：2023年11月16日 15:00\n地点：上海市徐汇区某医院（坐标：31.1976°N, 121.4992°E）\n任务优先级：最高\n重要性：极高\n具体任务：检查电量≥95%，装载不超过5箱紧急药品。",
        "matches": [
            {
                "content1_para": "无人机紧急快递投送任务执行\n执行时间\n：2023年11月16日 15:00 – 17:00\n执行地点\n：上海市徐汇区某医院（坐标：31.1976°N, 121.4992°E）\n执行者\n：\nUAV-06至UAV-10\n：负责紧急快递投送任务\n任务优先级\n：最高（紧急情况，需立即处理）\n重要性\n：极高（紧急药品的投送可能关乎生命）\n\n操作步骤\n：",
                "content1_msg": "无人机名字或代号：UAV-06、UAV-07、UAV-08、UAV-09、UAV-10  \n时间：2023年11月16日 15:00 – 17:00  \n地点：上海市徐汇区某医院（坐标：31.1976°N, 121.4992°E）  \n任务优先级重要性：最高（紧急情况，需立即处理）、极高（紧急药品的投送可能关乎生命）  \n任务描述信息：负责紧急快递投送任务（具体操作步骤未提及）",
                "similarity": 0.8478782487923576
            },
            {
                "content1_para": "无人机快递配送任务执行\n执行时间\n：2023年11月15日 08:00 – 12:00\n执行地点\n：上海市浦东新区某居民小区（坐标：31.2304°N, 121.5085°E）\n执行者\n：\nUAV-01至UAV-05\n：负责居民小区内快递包裹的配送任务\n任务优先级\n：高（确保快递及时送达，提高用户体验）\n重要性\n：高（快递配送是日常生活中的重要服务）\n\n操作步骤\n：",
                "content1_msg": "无人机名字或代号：UAV-01、UAV-02、UAV-03、UAV-04、UAV-05  \n时间：2023年11月15日 08:00 – 12:00  \n地点：上海市浦东新区某居民小区（坐标：31.2304°N, 121.5085°E）  \n任务优先级重要性：高  \n任务描述信息：负责居民小区内快递包裹的配送任务，确保快递及时送达，提高用户体验。",
                "similarity": 0.7098673160339992
            }
        ]
    },
    {
        "content2_para": "UAV-07:\n时间：2023年11月16日 15:00\n地点：上海市徐汇区某医院（坐标：31.1976°N, 121.4992°E）\n任务优先级：最高\n重要性：极高\n具体任务：检查电量≥95%，装载不超过5箱紧急药品。",
        "matches": [
            {
                "content1_para": "无人机紧急快递投送任务执行\n执行时间\n：2023年11月16日 15:00 – 17:00\n执行地点\n：上海市徐汇区某医院（坐标：31.1976°N, 121.4992°E）\n执行者\n：\nUAV-06至UAV-10\n：负责紧急快递投送任务\n任务优先级\n：最高（紧急情况，需立即处理）\n重要性\n：极高（紧急药品的投送可能关乎生命）\n\n操作步骤\n：",
                "content1_msg": "无人机名字或代号：UAV-06、UAV-07、UAV-08、UAV-09、UAV-10  \n时间：2023年11月16日 15:00 – 17:00  \n地点：上海市徐汇区某医院（坐标：31.1976°N, 121.4992°E）  \n任务优先级重要性：最高（紧急情况，需立即处理）、极高（紧急药品的投送可能关乎生命）  \n任务描述信息：负责紧急快递投送任务（具体操作步骤未提及）",
                "similarity": 0.8478779507691337
            },
            {
                "content1_para": "无人机快递配送任务执行\n执行时间\n：2023年11月15日 08:00 – 12:00\n执行地点\n：上海市浦东新区某居民小区（坐标：31.2304°N, 121.5085°E）\n执行者\n：\nUAV-01至UAV-05\n：负责居民小区内快递包裹的配送任务\n任务优先级\n：高（确保快递及时送达，提高用户体验）\n重要性\n：高（快递配送是日常生活中的重要服务）\n\n操作步骤\n：",
                "content1_msg": "无人机名字或代号：UAV-01、UAV-02、UAV-03、UAV-04、UAV-05  \n时间：2023年11月15日 08:00 – 12:00  \n地点：上海市浦东新区某居民小区（坐标：31.2304°N, 121.5085°E）  \n任务优先级重要性：高  \n任务描述信息：负责居民小区内快递包裹的配送任务，确保快递及时送达，提高用户体验。",
                "similarity": 0.7098672564293544
            }
        ]
    },
    {
        "content2_para": "UAV-08:\n时间：2023年11月16日 15:00\n地点：上海市徐汇区某医院（坐标：31.1976°N, 121.4992°E）\n任务优先级：最高\n重要性：极高\n具体任务：检查电量≥95%，装载不超过5箱紧急药品。",
        "matches": [
            {
                "content1_para": "无人机紧急快递投送任务执行\n执行时间\n：2023年11月16日 15:00 – 17:00\n执行地点\n：上海市徐汇区某医院（坐标：31.1976°N, 121.4992°E）\n执行者\n：\nUAV-06至UAV-10\n：负责紧急快递投送任务\n任务优先级\n：最高（紧急情况，需立即处理）\n重要性\n：极高（紧急药品的投送可能关乎生命）\n\n操作步骤\n：",
                "content1_msg": "无人机名字或代号：UAV-06、UAV-07、UAV-08、UAV-09、UAV-10  \n时间：2023年11月16日 15:00 – 17:00  \n地点：上海市徐汇区某医院（坐标：31.1976°N, 121.4992°E）  \n任务优先级重要性：最高（紧急情况，需立即处理）、极高（紧急药品的投送可能关乎生命）  \n任务描述信息：负责紧急快递投送任务（具体操作步骤未提及）",
                "similarity": 0.8545740935784472
            },
            {
                "content1_para": "无人机快递配送任务执行\n执行时间\n：2023年11月15日 08:00 – 12:00\n执行地点\n：上海市浦东新区某居民小区（坐标：31.2304°N, 121.5085°E）\n执行者\n：\nUAV-01至UAV-05\n：负责居民小区内快递包裹的配送任务\n任务优先级\n：高（确保快递及时送达，提高用户体验）\n重要性\n：高（快递配送是日常生活中的重要服务）\n\n操作步骤\n：",
                "content1_msg": "无人机名字或代号：UAV-01、UAV-02、UAV-03、UAV-04、UAV-05  \n时间：2023年11月15日 08:00 – 12:00  \n地点：上海市浦东新区某居民小区（坐标：31.2304°N, 121.5085°E）  \n任务优先级重要性：高  \n任务描述信息：负责居民小区内快递包裹的配送任务，确保快递及时送达，提高用户体验。",
                "similarity": 0.7198250623762189
            }
        ]
    },
    {
        "content2_para": "UAV-09:\n时间：2023年11月16日 15:00\n地点：上海市徐汇区某医院（坐标：31.1976°N, 121.4992°E）\n任务优先级：最高\n重要性：极高\n具体任务：检查电量≥95%，装载不超过5箱紧急药品。",
        "matches": [
            {
                "content1_para": "无人机紧急快递投送任务执行\n执行时间\n：2023年11月16日 15:00 – 17:00\n执行地点\n：上海市徐汇区某医院（坐标：31.1976°N, 121.4992°E）\n执行者\n：\nUAV-06至UAV-10\n：负责紧急快递投送任务\n任务优先级\n：最高（紧急情况，需立即处理）\n重要性\n：极高（紧急药品的投送可能关乎生命）\n\n操作步骤\n：",
                "content1_msg": "无人机名字或代号：UAV-06、UAV-07、UAV-08、UAV-09、UAV-10  \n时间：2023年11月16日 15:00 – 17:00  \n地点：上海市徐汇区某医院（坐标：31.1976°N, 121.4992°E）  \n任务优先级重要性：最高（紧急情况，需立即处理）、极高（紧急药品的投送可能关乎生命）  \n任务描述信息：负责紧急快递投送任务（具体操作步骤未提及）",
                "similarity": 0.8513773735743395
            },
            {
                "content1_para": "无人机快递配送任务执行\n执行时间\n：2023年11月15日 08:00 – 12:00\n执行地点\n：上海市浦东新区某居民小区（坐标：31.2304°N, 121.5085°E）\n执行者\n：\nUAV-01至UAV-05\n：负责居民小区内快递包裹的配送任务\n任务优先级\n：高（确保快递及时送达，提高用户体验）\n重要性\n：高（快递配送是日常生活中的重要服务）\n\n操作步骤\n：",
                "content1_msg": "无人机名字或代号：UAV-01、UAV-02、UAV-03、UAV-04、UAV-05  \n时间：2023年11月15日 08:00 – 12:00  \n地点：上海市浦东新区某居民小区（坐标：31.2304°N, 121.5085°E）  \n任务优先级重要性：高  \n任务描述信息：负责居民小区内快递包裹的配送任务，确保快递及时送达，提高用户体验。",
                "similarity": 0.7111072029625347
            }
        ]
    },
    {
        "content2_para": "UAV-10:\n时间：2023年11月16日 15:00\n地点：上海市徐汇区某医院（坐标：31.1976°N, 121.4992°E）\n任务优先级：最高\n重要性：极高\n具体任务：检查电量≥95%，装载不超过5箱紧急药品。",
        "matches": [
            {
                "content1_para": "无人机紧急快递投送任务执行\n执行时间\n：2023年11月16日 15:00 – 17:00\n执行地点\n：上海市徐汇区某医院（坐标：31.1976°N, 121.4992°E）\n执行者\n：\nUAV-06至UAV-10\n：负责紧急快递投送任务\n任务优先级\n：最高（紧急情况，需立即处理）\n重要性\n：极高（紧急药品的投送可能关乎生命）\n\n操作步骤\n：",
                "content1_msg": "无人机名字或代号：UAV-06、UAV-07、UAV-08、UAV-09、UAV-10  \n时间：2023年11月16日 15:00 – 17:00  \n地点：上海市徐汇区某医院（坐标：31.1976°N, 121.4992°E）  \n任务优先级重要性：最高（紧急情况，需立即处理）、极高（紧急药品的投送可能关乎生命）  \n任务描述信息：负责紧急快递投送任务（具体操作步骤未提及）",
                "similarity": 0.8617824357872738
            },
            {
                "content1_para": "无人机快递配送任务执行\n执行时间\n：2023年11月15日 08:00 – 12:00\n执行地点\n：上海市浦东新区某居民小区（坐标：31.2304°N, 121.5085°E）\n执行者\n：\nUAV-01至UAV-05\n：负责居民小区内快递包裹的配送任务\n任务优先级\n：高（确保快递及时送达，提高用户体验）\n重要性\n：高（快递配送是日常生活中的重要服务）\n\n操作步骤\n：",
                "content1_msg": "无人机名字或代号：UAV-01、UAV-02、UAV-03、UAV-04、UAV-05  \n时间：2023年11月15日 08:00 – 12:00  \n地点：上海市浦东新区某居民小区（坐标：31.2304°N, 121.5085°E）  \n任务优先级重要性：高  \n任务描述信息：负责居民小区内快递包裹的配送任务，确保快递及时送达，提高用户体验。",
                "similarity": 0.713536070643109
            }
        ]
    },
    {
        "content2_para": "UAV-06至UAV-10:\n时间：2023年11月16日 15:15\n地点：上海市徐汇区某医院（坐标：31.1976°N, 121.4992°E）\n任务优先级：最高\n重要性：极高\n具体任务：起飞，GPS定位。",
        "matches": [
            {
                "content1_para": "无人机紧急快递投送任务执行\n执行时间\n：2023年11月16日 15:00 – 17:00\n执行地点\n：上海市徐汇区某医院（坐标：31.1976°N, 121.4992°E）\n执行者\n：\nUAV-06至UAV-10\n：负责紧急快递投送任务\n任务优先级\n：最高（紧急情况，需立即处理）\n重要性\n：极高（紧急药品的投送可能关乎生命）\n\n操作步骤\n：",
                "content1_msg": "无人机名字或代号：UAV-06、UAV-07、UAV-08、UAV-09、UAV-10  \n时间：2023年11月16日 15:00 – 17:00  \n地点：上海市徐汇区某医院（坐标：31.1976°N, 121.4992°E）  \n任务优先级重要性：最高（紧急情况，需立即处理）、极高（紧急药品的投送可能关乎生命）  \n任务描述信息：负责紧急快递投送任务（具体操作步骤未提及）",
                "similarity": 0.8657657747167067
            },
            {
                "content1_para": "起飞与定位（15:15 – 15:30）\n   - UAV-06至UAV-10\n     从装载点起飞，通过GPS定位系统确认无人机所在位置。",
                "content1_msg": "无人机名字或代号：UAV-06、UAV-07、UAV-08、UAV-09、UAV-10  \n时间：15:15 – 15:30  \n地点：装载点  \n任务优先级重要性：未提及  \n任务描述信息：从装载点起飞，通过GPS定位系统确认无人机所在位置。",
                "similarity": 0.7093863835813017
            }
        ]
    },
    {
        "content2_para": "UAV-06至UAV-10:\n时间：2023年11月16日 15:30\n地点：上海市徐汇区某医院（坐标：31.1976°N, 121.4992°E）\n任务优先级：最高\n重要性：极高\n具体任务：规划投送路径。",
        "matches": [
            {
                "content1_para": "无人机紧急快递投送任务执行\n执行时间\n：2023年11月16日 15:00 – 17:00\n执行地点\n：上海市徐汇区某医院（坐标：31.1976°N, 121.4992°E）\n执行者\n：\nUAV-06至UAV-10\n：负责紧急快递投送任务\n任务优先级\n：最高（紧急情况，需立即处理）\n重要性\n：极高（紧急药品的投送可能关乎生命）\n\n操作步骤\n：",
                "content1_msg": "无人机名字或代号：UAV-06、UAV-07、UAV-08、UAV-09、UAV-10  \n时间：2023年11月16日 15:00 – 17:00  \n地点：上海市徐汇区某医院（坐标：31.1976°N, 121.4992°E）  \n任务优先级重要性：最高（紧急情况，需立即处理）、极高（紧急药品的投送可能关乎生命）  \n任务描述信息：负责紧急快递投送任务（具体操作步骤未提及）",
                "similarity": 0.8650276897885854
            },
            {
                "content1_para": "无人机快递配送任务执行\n执行时间\n：2023年11月15日 08:00 – 12:00\n执行地点\n：上海市浦东新区某居民小区（坐标：31.2304°N, 121.5085°E）\n执行者\n：\nUAV-01至UAV-05\n：负责居民小区内快递包裹的配送任务\n任务优先级\n：高（确保快递及时送达，提高用户体验）\n重要性\n：高（快递配送是日常生活中的重要服务）\n\n操作步骤\n：",
                "content1_msg": "无人机名字或代号：UAV-01、UAV-02、UAV-03、UAV-04、UAV-05  \n时间：2023年11月15日 08:00 – 12:00  \n地点：上海市浦东新区某居民小区（坐标：31.2304°N, 121.5085°E）  \n任务优先级重要性：高  \n任务描述信息：负责居民小区内快递包裹的配送任务，确保快递及时送达，提高用户体验。",
                "similarity": 0.711679810670448
            }
        ]
    },
    {
        "content2_para": "UAV-06至UAV-10:\n时间：2023年11月16日 15:45\n地点：上海市徐汇区某医院（坐标：31.1976°N, 121.4992°E）\n任务优先级：最高\n重要性：极高\n具体任务：执行紧急药品投送。",
        "matches": [
            {
                "content1_para": "无人机紧急快递投送任务执行\n执行时间\n：2023年11月16日 15:00 – 17:00\n执行地点\n：上海市徐汇区某医院（坐标：31.1976°N, 121.4992°E）\n执行者\n：\nUAV-06至UAV-10\n：负责紧急快递投送任务\n任务优先级\n：最高（紧急情况，需立即处理）\n重要性\n：极高（紧急药品的投送可能关乎生命）\n\n操作步骤\n：",
                "content1_msg": "无人机名字或代号：UAV-06、UAV-07、UAV-08、UAV-09、UAV-10  \n时间：2023年11月16日 15:00 – 17:00  \n地点：上海市徐汇区某医院（坐标：31.1976°N, 121.4992°E）  \n任务优先级重要性：最高（紧急情况，需立即处理）、极高（紧急药品的投送可能关乎生命）  \n任务描述信息：负责紧急快递投送任务（具体操作步骤未提及）",
                "similarity": 0.8674018515428906
            },
            {
                "content1_para": "无人机快递配送任务执行\n执行时间\n：2023年11月15日 08:00 – 12:00\n执行地点\n：上海市浦东新区某居民小区（坐标：31.2304°N, 121.5085°E）\n执行者\n：\nUAV-01至UAV-05\n：负责居民小区内快递包裹的配送任务\n任务优先级\n：高（确保快递及时送达，提高用户体验）\n重要性\n：高（快递配送是日常生活中的重要服务）\n\n操作步骤\n：",
                "content1_msg": "无人机名字或代号：UAV-01、UAV-02、UAV-03、UAV-04、UAV-05  \n时间：2023年11月15日 08:00 – 12:00  \n地点：上海市浦东新区某居民小区（坐标：31.2304°N, 121.5085°E）  \n任务优先级重要性：高  \n任务描述信息：负责居民小区内快递包裹的配送任务，确保快递及时送达，提高用户体验。",
                "similarity": 0.7097674297608157
            }
        ]
    },
    {
        "content2_para": "UAV-06至UAV-10:\n时间：2023年11月16日 16:30\n地点：上海市徐汇区某医院（坐标：31.1976°N, 121.4992°E）\n任务优先级：最高\n重要性：极高\n具体任务：返回充电点，补充电量。",
        "matches": [
            {
                "content1_para": "无人机紧急快递投送任务执行\n执行时间\n：2023年11月16日 15:00 – 17:00\n执行地点\n：上海市徐汇区某医院（坐标：31.1976°N, 121.4992°E）\n执行者\n：\nUAV-06至UAV-10\n：负责紧急快递投送任务\n任务优先级\n：最高（紧急情况，需立即处理）\n重要性\n：极高（紧急药品的投送可能关乎生命）\n\n操作步骤\n：",
                "content1_msg": "无人机名字或代号：UAV-06、UAV-07、UAV-08、UAV-09、UAV-10  \n时间：2023年11月16日 15:00 – 17:00  \n地点：上海市徐汇区某医院（坐标：31.1976°N, 121.4992°E）  \n任务优先级重要性：最高（紧急情况，需立即处理）、极高（紧急药品的投送可能关乎生命）  \n任务描述信息：负责紧急快递投送任务（具体操作步骤未提及）",
                "similarity": 0.842662026411114
            },
            {
                "content1_para": "无人机快递配送任务执行\n执行时间\n：2023年11月15日 08:00 – 12:00\n执行地点\n：上海市浦东新区某居民小区（坐标：31.2304°N, 121.5085°E）\n执行者\n：\nUAV-01至UAV-05\n：负责居民小区内快递包裹的配送任务\n任务优先级\n：高（确保快递及时送达，提高用户体验）\n重要性\n：高（快递配送是日常生活中的重要服务）\n\n操作步骤\n：",
                "content1_msg": "无人机名字或代号：UAV-01、UAV-02、UAV-03、UAV-04、UAV-05  \n时间：2023年11月15日 08:00 – 12:00  \n地点：上海市浦东新区某居民小区（坐标：31.2304°N, 121.5085°E）  \n任务优先级重要性：高  \n任务描述信息：负责居民小区内快递包裹的配送任务，确保快递及时送达，提高用户体验。",
                "similarity": 0.7041746226767654
            }
        ]
    }
]