[
    {
        "paragraph": "无人机集群快递配送任务\n执行时间\n：2023年10月15日 09:00 – 12:00\n执行地点\n：上海市浦东新区\n执行者\n：\nUAV-01\n：负责配送A区至B区的快递\nUAV-02\n：负责配送B区至C区的快递\nUAV-03\n：备用无人机，负责接替任务或紧急情况下的配送\nUAV-04\n：负责配送C区至D区的快递\n任务优先级\n：高（确保快递按时送达，提高配送效率）\n任务重要性\n：重要（保证快递服务的连续性和客户满意度）\n操作步骤\n：\n无人机起飞与航线规划（2023年10月15日 09:00）\nUAV-01\n起飞，从浦东新区快递分拨中心（坐标：31.2304°N, 121.5044°E）起飞，前往A区（坐标：31.2461°N, 121.5044°E）。\nUAV-02\n起飞，从浦东新区快递分拨中心起飞，前往B区（坐标：31.2275°N, 121.5183°E）。\nUAV-03\n待命，准备随时接替任务或处理紧急情况。\nUAV-04\n起飞，从浦东新区快递分拨中心起飞，前往C区（坐标：31.2275°N, 121.5231°E）。\n\n航线执行与快递投递（2023年10月15日 09:10 – 09:50）\nUAV-0",
        "key_message": "无人机名字或代号：UAV-01、UAV-02、UAV-03、UAV-04  \n时间：2023年10月15日 09:00 – 12:00、2023年10月15日 09:00、2023年10月15日 09:10 – 09:50  \n地点：上海市浦东新区、浦东新区快递分拨中心（坐标：31.2304°N, 121.5044°E）、A区（坐标：31.2461°N, 121.5044°E）、B区（坐标：31.2275°N, 121.5183°E）、C区（坐标：31.2275°N, 121.5231°E）  \n任务优先级重要性：高、重要  \n任务描述信息：负责配送A区至B区的快递、负责配送B区至C区的快递、备用无人机，负责接替任务或紧急情况下的配送、负责配送C区至D区的快递、无人机起飞与航线规划、UAV-01从浦东新区快递分拨中心起飞前往A区、UAV-02从浦东新区快递分拨中心起飞前往B区、UAV-03待命准备随时接替任务或处理紧急情况、UAV-04从浦东新区快递分拨中心起飞前往C区、航线执行与快递投递"
    },
    {
        "paragraph": "2023年10月15日 09:10 – 09:50）\nUAV-01\n沿规划航线前往A区，飞行高度为100米，速度为30 km/h。\n到达A区后，通过GPS定位系统精确找到收件地址，进行快递投递。\nUAV-02\n沿规划航线前往B区，飞行高度为100米，速度为30 km/h。\n到达B区后，通过GPS定位系统精确找到收件地址，进行快递投递。\nUAV-03\n继续待命，监控其他无人机任务执行情况。\nUAV-04\n沿规划航线前往C区，飞行高度为100米，速度为30 km/h。\n到达C区后，通过GPS定位系统精确找到收件地址，进行快递投递。\n\n返航与任务总结（2023年10月15日 09:50 – 10:00）\nUAV-01\n完成A区快递投递后，返回浦东新区快递分拨中心。\nUAV-02\n完成B区快递投递后，返回浦东新区快递分拨中心。\nUAV-03\n监控其他无人机任务执行情况，必要时提供支持。\nUAV-04\n完成C区快递投递后，返回浦东新区快递分拨中心。\n\n————————————————————————————————————————————————————————————————————————————————-",
        "key_message": "无人机名字或代号：UAV-01、UAV-02、UAV-03、UAV-04  \n时间：2023年10月15日 09:10 – 09:50、2023年10月15日 09:50 – 10:00  \n地点：A区、B区、C区、浦东新区快递分拨中心  \n任务优先级重要性：未提及  \n任务描述信息：  \n- UAV-01：沿规划航线前往A区，飞行高度为100米，速度为30 km/h；到达A区后，通过GPS定位系统精确找到收件地址，进行快递投递；完成A区快递投递后，返回浦东新区快递分拨中心。  \n- UAV-02：沿规划航线前往B区，飞行高度为100米，速度为30 km/h；到达B区后，通过GPS定位系统精确找到收件地址，进行快递投递；完成B区快递投递后，返回浦东新区快递分拨中心。  \n- UAV-03：继续待命，监控其他无人机任务执行情况，必要时提供支持。  \n- UAV-04：沿规划航线前往C区，飞行高度为100米，速度为30 km/h；到达C区后，通过GPS定位系统精确找到收件地址，进行快递投递；完成C区快递投递后，返回浦东新区快递分拨中心。"
    },
    {
        "paragraph": "无人机集群紧急快递投递任务\n执行时间\n：2023年10月15日 13:00 – 15:00\n执行地点\n：上海市徐汇区\n执行者\n：\nUAV-05\n：负责紧急快递从D区至E区的投递\nUAV-06\n：备用无人机，负责接替任务或紧急情况下的配送\nUAV-07\n：负责紧急快递从E区至F区的投递\n任务优先级\n：极高（确保紧急快递及时送达，保障客户需求）\n任务重要性\n：紧急（满足客户紧急需求，提高企业形象）\n操作步骤\n：\n无人机起飞与航线规划（2023年10月15日 13:00）\nUAV-05\n起飞，从浦东新区快递分拨中心起飞，前往D区（坐标：31.2304°N, 121.5044°E）。\nUAV-06\n待命，准备随时接替任务或处理紧急情况。\nUAV-07\n起飞，从浦东新区快递分拨中心起飞，前往E区（坐标：31.2333°N, 121.5214°E）。\n\n航线执行与紧急快递投递（2023年10月15日 13:10 – 14:00）\nUAV-05\n沿规划航线前往D区，飞行高度为100米，速度为40 km/h。\n到达D区后，通过GPS定位系统精确找到收件地址，进行紧急快递投递。\nUAV-06\n继续待命，监控其他无人机任务执行情",
        "key_message": "无人机名字或代号：UAV-05、UAV-06、UAV-07  \n时间：2023年10月15日 13:00 – 15:00、2023年10月15日 13:00、2023年10月15日 13:10 – 14:00  \n地点：上海市徐汇区、浦东新区快递分拨中心（坐标：31.2304°N, 121.5044°E）、D区（坐标：31.2304°N, 121.5044°E）、E区（坐标：31.2333°N, 121.5214°E）  \n任务优先级重要性：极高、紧急  \n任务描述信息：  \n- UAV-05负责紧急快递从D区至E区的投递  \n- UAV-06备用无人机，负责接替任务或紧急情况下的配送  \n- UAV-07负责紧急快递从E区至F区的投递  \n- UAV-05起飞，从浦东新区快递分拨中心起飞，前往D区  \n- UAV-06待命，准备随时接替任务或处理紧急情况  \n- UAV-07起飞，从浦东新区快递分拨中心起飞，前往E区  \n- UAV-05沿规划航线前往D区，飞行高度为100米，速度为40 km/h，到达D区后通过GPS定位系统精确找到收件地址进行紧急快递投递  \n- UAV-06继续待命，监控其他无人机任务执行情"
    },
    {
        "paragraph": "紧急快递投递。\nUAV-06\n继续待命，监控其他无人机任务执行情况。\nUAV-07\n沿规划航线前往E区，飞行高度为100米，速度为40 km/h。\n到达E区后，通过GPS定位系统精确找到收件地址，进行紧急快递投递。\n\n返航与任务总结（2023年10月15日 14:00 – 15:00）\nUAV-05\n完成D区紧急快递投递后，返回浦东新区快递分拨中心。\nUAV-06\n监控其他无人机任务执行情况，必要时提供支持。\nUAV-07\n完成E区紧急快递投递后，返回浦东新区快递分拨中心。",
        "key_message": "无人机名字或代号：UAV-06、UAV-07、UAV-05  \n时间：2023年10月15日 14:00 – 15:00  \n地点：E区、D区、浦东新区快递分拨中心  \n任务优先级重要性：紧急  \n任务描述信息：继续待命，监控其他无人机任务执行情况；沿规划航线前往E区，飞行高度为100米，速度为40 km/h，通过GPS定位系统精确找到收件地址，进行紧急快递投递；完成D区紧急快递投递后，返回浦东新区快递分拨中心；必要时提供支持；完成E区紧急快递投递后，返回浦东新区快递分拨中心。"
    }
]